{
"type": "FeatureCollection",
"name": "traffic_light_box",
"crs": { "type": "name", "properties": { "name": "urn:ogc:def:crs:OGC:1.3:CRS84" } },
"features": [
{"type":"Feature","properties":{"id":"7000000","creator":null,"orientation":"vertical","number_of_bulb":"4","function":null,"lane_id":null,"width":62.16,"height":163.53,"ground_height":null,"traffic_light_pole_id":null,"att_editor":null},"geometry":{"type":"Polygon","coordinates":[[[-112.313975404850879,33.754039636502924,411.618888543600349],[-112.31397280014194,33.754044802493148,411.618888543600349],[-112.31397280014194,33.754044802493148,409.983546886047691],[-112.313975404850879,33.754039636502924,409.983546886047691],[-112.313975404850879,33.754039636502924,411.618888543600349]]]}},
{"type":"Feature","properties":{"id":"7000002","creator":null,"orientation":"vertical","number_of_bulb":"3","function":null,"lane_id":null,"width":57.94,"height":123.71,"ground_height":null,"traffic_light_pole_id":null,"att_editor":null},"geometry":{"type":"Polygon","coordinates":[[[-112.313940669183111,33.754108528646036,410.893526264336515],[-112.313938241489481,33.754113343548909,410.893526264336515],[-112.313938241489481,33.754113343548909,409.656459696815091],[-112.313940669183111,33.754108528646036,409.656459696815091],[-112.313940669183111,33.754108528646036,410.893526264336515]]]}},
{"type":"Feature","properties":{"id":"7000004","creator":null,"orientation":"vertical","number_of_bulb":"3","function":null,"lane_id":null,"width":50.69,"height":118.28,"ground_height":null,"traffic_light_pole_id":null,"att_editor":null},"geometry":{"type":"Polygon","coordinates":[[[-112.313925243208615,33.754139123340622,410.546544178324439],[-112.313923118975239,33.754143336380402,410.546544178324439],[-112.313923118975239,33.754143336380402,409.363787850352765],[-112.313925243208615,33.754139123340622,409.363787850352765],[-112.313925243208615,33.754139123340622,410.546544178324439]]]}},
{"type":"Feature","properties":{"id":"7000006","creator":null,"orientation":"vertical","number_of_bulb":"4","function":null,"lane_id":null,"width":51.7,"height":146.46,"ground_height":null,"traffic_light_pole_id":null,"att_editor":null},"geometry":{"type":"Polygon","coordinates":[[[-112.313909594026171,33.754204674552255,408.402915722846217],[-112.31390408921412,33.754205441998309,408.402915722846217],[-112.31390408921412,33.754205441998309,406.938329593523804],[-112.313909594026171,33.754204674552255,406.938329593523804],[-112.313909594026171,33.754204674552255,408.402915722846217]]]}},
{"type":"Feature","properties":{"id":"7000008","creator":null,"orientation":"vertical","number_of_bulb":"3","function":null,"lane_id":null,"width":42.32,"height":117.07,"ground_height":null,"traffic_light_pole_id":null,"att_editor":null},"geometry":{"type":"Polygon","coordinates":[[[-112.313891575270276,33.754211256225311,408.049358482356126],[-112.313889505436904,33.754214658407967,408.049358482356126],[-112.313889505436904,33.754214658407967,406.878611504479181],[-112.313891575270276,33.754211256225311,406.878611504479181],[-112.313891575270276,33.754211256225311,408.049358482356126]]]}},
{"type":"Feature","properties":{"id":"7000010","creator":null,"orientation":"vertical","number_of_bulb":"4","function":null,"lane_id":null,"width":57.47,"height":160.31,"ground_height":null,"traffic_light_pole_id":null,"att_editor":null},"geometry":{"type":"Polygon","coordinates":[[[-112.31356147687768,33.754203111371865,411.558164964756429],[-112.313555765795343,33.754201085584789,411.558164964756429],[-112.313555765795343,33.754201085584789,409.955101994577944],[-112.31356147687768,33.754203111371865,409.955101994577944],[-112.31356147687768,33.754203111371865,411.558164964756429]]]}},
{"type":"Feature","properties":{"id":"7000012","creator":null,"orientation":"vertical","number_of_bulb":"3","function":null,"lane_id":null,"width":57.91,"height":134.81,"ground_height":null,"traffic_light_pole_id":null,"att_editor":null},"geometry":{"type":"Polygon","coordinates":[[[-112.313470468610859,33.754170829641566,410.898143755336662],[-112.313464714592229,33.754168788618649,410.898143755336662],[-112.313464714592229,33.754168788618649,409.55001532758547],[-112.313470468610859,33.754170829641566,409.55001532758547],[-112.313470468610859,33.754170829641566,410.898143755336662]]]}},
{"type":"Feature","properties":{"id":"7000014","creator":null,"orientation":"vertical","number_of_bulb":"3","function":null,"lane_id":null,"width":61.36,"height":138.27,"ground_height":null,"traffic_light_pole_id":null,"att_editor":null},"geometry":{"type":"Polygon","coordinates":[[[-112.313434139663315,33.754157943299738,410.611342395105908],[-112.313428042122965,33.754155780422856,410.611342395105908],[-112.313428042122965,33.754155780422856,409.228646571771378],[-112.313434139663315,33.754157943299738,409.228646571771378],[-112.313434139663315,33.754157943299738,410.611342395105908]]]}},
{"type":"Feature","properties":{"id":"7000016","creator":null,"orientation":"vertical","number_of_bulb":"3","function":null,"lane_id":null,"width":61.36,"height":139.13,"ground_height":null,"traffic_light_pole_id":null,"att_editor":null},"geometry":{"type":"Polygon","coordinates":[[[-112.313358615528188,33.754131153876962,408.383230697758052],[-112.313352517991547,33.754128990996222,408.383230697758052],[-112.313352517991547,33.754128990996222,406.991893025527702],[-112.313358615528188,33.754131153876962,406.991893025527702],[-112.313358615528188,33.754131153876962,408.383230697758052]]]}},
{"type":"Feature","properties":{"id":"7000018","creator":null,"orientation":"vertical","number_of_bulb":"3","function":null,"lane_id":null,"width":49.13,"height":125.36,"ground_height":null,"traffic_light_pole_id":null,"att_editor":null},"geometry":{"type":"Polygon","coordinates":[[[-112.313363634405249,33.754147266880381,408.319563380152374],[-112.313362699739088,33.754142905513866,408.319563380152374],[-112.313362699739088,33.754142905513866,407.065930587536059],[-112.313363634405249,33.754147266880381,407.065930587536059],[-112.313363634405249,33.754147266880381,408.319563380152374]]]}},
{"type":"Feature","properties":{"id":"7000020","creator":null,"orientation":"vertical","number_of_bulb":"4","function":null,"lane_id":null,"width":62.12,"height":166.94,"ground_height":null,"traffic_light_pole_id":null,"att_editor":null},"geometry":{"type":"Polygon","coordinates":[[[-112.313415155815534,33.753847055256458,411.642791657268049],[-112.313417655479313,33.753841856933619,411.642791657268049],[-112.313417655479313,33.753841856933619,409.973411699900623],[-112.313415155815534,33.753847055256458,409.973411699900623],[-112.313415155815534,33.753847055256458,411.642791657268049]]]}},
{"type":"Feature","properties":{"id":"7000022","creator":null,"orientation":"vertical","number_of_bulb":"3","function":null,"lane_id":null,"width":54.91,"height":132.0,"ground_height":null,"traffic_light_pole_id":null,"att_editor":null},"geometry":{"type":"Polygon","coordinates":[[[-112.313445971439648,33.753782970767205,410.733380807101867],[-112.313448180960705,33.753778375820637,410.733380807101867],[-112.313448180960705,33.753778375820637,409.413405957090447],[-112.313445971439648,33.753782970767205,409.413405957090447],[-112.313445971439648,33.753782970767205,410.733380807101867]]]}},
{"type":"Feature","properties":{"id":"7000024","creator":null,"orientation":"vertical","number_of_bulb":"3","function":null,"lane_id":null,"width":57.13,"height":122.57,"ground_height":null,"traffic_light_pole_id":null,"att_editor":null},"geometry":{"type":"Polygon","coordinates":[[[-112.313460719709425,33.753752300078176,410.349312494650974],[-112.313463018502489,33.753747519476896,410.349312494650974],[-112.313463018502489,33.753747519476896,409.123621562497476],[-112.313460719709425,33.753752300078176,409.123621562497476],[-112.313460719709425,33.753752300078176,410.349312494650974]]]}},
{"type":"Feature","properties":{"id":"7000026","creator":null,"orientation":"vertical","number_of_bulb":"3","function":null,"lane_id":null,"width":56.58,"height":125.9,"ground_height":null,"traffic_light_pole_id":null,"att_editor":null},"geometry":{"type":"Polygon","coordinates":[[[-112.31349707483794,33.753676695393878,407.678815845138274],[-112.313499351308749,33.753671961205576,407.678815845138274],[-112.313499351308749,33.753671961205576,406.419848236093742],[-112.31349707483794,33.753676695393878,406.419848236093742],[-112.31349707483794,33.753676695393878,407.678815845138274]]]}},
{"type":"Feature","properties":{"id":"7000028","creator":null,"orientation":"vertical","number_of_bulb":"3","function":null,"lane_id":null,"width":55.02,"height":159.4,"ground_height":null,"traffic_light_pole_id":null,"att_editor":null},"geometry":{"type":"Polygon","coordinates":[[[-112.313478015342426,33.753681323576743,407.99458184523013],[-112.313483714265075,33.753679925174687,407.99458184523013],[-112.313483714265075,33.753679925174687,406.40056964450514],[-112.313478015342426,33.753681323576743,406.40056964450514],[-112.313478015342426,33.753681323576743,407.99458184523013]]]}},
{"type":"Feature","properties":{"id":"7000030","creator":null,"orientation":"vertical","number_of_bulb":"4","function":null,"lane_id":null,"width":53.91,"height":162.84,"ground_height":null,"traffic_light_pole_id":null,"att_editor":null},"geometry":{"type":"Polygon","coordinates":[[[-112.313804267790559,33.753734505101065,411.022448400680389],[-112.313809877420567,33.753735800811633,411.022448400680389],[-112.313809877420567,33.753735800811633,409.394009052352089],[-112.313804267790559,33.753734505101065,409.394009052352089],[-112.313804267790559,33.753734505101065,411.022448400680389]]]}},
{"type":"Feature","properties":{"id":"7000032","creator":null,"orientation":"vertical","number_of_bulb":"3","function":null,"lane_id":null,"width":54.47,"height":123.54,"ground_height":null,"traffic_light_pole_id":null,"att_editor":null},"geometry":{"type":"Polygon","coordinates":[[[-112.313902265603161,33.753757140561895,410.178572880625325],[-112.313907933669654,33.753758449764845,410.178572880625325],[-112.313907933669654,33.753758449764845,408.9432050991349],[-112.313902265603161,33.753757140561895,408.9432050991349],[-112.313902265603161,33.753757140561895,410.178572880625325]]]}},
{"type":"Feature","properties":{"id":"7000034","creator":null,"orientation":"vertical","number_of_bulb":"3","function":null,"lane_id":null,"width":57.28,"height":121.85,"ground_height":null,"traffic_light_pole_id":null,"att_editor":null},"geometry":{"type":"Polygon","coordinates":[[[-112.313940353406281,33.753765938029517,409.772515913811503],[-112.313946313642319,33.753767314715276,409.772515913811503],[-112.313946313642319,33.753767314715276,408.553994056614158],[-112.313940353406281,33.753765938029517,408.553994056614158],[-112.313940353406281,33.753765938029517,409.772515913811503]]]}},
{"type":"Feature","properties":{"id":"7000036","creator":null,"orientation":"vertical","number_of_bulb":"3","function":null,"lane_id":null,"width":54.47,"height":119.61,"ground_height":null,"traffic_light_pole_id":null,"att_editor":null},"geometry":{"type":"Polygon","coordinates":[[[-112.314016510774209,33.753783528711104,407.50568622612775],[-112.314022178844013,33.753784837908732,407.50568622612775],[-112.314022178844013,33.753784837908732,406.309625601321159],[-112.314016510774209,33.753783528711104,406.309625601321159],[-112.314016510774209,33.753783528711104,407.50568622612775]]]}},
{"type":"Feature","properties":{"id":"7000038","creator":null,"orientation":"vertical","number_of_bulb":"4","function":null,"lane_id":null,"width":52.97,"height":151.99,"ground_height":null,"traffic_light_pole_id":null,"att_editor":null},"geometry":{"type":"Polygon","coordinates":[[[-112.314008082695352,33.753768339609266,407.835926526433866],[-112.314009469063038,33.753772973921727,407.835926526433866],[-112.314009469063038,33.753772973921727,406.316012918839021],[-112.314008082695352,33.753768339609266,406.316012918839021],[-112.314008082695352,33.753768339609266,407.835926526433866]]]}},
{"type":"Feature","properties":{"id":"7000040","creator":null,"orientation":"vertical","number_of_bulb":"3","function":null,"lane_id":null,"width":61.78,"height":129.8,"ground_height":null,"traffic_light_pole_id":null,"att_editor":null},"geometry":{"type":"Polygon","coordinates":[[[-112.313297028204346,33.754058698237003,408.317962651779908],[-112.313291020422,33.754061117118411,408.317962651779908],[-112.313291020422,33.754061117118411,407.019981075421924],[-112.313297028204346,33.754058698237003,407.019981075421924],[-112.313297028204346,33.754058698237003,408.317962651779908]]]}},
{"type":"Feature","properties":{"id":"7000042","creator":null,"orientation":"vertical","number_of_bulb":"3","function":null,"lane_id":null,"width":57.43,"height":126.33,"ground_height":null,"traffic_light_pole_id":null,"att_editor":null},"geometry":{"type":"Polygon","coordinates":[[[-112.313540236321003,33.753655510255207,407.584613441344345],[-112.313535088091669,33.753652624918182,407.584613441344345],[-112.313535088091669,33.753652624918182,406.321325026715499],[-112.313540236321003,33.753655510255207,406.321325026715499],[-112.313540236321003,33.753655510255207,407.584613441344345]]]}},
{"type":"Feature","properties":{"id":"7000044","creator":null,"orientation":"vertical","number_of_bulb":"3","function":null,"lane_id":null,"width":58.69,"height":120.22,"ground_height":null,"traffic_light_pole_id":null,"att_editor":null},"geometry":{"type":"Polygon","coordinates":[[[-112.314054427752041,33.753831812668558,407.678619392707105],[-112.314058900819035,33.753828064982535,407.678619392707105],[-112.314058900819035,33.753828064982535,406.476400981288634],[-112.314054427752041,33.753831812668558,406.476400981288634],[-112.314054427752041,33.753831812668558,407.678619392707105]]]}},
{"type":"Feature","properties":{"id":"7000046","creator":null,"orientation":"vertical","number_of_bulb":"3","function":null,"lane_id":null,"width":49.21,"height":118.39,"ground_height":null,"traffic_light_pole_id":null,"att_editor":null},"geometry":{"type":"Polygon","coordinates":[[[-112.31385925399087,33.754246405761684,408.166488688473748],[-112.31385422258839,33.75424498006943,408.166488688473748],[-112.31385422258839,33.75424498006943,406.982605864624929],[-112.31385925399087,33.754246405761684,406.982605864624929],[-112.31385925399087,33.754246405761684,408.166488688473748]]]}},
{"type":"Feature","properties":{"id":"7000048","creator":null,"orientation":"vertical","number_of_bulb":"3","function":null,"lane_id":null,"width":58.26,"height":123.48,"ground_height":null,"traffic_light_pole_id":null,"att_editor":null},"geometry":{"type":"Polygon","coordinates":[[[-112.310450549656039,33.713859749425922,369.740193853958829],[-112.310448272259706,33.713854852116903,369.740193853958829],[-112.310448272259706,33.713854852116903,368.505358098866054],[-112.310450549656039,33.713859749425922,368.505358098866054],[-112.310450549656039,33.713859749425922,369.740193853958829]]]}},
{"type":"Feature","properties":{"id":"7000050","creator":null,"orientation":"vertical","number_of_bulb":"3","function":null,"lane_id":null,"width":59.71,"height":127.06,"ground_height":null,"traffic_light_pole_id":null,"att_editor":null},"geometry":{"type":"Polygon","coordinates":[[[-112.31068659632605,33.713655909283517,372.924520814973164],[-112.310685323706068,33.713661187722288,372.924520814973164],[-112.310685323706068,33.713661187722288,371.653882834486978],[-112.31068659632605,33.713655909283517,371.653882834486978],[-112.31068659632605,33.713655909283517,372.924520814973164]]]}},
{"type":"Feature","properties":{"id":"7000052","creator":null,"orientation":"vertical","number_of_bulb":"3","function":null,"lane_id":null,"width":55.12,"height":124.77,"ground_height":null,"traffic_light_pole_id":null,"att_editor":null},"geometry":{"type":"Polygon","coordinates":[[[-112.310678703632448,33.713688645754424,372.872853306730406],[-112.310677528905472,33.713693518159367,372.872853306730406],[-112.310677528905472,33.713693518159367,371.625178663241002],[-112.310678703632448,33.713688645754424,371.625178663241002],[-112.310678703632448,33.713688645754424,372.872853306730406]]]}},
{"type":"Feature","properties":{"id":"7000054","creator":null,"orientation":"vertical","number_of_bulb":"3","function":null,"lane_id":null,"width":59.71,"height":126.3,"ground_height":null,"traffic_light_pole_id":null,"att_editor":null},"geometry":{"type":"Polygon","coordinates":[[[-112.310670936359912,33.713720861994084,372.869982889605808],[-112.310669663738139,33.713726140432669,372.869982889605808],[-112.310669663738139,33.713726140432669,371.606999354785216],[-112.310670936359912,33.713720861994084,371.606999354785216],[-112.310670936359912,33.713720861994084,372.869982889605808]]]}},
{"type":"Feature","properties":{"id":"7000056","creator":null,"orientation":"vertical","number_of_bulb":"3","function":null,"lane_id":null,"width":61.24,"height":130.13,"ground_height":null,"traffic_light_pole_id":null,"att_editor":null},"geometry":{"type":"Polygon","coordinates":[[[-112.31066315582548,33.713753133216919,372.885770183790953],[-112.310661850571464,33.713758547,372.885770183790953],[-112.310661850571464,33.713758547,371.584514420642449],[-112.31066315582548,33.713753133216919,371.584514420642449],[-112.31066315582548,33.713753133216919,372.885770183790953]]]}},
{"type":"Feature","properties":{"id":"7000058","creator":null,"orientation":"vertical","number_of_bulb":"3","function":null,"lane_id":null,"width":58.18,"height":125.53,"ground_height":null,"traffic_light_pole_id":null,"att_editor":null},"geometry":{"type":"Polygon","coordinates":[[[-112.310655260056095,33.713785882374765,372.845584344046642],[-112.310654020063907,33.713791025468609,372.845584344046642],[-112.310654020063907,33.713791025468609,371.590255254891588],[-112.310655260056095,33.713785882374765,371.590255254891588],[-112.310655260056095,33.713785882374765,372.845584344046642]]]}},
{"type":"Feature","properties":{"id":"7000060","creator":null,"orientation":"vertical","number_of_bulb":"3","function":null,"lane_id":null,"width":59.29,"height":130.52,"ground_height":null,"traffic_light_pole_id":null,"att_editor":null},"geometry":{"type":"Polygon","coordinates":[[[-112.310551347711566,33.713496479145697,369.760030914137587],[-112.310545243959126,33.713498080141882,369.760030914137587],[-112.310545243959126,33.713498080141882,368.454818362975971],[-112.310551347711566,33.713496479145697,368.454818362975971],[-112.310551347711566,33.713496479145697,369.760030914137587]]]}},
{"type":"Feature","properties":{"id":"7000062","creator":null,"orientation":"vertical","number_of_bulb":"3","function":null,"lane_id":null,"width":57.8,"height":123.1,"ground_height":null,"traffic_light_pole_id":null,"att_editor":null},"geometry":{"type":"Polygon","coordinates":[[[-112.310610301010428,33.713483956482669,369.843787506355511],[-112.310614691778099,33.713480255124722,369.843787506355511],[-112.310614691778099,33.713480255124722,368.61283561046622],[-112.310610301010428,33.713483956482669,368.61283561046622],[-112.310610301010428,33.713483956482669,369.843787506355511]]]}},
{"type":"Feature","properties":{"id":"7000064","creator":null,"orientation":"vertical","number_of_bulb":"3","function":null,"lane_id":null,"width":58.26,"height":132.64,"ground_height":null,"traffic_light_pole_id":null,"att_editor":null},"geometry":{"type":"Polygon","coordinates":[[[-112.310736801519042,33.713466187454458,373.015501938319062],[-112.310731847785377,33.713469421867316,373.015501938319062],[-112.310731847785377,33.713469421867316,371.689137736358305],[-112.310736801519042,33.713466187454458,371.689137736358305],[-112.310736801519042,33.713466187454458,373.015501938319062]]]}},
{"type":"Feature","properties":{"id":"7000066","creator":null,"orientation":"vertical","number_of_bulb":"3","function":null,"lane_id":null,"width":59.02,"height":128.25,"ground_height":null,"traffic_light_pole_id":null,"att_editor":null},"geometry":{"type":"Polygon","coordinates":[[[-112.310909680210131,33.713499222210615,370.16951629581024],[-112.310914418029782,33.713495665215618,370.16951629581024],[-112.310914418029782,33.713495665215618,368.887028203577813],[-112.310909680210131,33.713499222210615,368.887028203577813],[-112.310909680210131,33.713499222210615,370.16951629581024]]]}},
{"type":"Feature","properties":{"id":"7000068","creator":null,"orientation":"vertical","number_of_bulb":"3","function":null,"lane_id":null,"width":57.05,"height":126.69,"ground_height":null,"traffic_light_pole_id":null,"att_editor":null},"geometry":{"type":"Polygon","coordinates":[[[-112.311033973726481,33.713827527802863,370.274809992813346],[-112.311029034603649,33.713830598782209,370.274809992813346],[-112.311029034603649,33.713830598782209,369.007948720877494],[-112.311033973726481,33.713827527802863,369.007948720877494],[-112.311033973726481,33.713827527802863,370.274809992813346]]]}},
{"type":"Feature","properties":{"id":"7000070","creator":null,"orientation":"vertical","number_of_bulb":"4","function":null,"lane_id":null,"width":56.3,"height":157.73,"ground_height":null,"traffic_light_pole_id":null,"att_editor":null},"geometry":{"type":"Polygon","coordinates":[[[-112.31414438057098,33.73169619890546,392.460292037883733],[-112.314145490507826,33.731701190379724,392.460292037883733],[-112.314145490507826,33.731701190379724,390.88300436088673],[-112.31414438057098,33.73169619890546,390.88300436088673],[-112.31414438057098,33.73169619890546,392.460292037883733]]]}},
{"type":"Feature","properties":{"id":"7000072","creator":null,"orientation":"vertical","number_of_bulb":"3","function":null,"lane_id":null,"width":60.09,"height":122.6,"ground_height":null,"traffic_light_pole_id":null,"att_editor":null},"geometry":{"type":"Polygon","coordinates":[[[-112.314171121244428,33.731816453662283,390.83526596853369],[-112.314172305822694,33.731821780788437,390.83526596853369],[-112.314172305822694,33.731821780788437,389.609255521278158],[-112.314171121244428,33.731816453662283,389.609255521278158],[-112.314171121244428,33.731816453662283,390.83526596853369]]]}},
{"type":"Feature","properties":{"id":"7000074","creator":null,"orientation":"vertical","number_of_bulb":"3","function":null,"lane_id":null,"width":60.98,"height":127.65,"ground_height":null,"traffic_light_pole_id":null,"att_editor":null},"geometry":{"type":"Polygon","coordinates":[[[-112.314184480739058,33.731876532144227,388.639159999615401],[-112.314185682975435,33.731881938671727,388.639159999615401],[-112.314185682975435,33.731881938671727,387.362676346696048],[-112.314184480739058,33.731876532144227,387.362676346696048],[-112.314184480739058,33.731876532144227,388.639159999615401]]]}},
{"type":"Feature","properties":{"id":"7000076","creator":null,"orientation":"vertical","number_of_bulb":"4","function":null,"lane_id":null,"width":62.5,"height":161.37,"ground_height":null,"traffic_light_pole_id":null,"att_editor":null},"geometry":{"type":"Polygon","coordinates":[[[-112.314188854553066,33.731868164355248,388.955947135239455],[-112.3141829941639,33.731870955851051,388.955947135239455],[-112.3141829941639,33.731870955851051,387.342221903461848],[-112.314188854553066,33.731868164355248,387.342221903461848],[-112.314188854553066,33.731868164355248,388.955947135239455]]]}},
{"type":"Feature","properties":{"id":"7000078","creator":null,"orientation":"vertical","number_of_bulb":"4","function":null,"lane_id":null,"width":63.85,"height":160.71,"ground_height":null,"traffic_light_pole_id":null,"att_editor":null},"geometry":{"type":"Polygon","coordinates":[[[-112.314007545835409,33.731933902569068,392.442809124839073],[-112.314001229929758,33.731936205943285,392.442809124839073],[-112.314001229929758,33.731936205943285,390.835683375929648],[-112.314007545835409,33.731933902569068,390.835683375929648],[-112.314007545835409,33.731933902569068,392.442809124839073]]]}},
{"type":"Feature","properties":{"id":"7000080","creator":null,"orientation":"vertical","number_of_bulb":"3","function":null,"lane_id":null,"width":55.78,"height":126.22,"ground_height":null,"traffic_light_pole_id":null,"att_editor":null},"geometry":{"type":"Polygon","coordinates":[[[-112.313971265671483,33.731947133728831,392.06120849039479],[-112.313965748326893,33.731949145870274,392.06120849039479],[-112.313965748326893,33.731949145870274,390.798991007233099],[-112.313971265671483,33.731947133728831,390.798991007233099],[-112.313971265671483,33.731947133728831,392.06120849039479]]]}},
{"type":"Feature","properties":{"id":"7000082","creator":null,"orientation":"vertical","number_of_bulb":"3","function":null,"lane_id":null,"width":59.45,"height":129.16,"ground_height":null,"traffic_light_pole_id":null,"att_editor":null},"geometry":{"type":"Polygon","coordinates":[[[-112.313935194211496,33.731960288761009,391.94471021978336],[-112.313929313881872,33.731962433278497,391.94471021978336],[-112.313929313881872,33.731962433278497,390.653138841664429],[-112.313935194211496,33.731960288761009,390.653138841664429],[-112.313935194211496,33.731960288761009,391.94471021978336]]]}},
{"type":"Feature","properties":{"id":"7000084","creator":null,"orientation":"vertical","number_of_bulb":"3","function":null,"lane_id":null,"width":57.87,"height":118.25,"ground_height":null,"traffic_light_pole_id":null,"att_editor":null},"geometry":{"type":"Polygon","coordinates":[[[-112.313866831147664,33.731985220296338,389.268771807891028],[-112.313861106378923,33.73198730807745,389.268771807891028],[-112.313861106378923,33.73198730807745,388.086229182470447],[-112.313866831147664,33.731985220296338,388.086229182470447],[-112.313866831147664,33.731985220296338,389.268771807891028]]]}},
{"type":"Feature","properties":{"id":"7000086","creator":null,"orientation":"vertical","number_of_bulb":"3","function":null,"lane_id":null,"width":58.03,"height":125.27,"ground_height":null,"traffic_light_pole_id":null,"att_editor":null},"geometry":{"type":"Polygon","coordinates":[[[-112.313732033693256,33.73192513165106,389.43589584038898],[-112.31373153251451,33.731930347555043,389.43589584038898],[-112.31373153251451,33.731930347555043,388.183161721472686],[-112.313732033693256,33.73192513165106,388.183161721472686],[-112.313732033693256,33.73192513165106,389.43589584038898]]]}},
{"type":"Feature","properties":{"id":"7000088","creator":null,"orientation":"vertical","number_of_bulb":"4","function":null,"lane_id":null,"width":60.02,"height":154.33,"ground_height":null,"traffic_light_pole_id":null,"att_editor":null},"geometry":{"type":"Polygon","coordinates":[[[-112.313584685375275,33.731559647313674,389.691221301073654],[-112.313589288694615,33.731555839101205,389.691221301073654],[-112.313589288694615,33.731555839101205,388.14796070044946],[-112.313584685375275,33.731559647313674,388.14796070044946],[-112.313584685375275,33.731559647313674,389.691221301073654]]]}},
{"type":"Feature","properties":{"id":"7000090","creator":null,"orientation":"vertical","number_of_bulb":"3","function":null,"lane_id":null,"width":58.2,"height":117.12,"ground_height":null,"traffic_light_pole_id":null,"att_editor":null},"geometry":{"type":"Polygon","coordinates":[[[-112.313585707899023,33.73154648831634,389.315994248811023],[-112.313579437830285,33.731546796972175,389.315994248811023],[-112.313579437830285,33.731546796972175,388.144830693359609],[-112.313585707899023,33.73154648831634,388.144830693359609],[-112.313585707899023,33.73154648831634,389.315994248811023]]]}},
{"type":"Feature","properties":{"id":"7000092","creator":null,"orientation":"vertical","number_of_bulb":"4","function":null,"lane_id":null,"width":62.19,"height":157.35,"ground_height":null,"traffic_light_pole_id":null,"att_editor":null},"geometry":{"type":"Polygon","coordinates":[[[-112.313854341821411,33.731529266550005,391.553698279491982],[-112.313860647405477,33.731527343958277,391.553698279491982],[-112.313860647405477,33.731527343958277,389.980193220694161],[-112.313854341821411,33.731529266550005,389.980193220694161],[-112.313854341821411,33.731529266550005,391.553698279491982]]]}},
{"type":"Feature","properties":{"id":"7000094","creator":null,"orientation":"vertical","number_of_bulb":"3","function":null,"lane_id":null,"width":56.54,"height":123.43,"ground_height":null,"traffic_light_pole_id":null,"att_editor":null},"geometry":{"type":"Polygon","coordinates":[[[-112.31392185216005,33.731508682421691,391.069633474727198],[-112.313927584506388,33.731506934607964,391.069633474727198],[-112.313927584506388,33.731506934607964,389.835327111239053],[-112.31392185216005,33.731508682421691,389.835327111239053],[-112.31392185216005,33.731508682421691,391.069633474727198]]]}},
{"type":"Feature","properties":{"id":"7000096","creator":null,"orientation":"vertical","number_of_bulb":"3","function":null,"lane_id":null,"width":61.25,"height":127.2,"ground_height":null,"traffic_light_pole_id":null,"att_editor":null},"geometry":{"type":"Polygon","coordinates":[[[-112.313957237452499,33.731497893309005,390.74221251189357],[-112.313963447492753,33.73149599984238,390.74221251189357],[-112.313963447492753,33.73149599984238,389.470217404482185],[-112.313957237452499,33.731497893309005,389.470217404482185],[-112.313957237452499,33.731497893309005,390.74221251189357]]]}},
{"type":"Feature","properties":{"id":"7000098","creator":null,"orientation":"vertical","number_of_bulb":"4","function":null,"lane_id":null,"width":62.15,"height":159.2,"ground_height":null,"traffic_light_pole_id":null,"att_editor":null},"geometry":{"type":"Polygon","coordinates":[[[-112.314006052916127,33.731476522409061,388.792022838477124],[-112.314010452686318,33.731480753276117,388.792022838477124],[-112.314010452686318,33.731480753276117,387.200017976301979],[-112.314006052916127,33.731476522409061,387.200017976301979],[-112.314006052916127,33.731476522409061,388.792022838477124]]]}},
{"type":"Feature","properties":{"id":"7000100","creator":null,"orientation":"vertical","number_of_bulb":"3","function":null,"lane_id":null,"width":57.13,"height":129.35,"ground_height":null,"traffic_light_pole_id":null,"att_editor":null},"geometry":{"type":"Polygon","coordinates":[[[-112.311211594604657,33.713863006455568,372.853249951520183],[-112.311216327422613,33.713859705510522,372.853249951520183],[-112.311216327422613,33.713859705510522,371.559773262556405],[-112.311211594604657,33.713863006455568,371.559773262556405],[-112.311211594604657,33.713863006455568,372.853249951520183]]]}},
{"type":"Feature","properties":{"id":"7000102","creator":null,"orientation":"vertical","number_of_bulb":"3","function":null,"lane_id":null,"width":53.32,"height":122.27,"ground_height":null,"traffic_light_pole_id":null,"att_editor":null},"geometry":{"type":"Polygon","coordinates":[[[-112.311261571525591,33.713672964422074,372.925085761098615],[-112.311262723929985,33.713668253698394,372.925085761098615],[-112.311262723929985,33.713668253698394,371.702342197322878],[-112.311261571525591,33.713672964422074,371.702342197322878],[-112.311261571525591,33.713672964422074,372.925085761098615]]]}},
{"type":"Feature","properties":{"id":"7000104","creator":null,"orientation":"vertical","number_of_bulb":"3","function":null,"lane_id":null,"width":60.27,"height":125.75,"ground_height":null,"traffic_light_pole_id":null,"att_editor":null},"geometry":{"type":"Polygon","coordinates":[[[-112.311269338509703,33.713641215040411,372.935589186261325],[-112.311270641226812,33.713635889874453,372.935589186261325],[-112.311270641226812,33.713635889874453,371.678075663326069],[-112.311269338509703,33.713641215040411,371.678075663326069],[-112.311269338509703,33.713641215040411,372.935589186261325]]]}},
{"type":"Feature","properties":{"id":"7000106","creator":null,"orientation":"vertical","number_of_bulb":"3","function":null,"lane_id":null,"width":57.38,"height":125.17,"ground_height":null,"traffic_light_pole_id":null,"att_editor":null},"geometry":{"type":"Polygon","coordinates":[[[-112.311277346029101,33.71360848239069,372.957139317198767],[-112.31127858611471,33.713603413242197,372.957139317198767],[-112.31127858611471,33.713603413242197,371.705420787456774],[-112.311277346029101,33.71360848239069,371.705420787456774],[-112.311277346029101,33.71360848239069,372.957139317198767]]]}},
{"type":"Feature","properties":{"id":"7000108","creator":null,"orientation":"vertical","number_of_bulb":"3","function":null,"lane_id":null,"width":57.38,"height":125.75,"ground_height":null,"traffic_light_pole_id":null,"att_editor":null},"geometry":{"type":"Polygon","coordinates":[[[-112.311285349432708,33.713575766541531,372.950257762781689],[-112.311286589517422,33.713570697393003,372.950257762781689],[-112.311286589517422,33.713570697393003,371.692744239846547],[-112.311285349432708,33.713575766541531,371.692744239846547],[-112.311285349432708,33.713575766541531,372.950257762781689]]]}},
{"type":"Feature","properties":{"id":"7000110","creator":null,"orientation":"vertical","number_of_bulb":"3","function":null,"lane_id":null,"width":56.8,"height":121.12,"ground_height":null,"traffic_light_pole_id":null,"att_editor":null},"geometry":{"type":"Polygon","coordinates":[[[-112.31129314301846,33.713543908350822,372.91222811995101],[-112.311294370576221,33.713538890405736,372.91222811995101],[-112.311294370576221,33.713538890405736,371.701074542561798],[-112.31129314301846,33.713543908350822,371.701074542561798],[-112.31129314301846,33.713543908350822,372.91222811995101]]]}},
{"type":"Feature","properties":{"id":"7000112","creator":null,"orientation":"vertical","number_of_bulb":"3","function":null,"lane_id":null,"width":59.14,"height":126.78,"ground_height":null,"traffic_light_pole_id":null,"att_editor":null},"geometry":{"type":"Polygon","coordinates":[[[-112.311354004129001,33.713836364082844,370.506578710759641],[-112.311349665429347,33.713840274924102,370.506578710759641],[-112.311349665429347,33.713840274924102,369.238744672735891],[-112.311354004129001,33.713836364082844,369.238744672735891],[-112.311354004129001,33.713836364082844,370.506578710759641]]]}},
{"type":"Feature","properties":{"id":"7000114","creator":null,"orientation":"vertical","number_of_bulb":"3","function":null,"lane_id":null,"width":57.78,"height":126.83,"ground_height":null,"traffic_light_pole_id":null,"att_editor":null},"geometry":{"type":"Polygon","coordinates":[[[-112.311401064632889,33.71385377234747,370.829714191451785],[-112.311394837477565,33.713854039380898,370.829714191451785],[-112.311394837477565,33.713854039380898,369.561387980765517],[-112.311401064632889,33.71385377234747,369.561387980765517],[-112.311401064632889,33.71385377234747,370.829714191451785]]]}},
{"type":"Feature","properties":{"id":"7000116","creator":null,"orientation":"vertical","number_of_bulb":"3","function":null,"lane_id":null,"width":56.04,"height":124.05,"ground_height":null,"traffic_light_pole_id":null,"att_editor":null},"geometry":{"type":"Polygon","coordinates":[[[-112.311492563824046,33.713475554013698,371.101423739348434],[-112.31149454911332,33.713480327815532,371.101423739348434],[-112.31149454911332,33.713480327815532,369.860956100743067],[-112.311492563824046,33.713475554013698,369.860956100743067],[-112.311492563824046,33.713475554013698,371.101423739348434]]]}},
{"type":"Feature","properties":{"id":"7000118","creator":null,"orientation":"vertical","number_of_bulb":"3","function":null,"lane_id":null,"width":61.98,"height":133.68,"ground_height":null,"traffic_light_pole_id":null,"att_editor":null},"geometry":{"type":"Polygon","coordinates":[[[-112.316129355461285,33.715630599445205,381.406891253224842],[-112.31612325611276,33.715632892011776,381.406891253224842],[-112.31612325611276,33.715632892011776,380.070074177702509],[-112.316129355461285,33.715630599445205,380.070074177702509],[-112.316129355461285,33.715630599445205,381.406891253224842]]]}},
{"type":"Feature","properties":{"id":"7000120","creator":null,"orientation":"vertical","number_of_bulb":"3","function":null,"lane_id":null,"width":62.86,"height":134.57,"ground_height":null,"traffic_light_pole_id":null,"att_editor":null},"geometry":{"type":"Polygon","coordinates":[[[-112.316069426196194,33.715653173780325,381.242002392088466],[-112.316063239710815,33.715655499094915,381.242002392088466],[-112.316063239710815,33.715655499094915,379.896332223350782],[-112.316069426196194,33.715653173780325,379.896332223350782],[-112.316069426196194,33.715653173780325,381.242002392088466]]]}},
{"type":"Feature","properties":{"id":"7000122","creator":null,"orientation":"vertical","number_of_bulb":"3","function":null,"lane_id":null,"width":59.32,"height":131.03,"ground_height":null,"traffic_light_pole_id":null,"att_editor":null},"geometry":{"type":"Polygon","coordinates":[[[-112.316033488980111,33.715666510667546,380.518262021731289],[-112.316027651027269,33.715668704976835,380.518262021731289],[-112.316027651027269,33.715668704976835,379.20800422585512],[-112.316033488980111,33.715666510667546,379.20800422585512],[-112.316033488980111,33.715666510667546,380.518262021731289]]]}},
{"type":"Feature","properties":{"id":"7000124","creator":null,"orientation":"vertical","number_of_bulb":"3","function":null,"lane_id":null,"width":59.92,"height":125.4,"ground_height":null,"traffic_light_pole_id":null,"att_editor":null},"geometry":{"type":"Polygon","coordinates":[[[-112.315984541111462,33.71568883900737,378.546086106146447],[-112.315979778247808,33.715685184774998,378.546086106146447],[-112.315979778247808,33.715685184774998,377.292091103328914],[-112.315984541111462,33.71568883900737,377.292091103328914],[-112.315984541111462,33.71568883900737,378.546086106146447]]]}},
{"type":"Feature","properties":{"id":"7000126","creator":null,"orientation":"vertical","number_of_bulb":"3","function":null,"lane_id":null,"width":63.21,"height":127.05,"ground_height":null,"traffic_light_pole_id":null,"att_editor":null},"geometry":{"type":"Polygon","coordinates":[[[-112.316127831557367,33.715605826699317,379.330306074401335],[-112.316121765090898,33.71560843253036,379.330306074401335],[-112.316121765090898,33.71560843253036,378.059767468467101],[-112.316127831557367,33.715605826699317,378.059767468467101],[-112.316127831557367,33.715605826699317,379.330306074401335]]]}},
{"type":"Feature","properties":{"id":"7000128","creator":null,"orientation":"vertical","number_of_bulb":"3","function":null,"lane_id":null,"width":68.48,"height":127.78,"ground_height":null,"traffic_light_pole_id":null,"att_editor":null},"geometry":{"type":"Polygon","coordinates":[[[-112.316313781824434,33.715544800594991,379.482411992231619],[-112.316308623102174,33.71554922260745,379.482411992231619],[-112.316308623102174,33.71554922260745,378.204631971123263],[-112.316313781824434,33.715544800594991,378.204631971123263],[-112.316313781824434,33.715544800594991,379.482411992231619]]]}},
{"type":"Feature","properties":{"id":"7000130","creator":null,"orientation":"vertical","number_of_bulb":"3","function":null,"lane_id":null,"width":63.7,"height":118.15,"ground_height":null,"traffic_light_pole_id":null,"att_editor":null},"geometry":{"type":"Polygon","coordinates":[[[-112.316121388826645,33.715254190039069,379.453852020448323],[-112.316128150777686,33.71525315998047,379.453852020448323],[-112.316128150777686,33.71525315998047,378.272345925522302],[-112.316121388826645,33.715254190039069,378.272345925522302],[-112.316121388826645,33.715254190039069,379.453852020448323]]]}},
{"type":"Feature","properties":{"id":"7000132","creator":null,"orientation":"vertical","number_of_bulb":"3","function":null,"lane_id":null,"width":59.56,"height":128.33,"ground_height":null,"traffic_light_pole_id":null,"att_editor":null},"geometry":{"type":"Polygon","coordinates":[[[-112.316007751012592,33.715311958046506,382.32362710485279],[-112.316013340255793,33.715309307196449,382.32362710485279],[-112.316013340255793,33.715309307196449,381.04034624753217],[-112.316007751012592,33.715311958046506,381.04034624753217],[-112.316007751012592,33.715311958046506,382.32362710485279]]]}},
{"type":"Feature","properties":{"id":"7000134","creator":null,"orientation":"vertical","number_of_bulb":"3","function":null,"lane_id":null,"width":57.88,"height":126.65,"ground_height":null,"traffic_light_pole_id":null,"att_editor":null},"geometry":{"type":"Polygon","coordinates":[[[-112.316042173657308,33.715295553741136,382.290077278517629],[-112.316047605454941,33.71529297756144,382.290077278517629],[-112.316047605454941,33.71529297756144,381.02357133436459],[-112.316042173657308,33.715295553741136,381.02357133436459],[-112.316042173657308,33.715295553741136,382.290077278517629]]]}},
{"type":"Feature","properties":{"id":"7000136","creator":null,"orientation":"vertical","number_of_bulb":"3","function":null,"lane_id":null,"width":59.64,"height":124.51,"ground_height":null,"traffic_light_pole_id":null,"att_editor":null},"geometry":{"type":"Polygon","coordinates":[[[-112.315894143076861,33.715517584291796,381.130688408743993],[-112.315890649018471,33.715513067297167,381.130688408743993],[-112.315890649018471,33.715513067297167,379.885592734254942],[-112.315894143076861,33.715517584291796,379.885592734254942],[-112.315894143076861,33.715517584291796,381.130688408743993]]]}},
{"type":"Feature","properties":{"id":"7000138","creator":null,"orientation":"vertical","number_of_bulb":"3","function":null,"lane_id":null,"width":59.64,"height":125.56,"ground_height":null,"traffic_light_pole_id":null,"att_editor":null},"geometry":{"type":"Polygon","coordinates":[[[-112.315871646251225,33.715488501184161,381.130688408743993],[-112.315868152195222,33.715483984188843,381.130688408743993],[-112.315868152195222,33.715483984188843,379.875129745393735],[-112.315871646251225,33.715488501184161,379.875129745393735],[-112.315871646251225,33.715488501184161,381.130688408743993]]]}},
{"type":"Feature","properties":{"id":"7000140","creator":null,"orientation":"vertical","number_of_bulb":"3","function":null,"lane_id":null,"width":58.6,"height":123.76,"ground_height":null,"traffic_light_pole_id":null,"att_editor":null},"geometry":{"type":"Polygon","coordinates":[[[-112.315851201321962,33.715462070675038,380.748135378504514],[-112.315847768567323,33.715457632924604,380.748135378504514],[-112.315847768567323,33.715457632924604,379.510513267487738],[-112.315851201321962,33.715462070675038,379.510513267487738],[-112.315851201321962,33.715462070675038,380.748135378504514]]]}},
{"type":"Feature","properties":{"id":"7000142","creator":null,"orientation":"vertical","number_of_bulb":"3","function":null,"lane_id":null,"width":59.79,"height":121.37,"ground_height":null,"traffic_light_pole_id":null,"att_editor":null},"geometry":{"type":"Polygon","coordinates":[[[-112.31582575231495,33.715429171036135,378.390786620246843],[-112.315822249506795,33.715424642718553,378.390786620246843],[-112.315822249506795,33.715424642718553,377.177079912341583],[-112.31582575231495,33.715429171036135,377.177079912341583],[-112.31582575231495,33.715429171036135,378.390786620246843]]]}},
{"type":"Feature","properties":{"id":"7000144","creator":null,"orientation":"vertical","number_of_bulb":"3","function":null,"lane_id":null,"width":65.17,"height":127.11,"ground_height":null,"traffic_light_pole_id":null,"att_editor":null},"geometry":{"type":"Polygon","coordinates":[[[-112.315815787877511,33.715421018021146,378.427325491135093],[-112.31580899982167,33.715422554514596,378.427325491135093],[-112.31580899982167,33.715422554514596,377.156259312435964],[-112.315815787877511,33.715421018021146,377.156259312435964],[-112.315815787877511,33.715421018021146,378.427325491135093]]]}},
{"type":"Feature","properties":{"id":"7000146","creator":null,"orientation":"vertical","number_of_bulb":"4","function":null,"lane_id":null,"width":59.38,"height":167.09,"ground_height":null,"traffic_light_pole_id":null,"att_editor":null},"geometry":{"type":"Polygon","coordinates":[[[-112.318593958123259,33.745624451535861,399.990056573298034],[-112.318590465068141,33.745628941141639,399.990056573298034],[-112.318590465068141,33.745628941141639,398.319124178348432],[-112.318593958123259,33.745624451535861,398.319124178348432],[-112.318593958123259,33.745624451535861,399.990056573298034]]]}},
{"type":"Feature","properties":{"id":"7000148","creator":null,"orientation":"vertical","number_of_bulb":"4","function":null,"lane_id":null,"width":57.68,"height":164.55,"ground_height":null,"traffic_light_pole_id":null,"att_editor":null},"geometry":{"type":"Polygon","coordinates":[[[-112.318570654448706,33.745654403618367,399.990056573298034],[-112.318567261192825,33.745658764949098,399.990056573298034],[-112.318567261192825,33.745658764949098,398.344569849337518],[-112.318570654448706,33.745654403618367,398.344569849337518],[-112.318570654448706,33.745654403618367,399.990056573298034]]]}},
{"type":"Feature","properties":{"id":"7000150","creator":null,"orientation":"vertical","number_of_bulb":"3","function":null,"lane_id":null,"width":56.71,"height":124.56,"ground_height":null,"traffic_light_pole_id":null,"att_editor":null},"geometry":{"type":"Polygon","coordinates":[[[-112.31854636098366,33.745685627846768,399.556609258101673],[-112.318543024754888,33.7456899158772,399.556609258101673],[-112.318543024754888,33.7456899158772,398.310983078255276],[-112.31854636098366,33.745685627846768,398.310983078255276],[-112.31854636098366,33.745685627846768,399.556609258101673]]]}},
{"type":"Feature","properties":{"id":"7000152","creator":null,"orientation":"vertical","number_of_bulb":"3","function":null,"lane_id":null,"width":58.17,"height":127.47,"ground_height":null,"traffic_light_pole_id":null,"att_editor":null},"geometry":{"type":"Polygon","coordinates":[[[-112.318491345692138,33.745756338534235,396.877695074864505],[-112.318487923913494,33.745760736512743,396.877695074864505],[-112.318487923913494,33.745760736512743,395.602988128173422],[-112.318491345692138,33.745756338534235,395.602988128173422],[-112.318491345692138,33.745756338534235,396.877695074864505]]]}},
{"type":"Feature","properties":{"id":"7000154","creator":null,"orientation":"vertical","number_of_bulb":"4","function":null,"lane_id":null,"width":58.41,"height":157.99,"ground_height":null,"traffic_light_pole_id":null,"att_editor":null},"geometry":{"type":"Polygon","coordinates":[[[-112.318500830829308,33.74575099138076,397.201633201464006],[-112.318494543903725,33.745751388279245,397.201633201464006],[-112.318494543903725,33.745751388279245,395.621709312817472],[-112.318500830829308,33.74575099138076,395.621709312817472],[-112.318500830829308,33.74575099138076,397.201633201464006]]]}},
{"type":"Feature","properties":{"id":"7000156","creator":null,"orientation":"vertical","number_of_bulb":"4","function":null,"lane_id":null,"width":61.44,"height":161.62,"ground_height":null,"traffic_light_pole_id":null,"att_editor":null},"geometry":{"type":"Polygon","coordinates":[[[-112.318239708508457,33.745666776195932,400.378362488380674],[-112.318234068874773,33.745663860453952,400.378362488380674],[-112.318234068874773,33.745663860453952,398.762144060548223],[-112.318239708508457,33.745666776195932,398.762144060548223],[-112.318239708508457,33.745666776195932,400.378362488380674]]]}},
{"type":"Feature","properties":{"id":"7000158","creator":null,"orientation":"vertical","number_of_bulb":"3","function":null,"lane_id":null,"width":61.44,"height":127.6,"ground_height":null,"traffic_light_pole_id":null,"att_editor":null},"geometry":{"type":"Polygon","coordinates":[[[-112.318177932849125,33.745634837592362,399.968991373436154],[-112.318172293219561,33.745631921847448,399.968991373436154],[-112.318172293219561,33.745631921847448,398.693029456726322],[-112.318177932849125,33.745634837592362,398.693029456726322],[-112.318177932849125,33.745634837592362,399.968991373436154]]]}},
{"type":"Feature","properties":{"id":"7000160","creator":null,"orientation":"vertical","number_of_bulb":"3","function":null,"lane_id":null,"width":59.55,"height":131.38,"ground_height":null,"traffic_light_pole_id":null,"att_editor":null},"geometry":{"type":"Polygon","coordinates":[[[-112.31814548329335,33.745618060841089,399.883927245655457],[-112.318140017192931,33.745615234809911,399.883927245655457],[-112.318140017192931,33.745615234809911,398.570159049931988],[-112.31814548329335,33.745618060841089,398.570159049931988],[-112.31814548329335,33.745618060841089,399.883927245655457]]]}},
{"type":"Feature","properties":{"id":"7000162","creator":null,"orientation":"vertical","number_of_bulb":"4","function":null,"lane_id":null,"width":58.52,"height":159.67,"ground_height":null,"traffic_light_pole_id":null,"att_editor":null},"geometry":{"type":"Polygon","coordinates":[[[-112.31869193251498,33.745495173604482,396.973238519311167],[-112.318691054327275,33.745500399739598,396.973238519311167],[-112.318691054327275,33.745500399739598,395.376557347203288],[-112.31869193251498,33.745495173604482,395.376557347203288],[-112.31869193251498,33.745495173604482,396.973238519311167]]]}},
{"type":"Feature","properties":{"id":"7000164","creator":null,"orientation":"vertical","number_of_bulb":"3","function":null,"lane_id":null,"width":60.37,"height":121.53,"ground_height":null,"traffic_light_pole_id":null,"att_editor":null},"geometry":{"type":"Polygon","coordinates":[[[-112.318680218130226,33.745456462085635,396.638139025339456],[-112.318685011740882,33.745460150606654,396.638139025339456],[-112.318685011740882,33.745460150606654,395.422814761789766],[-112.318680218130226,33.745456462085635,395.422814761789766],[-112.318680218130226,33.745456462085635,396.638139025339456]]]}},
{"type":"Feature","properties":{"id":"7000166","creator":null,"orientation":"vertical","number_of_bulb":"4","function":null,"lane_id":null,"width":60.18,"height":159.62,"ground_height":null,"traffic_light_pole_id":null,"att_editor":null},"geometry":{"type":"Polygon","coordinates":[[[-112.318063824621561,33.745558538475002,397.356650365117275],[-112.318063548077433,33.745553116820012,397.356650365117275],[-112.318063548077433,33.745553116820012,395.760435213349126],[-112.318063824621561,33.745558538475002,395.760435213349126],[-112.318063824621561,33.745558538475002,397.356650365117275]]]}},
{"type":"Feature","properties":{"id":"7000168","creator":null,"orientation":"vertical","number_of_bulb":"3","function":null,"lane_id":null,"width":48.83,"height":119.06,"ground_height":null,"traffic_light_pole_id":null,"att_editor":null},"geometry":{"type":"Polygon","coordinates":[[[-112.318068341359151,33.745549891575386,397.002741641146827],[-112.318064295298981,33.745547068814503,397.002741641146827],[-112.318064295298981,33.745547068814503,395.812179276599466],[-112.318068341359151,33.745549891575386,395.812179276599466],[-112.318068341359151,33.745549891575386,397.002741641146827]]]}},
{"type":"Feature","properties":{"id":"7000170","creator":null,"orientation":"vertical","number_of_bulb":"4","function":null,"lane_id":null,"width":57.71,"height":165.39,"ground_height":null,"traffic_light_pole_id":null,"att_editor":null},"geometry":{"type":"Polygon","coordinates":[[[-112.318238145367147,33.745255257732467,397.333548611415381],[-112.318243802448748,33.745253078155272,397.333548611415381],[-112.318243802448748,33.745253078155272,395.679693088219494],[-112.318238145367147,33.745255257732467,395.679693088219494],[-112.318238145367147,33.745255257732467,397.333548611415381]]]}},
{"type":"Feature","properties":{"id":"7000172","creator":null,"orientation":"vertical","number_of_bulb":"4","function":null,"lane_id":null,"width":57.78,"height":164.84,"ground_height":null,"traffic_light_pole_id":null,"att_editor":null},"geometry":{"type":"Polygon","coordinates":[[[-112.318157805231479,33.745372286576931,400.172932751477674],[-112.318161023385287,33.745367823575066,400.172932751477674],[-112.318161023385287,33.745367823575066,398.524505781970674],[-112.318157805231479,33.745372286576931,398.524505781970674],[-112.318157805231479,33.745372286576931,400.172932751477674]]]}},
{"type":"Feature","properties":{"id":"7000174","creator":null,"orientation":"vertical","number_of_bulb":"3","function":null,"lane_id":null,"width":53.16,"height":133.26,"ground_height":null,"traffic_light_pole_id":null,"att_editor":null},"geometry":{"type":"Polygon","coordinates":[[[-112.318176685062468,33.74534610363142,399.810895052567275],[-112.318179645762214,33.745341997669257,399.810895052567275],[-112.318179645762214,33.745341997669257,398.478288203386342],[-112.318176685062468,33.74534610363142,398.478288203386342],[-112.318176685062468,33.74534610363142,399.810895052567275]]]}},
{"type":"Feature","properties":{"id":"7000176","creator":null,"orientation":"vertical","number_of_bulb":"3","function":null,"lane_id":null,"width":60.09,"height":127.1,"ground_height":null,"traffic_light_pole_id":null,"att_editor":null},"geometry":{"type":"Polygon","coordinates":[[[-112.31819522429457,33.745320393017693,399.678500947247642],[-112.318198571170541,33.745315751494765,399.678500947247642],[-112.318198571170541,33.745315751494765,398.407517536179171],[-112.31819522429457,33.745320393017693,398.407517536179171],[-112.31819522429457,33.745320393017693,399.678500947247642]]]}},
{"type":"Feature","properties":{"id":"7000178","creator":null,"orientation":"vertical","number_of_bulb":"3","function":null,"lane_id":null,"width":55.47,"height":130.95,"ground_height":null,"traffic_light_pole_id":null,"att_editor":null},"geometry":{"type":"Polygon","coordinates":[[[-112.318246075048634,33.745249871985486,397.013166890608261],[-112.318249164467645,33.745245587501579,397.013166890608261],[-112.318249164467645,33.745245587501579,395.70366883071955],[-112.318246075048634,33.745249871985486,395.70366883071955],[-112.318246075048634,33.745249871985486,397.013166890608261]]]}},
{"type":"Feature","properties":{"id":"7000180","creator":null,"orientation":"vertical","number_of_bulb":"4","function":null,"lane_id":null,"width":55.19,"height":159.48,"ground_height":null,"traffic_light_pole_id":null,"att_editor":null},"geometry":{"type":"Polygon","coordinates":[[[-112.318520342700182,33.745348478658258,400.12026103255829],[-112.318525325493113,33.745351205860651,400.12026103255829],[-112.318525325493113,33.745351205860651,398.525501566786147],[-112.318520342700182,33.745348478658258,398.525501566786147],[-112.318520342700182,33.745348478658258,400.12026103255829]]]}},
{"type":"Feature","properties":{"id":"7000182","creator":null,"orientation":"vertical","number_of_bulb":"3","function":null,"lane_id":null,"width":55.79,"height":127.94,"ground_height":null,"traffic_light_pole_id":null,"att_editor":null},"geometry":{"type":"Polygon","coordinates":[[[-112.318593335856704,33.745388429530074,399.554534513420663],[-112.318598373410225,33.745391186698626,399.554534513420663],[-112.318598373410225,33.745391186698626,398.275088706280314],[-112.318593335856704,33.745388429530074,398.275088706280314],[-112.318593335856704,33.745388429530074,399.554534513420663]]]}},
{"type":"Feature","properties":{"id":"7000184","creator":null,"orientation":"vertical","number_of_bulb":"3","function":null,"lane_id":null,"width":56.4,"height":129.16,"ground_height":null,"traffic_light_pole_id":null,"att_editor":null},"geometry":{"type":"Polygon","coordinates":[[[-112.318624844527207,33.745405674941487,399.407868184225379],[-112.318629936838747,33.74540846207789,399.407868184225379],[-112.318629936838747,33.74540846207789,398.116294928676098],[-112.318624844527207,33.745405674941487,398.116294928676098],[-112.318624844527207,33.745405674941487,399.407868184225379]]]}},
{"type":"Feature","properties":{"id":"7000186","creator":null,"orientation":"vertical","number_of_bulb":"5","function":null,"lane_id":null,"width":55.45,"height":205.37,"ground_height":null,"traffic_light_pole_id":null,"att_editor":null},"geometry":{"type":"Polygon","coordinates":[[[-112.322904765829506,33.741052658189766,395.083935905700855],[-112.322900595952277,33.741049070589625,395.083935905700855],[-112.322900595952277,33.741049070589625,393.030272570566353],[-112.322904765829506,33.741052658189766,393.030272570566353],[-112.322904765829506,33.741052658189766,395.083935905700855]]]}},
{"type":"Feature","properties":{"id":"7000188","creator":null,"orientation":"vertical","number_of_bulb":"3","function":null,"lane_id":null,"width":52.72,"height":131.43,"ground_height":null,"traffic_light_pole_id":null,"att_editor":null},"geometry":{"type":"Polygon","coordinates":[[[-112.322876973089592,33.741028746389006,394.48323938017387],[-112.322873009134426,33.74102533595336,394.48323938017387],[-112.322873009134426,33.74102533595336,393.16889484568776],[-112.322876973089592,33.741028746389006,393.16889484568776],[-112.322876973089592,33.741028746389006,394.48323938017387]]]}},
{"type":"Feature","properties":{"id":"7000190","creator":null,"orientation":"vertical","number_of_bulb":"3","function":null,"lane_id":null,"width":54.77,"height":125.96,"ground_height":null,"traffic_light_pole_id":null,"att_editor":null},"geometry":{"type":"Polygon","coordinates":[[[-112.322849444199662,33.741005061574903,394.165349409756175],[-112.322845325806966,33.74100151826412,394.165349409756175],[-112.322845325806966,33.74100151826412,392.905769230873659],[-112.322849444199662,33.741005061574903,392.905769230873659],[-112.322849444199662,33.741005061574903,394.165349409756175]]]}},
{"type":"Feature","properties":{"id":"7000192","creator":null,"orientation":"vertical","number_of_bulb":"3","function":null,"lane_id":null,"width":56.82,"height":125.96,"ground_height":null,"traffic_light_pole_id":null,"att_editor":null},"geometry":{"type":"Polygon","coordinates":[[[-112.322821924977362,33.740981385058809,393.862861914351981],[-112.322817652147279,33.740977708872862,393.862861914351981],[-112.322817652147279,33.740977708872862,392.603281735469466],[-112.322821924977362,33.740981385058809,392.603281735469466],[-112.322821924977362,33.740981385058809,393.862861914351981]]]}},
{"type":"Feature","properties":{"id":"7000194","creator":null,"orientation":"vertical","number_of_bulb":"3","function":null,"lane_id":null,"width":53.4,"height":123.22,"ground_height":null,"traffic_light_pole_id":null,"att_editor":null},"geometry":{"type":"Polygon","coordinates":[[[-112.322750898475121,33.740920276405433,391.432158826282546],[-112.322746883050129,33.740916821673977,391.432158826282546],[-112.322746883050129,33.740916821673977,390.199960825201856],[-112.322750898475121,33.740920276405433,390.199960825201856],[-112.322750898475121,33.740920276405433,391.432158826282546]]]}},
{"type":"Feature","properties":{"id":"7000196","creator":null,"orientation":"vertical","number_of_bulb":"5","function":null,"lane_id":null,"width":57.97,"height":199.64,"ground_height":null,"traffic_light_pole_id":null,"att_editor":null},"geometry":{"type":"Polygon","coordinates":[[[-112.322753217487332,33.740928345214378,392.155920240127898],[-112.322754900034013,33.740923310526767,392.155920240127898],[-112.322754900034013,33.740923310526767,390.159481895621298],[-112.322753217487332,33.740928345214378,390.159481895621298],[-112.322753217487332,33.740928345214378,392.155920240127898]]]}},
{"type":"Feature","properties":{"id":"7000198","creator":null,"orientation":"vertical","number_of_bulb":"5","function":null,"lane_id":null,"width":61.5,"height":202.04,"ground_height":null,"traffic_light_pole_id":null,"att_editor":null},"geometry":{"type":"Polygon","coordinates":[[[-112.322904996730443,33.740718320303294,394.661782994278155],[-112.322909161576746,33.740714002251416,394.661782994278155],[-112.322909161576746,33.740714002251416,392.641403640928218],[-112.322904996730443,33.740718320303294,392.641403640928218],[-112.322904996730443,33.740718320303294,394.661782994278155]]]}},
{"type":"Feature","properties":{"id":"7000200","creator":null,"orientation":"vertical","number_of_bulb":"3","function":null,"lane_id":null,"width":55.91,"height":137.35,"ground_height":null,"traffic_light_pole_id":null,"att_editor":null},"geometry":{"type":"Polygon","coordinates":[[[-112.322929931713119,33.740692468068552,394.182641645657668],[-112.322933717934774,33.740688542566105,394.182641645657668],[-112.322933717934774,33.740688542566105,392.809103112945365],[-112.322929931713119,33.740692468068552,392.809103112945365],[-112.322929931713119,33.740692468068552,394.182641645657668]]]}},
{"type":"Feature","properties":{"id":"7000202","creator":null,"orientation":"vertical","number_of_bulb":"3","function":null,"lane_id":null,"width":58.87,"height":130.51,"ground_height":null,"traffic_light_pole_id":null,"att_editor":null},"geometry":{"type":"Polygon","coordinates":[[[-112.322954559533514,33.740666934275424,393.99069990302587],[-112.322958546654377,33.740662800480266,393.99069990302587],[-112.322958546654377,33.740662800480266,392.685610134402225],[-112.322954559533514,33.740666934275424,392.685610134402225],[-112.322954559533514,33.740666934275424,393.99069990302587]]]}},
{"type":"Feature","properties":{"id":"7000204","creator":null,"orientation":"vertical","number_of_bulb":"3","function":null,"lane_id":null,"width":56.7,"height":117.39,"ground_height":null,"traffic_light_pole_id":null,"att_editor":null},"geometry":{"type":"Polygon","coordinates":[[[-112.323019996488767,33.740599090024141,391.317615238573239],[-112.323023836791023,33.740595108440438,391.317615238573239],[-112.323023836791023,33.740595108440438,390.14371893445292],[-112.323019996488767,33.740599090024141,390.14371893445292],[-112.323019996488767,33.740599090024141,391.317615238573239]]]}},
{"type":"Feature","properties":{"id":"7000206","creator":null,"orientation":"vertical","number_of_bulb":"3","function":null,"lane_id":null,"width":59.89,"height":201.37,"ground_height":null,"traffic_light_pole_id":null,"att_editor":null},"geometry":{"type":"Polygon","coordinates":[[[-112.323011085446254,33.740602208825024,392.10895052275265],[-112.323017343861352,33.740603562835425,392.10895052275265],[-112.323017343861352,33.740603562835425,390.095225734937401],[-112.323011085446254,33.740602208825024,390.095225734937401],[-112.323011085446254,33.740602208825024,392.10895052275265]]]}},
{"type":"Feature","properties":{"id":"7000208","creator":null,"orientation":"vertical","number_of_bulb":"5","function":null,"lane_id":null,"width":59.13,"height":200.06,"ground_height":null,"traffic_light_pole_id":null,"att_editor":null},"geometry":{"type":"Polygon","coordinates":[[[-112.323309550804908,33.7410690872155,394.58816612250854],[-112.323305420374865,33.741073152429159,394.58816612250854],[-112.323305420374865,33.741073152429159,392.587602806707537],[-112.323309550804908,33.7410690872155,392.587602806707537],[-112.323309550804908,33.7410690872155,394.58816612250854]]]}},
{"type":"Feature","properties":{"id":"7000210","creator":null,"orientation":"vertical","number_of_bulb":"3","function":null,"lane_id":null,"width":56.7,"height":130.4,"ground_height":null,"traffic_light_pole_id":null,"att_editor":null},"geometry":{"type":"Polygon","coordinates":[[[-112.3232842589874,33.741093979686013,394.18319379137472],[-112.323280298298783,33.741097877835308,394.18319379137472],[-112.323280298298783,33.741097877835308,392.879182885123896],[-112.3232842589874,33.741093979686013,392.879182885123896],[-112.3232842589874,33.741093979686013,394.18319379137472]]]}},
{"type":"Feature","properties":{"id":"7000212","creator":null,"orientation":"vertical","number_of_bulb":"3","function":null,"lane_id":null,"width":62.37,"height":135.26,"ground_height":null,"traffic_light_pole_id":null,"att_editor":null},"geometry":{"type":"Polygon","coordinates":[[[-112.323258765584455,33.741119070539568,394.10536317148501],[-112.323254408824411,33.741123358502925,394.10536317148501],[-112.323254408824411,33.741123358502925,392.752755585498107],[-112.323258765584455,33.741119070539568,392.752755585498107],[-112.323258765584455,33.741119070539568,394.10536317148501]]]}},
{"type":"Feature","properties":{"id":"7000214","creator":null,"orientation":"vertical","number_of_bulb":"3","function":null,"lane_id":null,"width":57.51,"height":132.02,"ground_height":null,"traffic_light_pole_id":null,"att_editor":null},"geometry":{"type":"Polygon","coordinates":[[[-112.323191200392074,33.741185568760244,391.685020723693242],[-112.323187183113689,33.74118952259451,391.685020723693242],[-112.323187183113689,33.74118952259451,390.364810924197059],[-112.323191200392074,33.741185568760244,390.364810924197059],[-112.323191200392074,33.741185568760244,391.685020723693242]]]}},
{"type":"Feature","properties":{"id":"7000216","creator":null,"orientation":"vertical","number_of_bulb":"5","function":null,"lane_id":null,"width":53.01,"height":168.75,"ground_height":null,"traffic_light_pole_id":null,"att_editor":null},"geometry":{"type":"Polygon","coordinates":[[[-112.323200606719524,33.741182317124249,392.047816766699611],[-112.323195193398007,33.741180767242781,392.047816766699611],[-112.323195193398007,33.741180767242781,390.360350434604186],[-112.323200606719524,33.741182317124249,390.360350434604186],[-112.323200606719524,33.741182317124249,392.047816766699611]]]}},
{"type":"Feature","properties":{"id":"7000218","creator":null,"orientation":"vertical","number_of_bulb":"5","function":null,"lane_id":null,"width":60.48,"height":203.42,"ground_height":null,"traffic_light_pole_id":null,"att_editor":null},"geometry":{"type":"Polygon","coordinates":[[[-112.323318646525067,33.74074875990398,395.028951381249442],[-112.32332332121689,33.740752566888027,395.028951381249442],[-112.32332332121689,33.740752566888027,392.994800881391313],[-112.323318646525067,33.74074875990398,392.994800881391313],[-112.323318646525067,33.74074875990398,395.028951381249442]]]}},
{"type":"Feature","properties":{"id":"7000220","creator":null,"orientation":"vertical","number_of_bulb":"3","function":null,"lane_id":null,"width":58.28,"height":129.75,"ground_height":null,"traffic_light_pole_id":null,"att_editor":null},"geometry":{"type":"Polygon","coordinates":[[[-112.32334686467108,33.740771740241122,394.501171792097068],[-112.323351369376496,33.740775408788281,394.501171792097068],[-112.323351369376496,33.740775408788281,393.203713635430745],[-112.32334686467108,33.740771740241122,393.203713635430745],[-112.32334686467108,33.740771740241122,394.501171792097068]]]}},
{"type":"Feature","properties":{"id":"7000222","creator":null,"orientation":"vertical","number_of_bulb":"3","function":null,"lane_id":null,"width":55.3,"height":123.15,"ground_height":null,"traffic_light_pole_id":null,"att_editor":null},"geometry":{"type":"Polygon","coordinates":[[[-112.323375095733098,33.740794731077663,394.278907471070227],[-112.323379369741602,33.740798211746707,394.278907471070227],[-112.323379369741602,33.740798211746707,393.047421763048021],[-112.323375095733098,33.740794731077663,393.047421763048021],[-112.323375095733098,33.740794731077663,394.278907471070227]]]}},
{"type":"Feature","properties":{"id":"7000224","creator":null,"orientation":"vertical","number_of_bulb":"3","function":null,"lane_id":null,"width":57.18,"height":130.85,"ground_height":null,"traffic_light_pole_id":null,"att_editor":null},"geometry":{"type":"Polygon","coordinates":[[[-112.323403875480224,33.740818168733121,394.008341893000306],[-112.323408295195975,33.740821768060222,394.008341893000306],[-112.323408295195975,33.740821768060222,392.699888328226677],[-112.323403875480224,33.740818168733121,392.699888328226677],[-112.323403875480224,33.740818168733121,394.008341893000306]]]}},
{"type":"Feature","properties":{"id":"7000226","creator":null,"orientation":"vertical","number_of_bulb":"3","function":null,"lane_id":null,"width":52.78,"height":122.05,"ground_height":null,"traffic_light_pole_id":null,"att_editor":null},"geometry":{"type":"Polygon","coordinates":[[[-112.323476367895694,33.740877205030714,391.657729803552854],[-112.323480447638872,33.740880527483952,391.657729803552854],[-112.323480447638872,33.740880527483952,390.437239503637954],[-112.323476367895694,33.740877205030714,390.437239503637954],[-112.323476367895694,33.740877205030714,391.657729803552854]]]}},
{"type":"Feature","properties":{"id":"7000228","creator":null,"orientation":"vertical","number_of_bulb":"5","function":null,"lane_id":null,"width":61.4,"height":193.91,"ground_height":null,"traffic_light_pole_id":null,"att_editor":null},"geometry":{"type":"Polygon","coordinates":[[[-112.323473837376099,33.74086883709144,392.301169258197888],[-112.323472735542822,33.740874296480889,392.301169258197888],[-112.323472735542822,33.740874296480889,390.362030255710408],[-112.323473837376099,33.74086883709144,390.362030255710408],[-112.323473837376099,33.74086883709144,392.301169258197888]]]}},
{"type":"Feature","properties":{"id":"7000230","creator":null,"orientation":"vertical","number_of_bulb":"3","function":null,"lane_id":null,"width":60.24,"height":129.39,"ground_height":null,"traffic_light_pole_id":null,"att_editor":null},"geometry":{"type":"Polygon","coordinates":[[[-112.285172836634729,33.714079385707862,369.053484184799572],[-112.28516636976228,33.714079934816652,369.053484184799572],[-112.28516636976228,33.714079934816652,367.759597863477438],[-112.285172836634729,33.714079385707862,367.759597863477438],[-112.285172836634729,33.714079385707862,369.053484184799572]]]}},
{"type":"Feature","properties":{"id":"7000232","creator":null,"orientation":"vertical","number_of_bulb":"3","function":null,"lane_id":null,"width":60.98,"height":130.13,"ground_height":null,"traffic_light_pole_id":null,"att_editor":null},"geometry":{"type":"Polygon","coordinates":[[[-112.285133416654546,33.714082732893473,369.03349959003782],[-112.285126869943582,33.714083288779278,369.03349959003782],[-112.285126869943582,33.714083288779278,367.732177140432157],[-112.285133416654546,33.714082732893473,367.732177140432157],[-112.285133416654546,33.714082732893473,369.03349959003782]]]}},
{"type":"Feature","properties":{"id":"7000234","creator":null,"orientation":"vertical","number_of_bulb":"3","function":null,"lane_id":null,"width":59.49,"height":127.9,"ground_height":null,"traffic_light_pole_id":null,"att_editor":null},"geometry":{"type":"Polygon","coordinates":[[[-112.28509387192409,33.714086090658824,368.906620651201195],[-112.285087484888436,33.714086632984412,368.906620651201195],[-112.285087484888436,33.714086632984412,367.62760658644595],[-112.28509387192409,33.714086090658824,367.62760658644595],[-112.28509387192409,33.714086090658824,368.906620651201195]]]}},
{"type":"Feature","properties":{"id":"7000236","creator":null,"orientation":"vertical","number_of_bulb":"4","function":null,"lane_id":null,"width":62.16,"height":165.48,"ground_height":null,"traffic_light_pole_id":null,"att_editor":null},"geometry":{"type":"Polygon","coordinates":[[[-112.284938971378011,33.714041417394164,367.312844654774324],[-112.284936469972621,33.71403621640443,367.312844654774324],[-112.284936469972621,33.71403621640443,365.658018777115785],[-112.284938971378011,33.714041417394164,365.658018777115785],[-112.284938971378011,33.714041417394164,367.312844654774324]]]}},
{"type":"Feature","properties":{"id":"7000238","creator":null,"orientation":"vertical","number_of_bulb":"3","function":null,"lane_id":null,"width":55.79,"height":124.79,"ground_height":null,"traffic_light_pole_id":null,"att_editor":null},"geometry":{"type":"Polygon","coordinates":[[[-112.284931466170676,33.714036001452783,366.93230877907996],[-112.284925688286862,33.714034587385527,366.93230877907996],[-112.284925688286862,33.714034587385527,365.684409929022024],[-112.284931466170676,33.714036001452783,365.684409929022024],[-112.284931466170676,33.714036001452783,366.93230877907996]]]}},
{"type":"Feature","properties":{"id":"7000240","creator":null,"orientation":"vertical","number_of_bulb":"3","function":null,"lane_id":null,"width":56.79,"height":119.15,"ground_height":null,"traffic_light_pole_id":null,"att_editor":null},"geometry":{"type":"Polygon","coordinates":[[[-112.284923659919798,33.714040887810761,366.840302614173424],[-112.284921723832497,33.714045746720437,366.840302614173424],[-112.284921723832497,33.714045746720437,365.648753329415001],[-112.284923659919798,33.714040887810761,365.648753329415001],[-112.284923659919798,33.714040887810761,366.840302614173424]]]}},
{"type":"Feature","properties":{"id":"7000242","creator":null,"orientation":"vertical","number_of_bulb":"4","function":null,"lane_id":null,"width":60.14,"height":164.87,"ground_height":null,"traffic_light_pole_id":null,"att_editor":null},"geometry":{"type":"Polygon","coordinates":[[[-112.284897984921869,33.713777916812909,370.434265848125165],[-112.284898057183241,33.713772494273954,370.434265848125165],[-112.284898057183241,33.713772494273954,368.785551329739633],[-112.284897984921869,33.713777916812909,368.785551329739633],[-112.284897984921869,33.713777916812909,370.434265848125165]]]}},
{"type":"Feature","properties":{"id":"7000244","creator":null,"orientation":"vertical","number_of_bulb":"3","function":null,"lane_id":null,"width":61.43,"height":129.96,"ground_height":null,"traffic_light_pole_id":null,"att_editor":null},"geometry":{"type":"Polygon","coordinates":[[[-112.28489842951393,33.713744554350335,369.922679431390804],[-112.284898503329316,33.713739015197604,369.922679431390804],[-112.284898503329316,33.713739015197604,368.62310445807509],[-112.28489842951393,33.713744554350335,368.62310445807509],[-112.28489842951393,33.713744554350335,369.922679431390804]]]}},
{"type":"Feature","properties":{"id":"7000246","creator":null,"orientation":"vertical","number_of_bulb":"3","function":null,"lane_id":null,"width":56.9,"height":129.96,"ground_height":null,"traffic_light_pole_id":null,"att_editor":null},"geometry":{"type":"Polygon","coordinates":[[[-112.284898867695759,33.713711672919253,369.792964392076613],[-112.284898936072153,33.713706541914576,369.792964392076613],[-112.284898936072153,33.713706541914576,368.493389418760955],[-112.284898867695759,33.713711672919253,368.493389418760955],[-112.284898867695759,33.713711672919253,369.792964392076613]]]}},
{"type":"Feature","properties":{"id":"7000248","creator":null,"orientation":"vertical","number_of_bulb":"3","function":null,"lane_id":null,"width":58.84,"height":122.2,"ground_height":null,"traffic_light_pole_id":null,"att_editor":null},"geometry":{"type":"Polygon","coordinates":[[[-112.284899305464933,33.713678822463528,369.55788113936319],[-112.284899376172334,33.713673516538229,369.55788113936319],[-112.284899376172334,33.713673516538229,368.335892731618628],[-112.284899305464933,33.713678822463528,368.335892731618628],[-112.284899305464933,33.713678822463528,369.55788113936319]]]}},
{"type":"Feature","properties":{"id":"7000250","creator":null,"orientation":"vertical","number_of_bulb":"3","function":null,"lane_id":null,"width":54.32,"height":122.2,"ground_height":null,"traffic_light_pole_id":null,"att_editor":null},"geometry":{"type":"Polygon","coordinates":[[[-112.2848994888611,33.71359555481051,367.162901048225535],[-112.284899554129566,33.713590657033258,367.162901048225535],[-112.284899554129566,33.713590657033258,365.940912640480917],[-112.2848994888611,33.71359555481051,365.940912640480917],[-112.2848994888611,33.71359555481051,367.162901048225535]]]}},
{"type":"Feature","properties":{"id":"7000252","creator":null,"orientation":"vertical","number_of_bulb":"3","function":null,"lane_id":null,"width":55.33,"height":127.06,"ground_height":null,"traffic_light_pole_id":null,"att_editor":null},"geometry":{"type":"Polygon","coordinates":[[[-112.284962906398462,33.713575466489004,366.833269933006591],[-112.28496841360473,33.71357354053152,366.833269933006591],[-112.28496841360473,33.71357354053152,365.562639892920174],[-112.284962906398462,33.713575466489004,365.562639892920174],[-112.284962906398462,33.713575466489004,366.833269933006591]]]}},
{"type":"Feature","properties":{"id":"7000254","creator":null,"orientation":"vertical","number_of_bulb":"3","function":null,"lane_id":null,"width":58.76,"height":125.42,"ground_height":null,"traffic_light_pole_id":null,"att_editor":null},"geometry":{"type":"Polygon","coordinates":[[[-112.284965805429678,33.71356086760261,366.813639693750304],[-112.284959612438712,33.713559732682079,366.813639693750304],[-112.284959612438712,33.713559732682079,365.559422815403082],[-112.284965805429678,33.71356086760261,365.559422815403082],[-112.284965805429678,33.71356086760261,366.813639693750304]]]}},
{"type":"Feature","properties":{"id":"7000256","creator":null,"orientation":"vertical","number_of_bulb":"3","function":null,"lane_id":null,"width":54.81,"height":127.38,"ground_height":null,"traffic_light_pole_id":null,"att_editor":null},"geometry":{"type":"Polygon","coordinates":[[[-112.285347408309946,33.713467871220047,368.453757088222972],[-112.285353313312356,33.713468148952721,368.453757088222972],[-112.285353313312356,33.713468148952721,367.179919750550823],[-112.285347408309946,33.713467871220047,367.179919750550823],[-112.285347408309946,33.713467871220047,368.453757088222972]]]}},
{"type":"Feature","properties":{"id":"7000258","creator":null,"orientation":"vertical","number_of_bulb":"3","function":null,"lane_id":null,"width":62.22,"height":125.16,"ground_height":null,"traffic_light_pole_id":null,"att_editor":null},"geometry":{"type":"Polygon","coordinates":[[[-112.285386129964792,33.713469692428141,368.343592376607376],[-112.285392832940715,33.713470007690098,368.343592376607376],[-112.285392832940715,33.713470007690098,367.091973132034184],[-112.285386129964792,33.713469692428141,367.091973132034184],[-112.285386129964792,33.713469692428141,368.343592376607376]]]}},
{"type":"Feature","properties":{"id":"7000260","creator":null,"orientation":"vertical","number_of_bulb":"3","function":null,"lane_id":null,"width":57.77,"height":129.61,"ground_height":null,"traffic_light_pole_id":null,"att_editor":null},"geometry":{"type":"Polygon","coordinates":[[[-112.285425948834231,33.713471565229106,368.173253662848879],[-112.285432173026365,33.713471857970383,368.173253662848879],[-112.285432173026365,33.713471857970383,366.877198232077831],[-112.285425948834231,33.713471565229106,366.877198232077831],[-112.285425948834231,33.713471565229106,368.173253662848879]]]}},
{"type":"Feature","properties":{"id":"7000262","creator":null,"orientation":"vertical","number_of_bulb":"3","function":null,"lane_id":null,"width":60.94,"height":123.84,"ground_height":null,"traffic_light_pole_id":null,"att_editor":null},"geometry":{"type":"Polygon","coordinates":[[[-112.285515469052015,33.713470856191918,365.666940690957347],[-112.285522000344585,33.713471491405123,365.666940690957347],[-112.285522000344585,33.713471491405123,364.428527044650821],[-112.285515469052015,33.713470856191918,364.428527044650821],[-112.285515469052015,33.713470856191918,365.666940690957347]]]}},
{"type":"Feature","properties":{"id":"7000264","creator":null,"orientation":"vertical","number_of_bulb":"4","function":null,"lane_id":null,"width":60.65,"height":163.82,"ground_height":null,"traffic_light_pole_id":null,"att_editor":null},"geometry":{"type":"Polygon","coordinates":[[[-112.285537407844913,33.713542246150816,365.819566253780977],[-112.285540394441369,33.713547112531124,365.819566253780977],[-112.285540394441369,33.713547112531124,364.181319403884629],[-112.285537407844913,33.713542246150816,364.181319403884629],[-112.285537407844913,33.713542246150816,365.819566253780977]]]}},
{"type":"Feature","properties":{"id":"7000266","creator":null,"orientation":"vertical","number_of_bulb":"3","function":null,"lane_id":null,"width":65.55,"height":129.56,"ground_height":null,"traffic_light_pole_id":null,"att_editor":null},"geometry":{"type":"Polygon","coordinates":[[[-112.285549242420245,33.713545366323025,365.474941569544569],[-112.285554095545265,33.713541066406052,365.474941569544569],[-112.285554095545265,33.713541066406052,364.179369945380017],[-112.285549242420245,33.713545366323025,364.179369945380017],[-112.285549242420245,33.713545366323025,365.474941569544569]]]}},
{"type":"Feature","properties":{"id":"7000268","creator":null,"orientation":"vertical","number_of_bulb":"4","function":null,"lane_id":null,"width":61.57,"height":167.49,"ground_height":null,"traffic_light_pole_id":null,"att_editor":null},"geometry":{"type":"Polygon","coordinates":[[[-112.285489004169605,33.713828099620336,368.611830548303601],[-112.285489104734552,33.713833650793397,368.611830548303601],[-112.285489104734552,33.713833650793397,366.936975645733526],[-112.285489004169605,33.713828099620336,366.936975645733526],[-112.285489004169605,33.713828099620336,368.611830548303601]]]}},
{"type":"Feature","properties":{"id":"7000270","creator":null,"orientation":"vertical","number_of_bulb":"3","function":null,"lane_id":null,"width":58.79,"height":126.45,"ground_height":null,"traffic_light_pole_id":null,"att_editor":null},"geometry":{"type":"Polygon","coordinates":[[[-112.285489611183692,33.713861606700938,368.143203928213666],[-112.285489707218844,33.713866907821135,368.143203928213666],[-112.285489707218844,33.713866907821135,366.87874393554489],[-112.285489611183692,33.713861606700938,366.87874393554489],[-112.285489611183692,33.713861606700938,368.143203928213666]]]}},
{"type":"Feature","properties":{"id":"7000272","creator":null,"orientation":"vertical","number_of_bulb":"3","function":null,"lane_id":null,"width":59.9,"height":128.11,"ground_height":null,"traffic_light_pole_id":null,"att_editor":null},"geometry":{"type":"Polygon","coordinates":[[[-112.285490208246927,33.713894564446619,368.067641351897294],[-112.285490306094189,33.713899965587913,368.067641351897294],[-112.285490306094189,33.713899965587913,366.78654372774605],[-112.285490208246927,33.713894564446619,366.78654372774605],[-112.285490208246927,33.713894564446619,368.067641351897294]]]}},
{"type":"Feature","properties":{"id":"7000274","creator":null,"orientation":"vertical","number_of_bulb":"3","function":null,"lane_id":null,"width":61.57,"height":129.22,"ground_height":null,"traffic_light_pole_id":null,"att_editor":null},"geometry":{"type":"Polygon","coordinates":[[[-112.285490802918645,33.713927390132952,367.916516199264777],[-112.285490903484046,33.713932941305899,367.916516199264777],[-112.285490903484046,33.713932941305899,366.62432682079185],[-112.285490802918645,33.713927390132952,366.62432682079185],[-112.285490802918645,33.713927390132952,367.916516199264777]]]}},
{"type":"Feature","properties":{"id":"7000276","creator":null,"orientation":"vertical","number_of_bulb":"3","function":null,"lane_id":null,"width":57.38,"height":119.75,"ground_height":null,"traffic_light_pole_id":null,"att_editor":null},"geometry":{"type":"Polygon","coordinates":[[[-112.285494943790837,33.714010257591589,365.566584672937552],[-112.285493718767214,33.714015330104509,365.566584672937552],[-112.285493718767214,33.714015330104509,364.369114193585403],[-112.285494943790837,33.714010257591589,364.369114193585403],[-112.285494943790837,33.714010257591589,365.566584672937552]]]}},
{"type":"Feature","properties":{"id":"7000278","creator":null,"orientation":"vertical","number_of_bulb":"3","function":null,"lane_id":null,"width":57.64,"height":133.37,"ground_height":null,"traffic_light_pole_id":null,"att_editor":null},"geometry":{"type":"Polygon","coordinates":[[[-112.285423996563836,33.71408323294375,365.614276923272371],[-112.285430005517767,33.714084575161159,365.614276923272371],[-112.285430005517767,33.714084575161159,364.280617024627588],[-112.285423996563836,33.71408323294375,364.280617024627588],[-112.285423996563836,33.71408323294375,365.614276923272371]]]}},
{"type":"Feature","properties":{"id":"7000280","creator":null,"orientation":"vertical","number_of_bulb":"3","function":null,"lane_id":null,"width":55.95,"height":124.96,"ground_height":null,"traffic_light_pole_id":null,"att_editor":null},"geometry":{"type":"Polygon","coordinates":[[[-112.285425106423403,33.714069774088721,365.543166552334981],[-112.285419351052994,33.714071297760178,365.543166552334981],[-112.285419351052994,33.714071297760178,364.293594732498491],[-112.285425106423403,33.714069774088721,364.293594732498491],[-112.285425106423403,33.714069774088721,365.543166552334981]]]}},
{"type":"Feature","properties":{"id":"7000282","creator":null,"orientation":"vertical","number_of_bulb":"4","function":null,"lane_id":null,"width":59.71,"height":159.65,"ground_height":null,"traffic_light_pole_id":null,"att_editor":null},"geometry":{"type":"Polygon","coordinates":[[[-112.306141460669963,33.713695919504069,367.6111880464872],[-112.306141898121012,33.713690547267838,367.6111880464872],[-112.306141898121012,33.713690547267838,366.01469601406734],[-112.306141460669963,33.713695919504069,366.01469601406734],[-112.306141460669963,33.713695919504069,367.6111880464872]]]}},
{"type":"Feature","properties":{"id":"7000284","creator":null,"orientation":"vertical","number_of_bulb":"3","function":null,"lane_id":null,"width":57.76,"height":136.29,"ground_height":null,"traffic_light_pole_id":null,"att_editor":null},"geometry":{"type":"Polygon","coordinates":[[[-112.306145300846794,33.713648759153003,367.119179704178919],[-112.30614572403276,33.713643562098383,367.119179704178919],[-112.30614572403276,33.713643562098383,365.756320652113175],[-112.306145300846794,33.713648759153003,365.756320652113175],[-112.306145300846794,33.713648759153003,367.119179704178919]]]}},
{"type":"Feature","properties":{"id":"7000286","creator":null,"orientation":"vertical","number_of_bulb":"3","function":null,"lane_id":null,"width":57.76,"height":123.31,"ground_height":null,"traffic_light_pole_id":null,"att_editor":null},"geometry":{"type":"Polygon","coordinates":[[[-112.306147948358799,33.713616245627293,366.850258409083892],[-112.306148371544523,33.713611048572623,366.850258409083892],[-112.306148371544523,33.713611048572623,365.617195457214905],[-112.306147948358799,33.713616245627293,365.617195457214905],[-112.306147948358799,33.713616245627293,366.850258409083892]]]}},
{"type":"Feature","properties":{"id":"7000288","creator":null,"orientation":"vertical","number_of_bulb":"3","function":null,"lane_id":null,"width":59.71,"height":127.2,"ground_height":null,"traffic_light_pole_id":null,"att_editor":null},"geometry":{"type":"Polygon","coordinates":[[[-112.306150639331932,33.713583198344821,366.614191751851024],[-112.306151076782072,33.713577826108491,366.614191751851024],[-112.306151076782072,33.713577826108491,365.342189969923083],[-112.306150639331932,33.713583198344821,365.342189969923083],[-112.306150639331932,33.713583198344821,366.614191751851024]]]}},
{"type":"Feature","properties":{"id":"7000290","creator":null,"orientation":"vertical","number_of_bulb":"3","function":null,"lane_id":null,"width":61.01,"height":126.55,"ground_height":null,"traffic_light_pole_id":null,"att_editor":null},"geometry":{"type":"Polygon","coordinates":[[[-112.306156212657484,33.713514753426004,364.382220330655457],[-112.30615665961686,33.713509264401893,364.382220330655457],[-112.30615665961686,33.713509264401893,363.116708353737295],[-112.306156212657484,33.713514753426004,363.116708353737295],[-112.306156212657484,33.713514753426004,364.382220330655457]]]}},
{"type":"Feature","properties":{"id":"7000292","creator":null,"orientation":"vertical","number_of_bulb":"3","function":null,"lane_id":null,"width":60.88,"height":124.42,"ground_height":null,"traffic_light_pole_id":null,"att_editor":null},"geometry":{"type":"Polygon","coordinates":[[[-112.306150172713529,33.7135203475897,364.391203579627529],[-112.306156418363543,33.713518645531472,364.391203579627529],[-112.306156418363543,33.713518645531472,363.147017337025716],[-112.306150172713529,33.7135203475897,363.147017337025716],[-112.306150172713529,33.7135203475897,364.391203579627529]]]}},
{"type":"Feature","properties":{"id":"7000294","creator":null,"orientation":"vertical","number_of_bulb":"3","function":null,"lane_id":null,"width":56.84,"height":130.54,"ground_height":null,"traffic_light_pole_id":null,"att_editor":null},"geometry":{"type":"Polygon","coordinates":[[[-112.306365986051347,33.713450157199333,367.513697682651696],[-112.306372105667663,33.713450501559933,367.513697682651696],[-112.306372105667663,33.713450501559933,366.20825771671781],[-112.306365986051347,33.713450157199333,366.20825771671781],[-112.306365986051347,33.713450157199333,367.513697682651696]]]}},
{"type":"Feature","properties":{"id":"7000296","creator":null,"orientation":"vertical","number_of_bulb":"3","function":null,"lane_id":null,"width":58.62,"height":127.88,"ground_height":null,"traffic_light_pole_id":null,"att_editor":null},"geometry":{"type":"Polygon","coordinates":[[[-112.30640557232006,33.713452384776495,367.389370066848471],[-112.306411883174633,33.713452739896312,367.389370066848471],[-112.306411883174633,33.713452739896312,366.110571732872472],[-112.30640557232006,33.713452384776495,366.110571732872472],[-112.30640557232006,33.713452384776495,367.389370066848471]]]}},
{"type":"Feature","properties":{"id":"7000298","creator":null,"orientation":"vertical","number_of_bulb":"4","function":null,"lane_id":null,"width":54.76,"height":159.75,"ground_height":null,"traffic_light_pole_id":null,"att_editor":null},"geometry":{"type":"Polygon","coordinates":[[[-112.306508272129221,33.713454290550537,365.030640240195055],[-112.306511628190677,33.713458354769621,365.030640240195055],[-112.306511628190677,33.713458354769621,363.43318464031114],[-112.306508272129221,33.713454290550537,363.43318464031114],[-112.306508272129221,33.713454290550537,365.030640240195055]]]}},
{"type":"Feature","properties":{"id":"7000300","creator":null,"orientation":"vertical","number_of_bulb":"3","function":null,"lane_id":null,"width":56.34,"height":125.92,"ground_height":null,"traffic_light_pole_id":null,"att_editor":null},"geometry":{"type":"Polygon","coordinates":[[[-112.306515908262654,33.713455777298243,364.714154681940045],[-112.306521800749778,33.713457027019814,364.714154681940045],[-112.306521800749778,33.713457027019814,363.454939409426231],[-112.306515908262654,33.713455777298243,363.454939409426231],[-112.306515908262654,33.713455777298243,364.714154681940045]]]}},
{"type":"Feature","properties":{"id":"7000302","creator":null,"orientation":"vertical","number_of_bulb":"4","function":null,"lane_id":null,"width":59.0,"height":163.6,"ground_height":null,"traffic_light_pole_id":null,"att_editor":null},"geometry":{"type":"Polygon","coordinates":[[[-112.306467962844607,33.713723352135609,368.07938330776426],[-112.306467518141005,33.713728659554235,368.07938330776426],[-112.306467518141005,33.713728659554235,366.443368688930036],[-112.306467962844607,33.713723352135609,366.443368688930036],[-112.306467962844607,33.713723352135609,368.07938330776426]]]}},
{"type":"Feature","properties":{"id":"7000304","creator":null,"orientation":"vertical","number_of_bulb":"3","function":null,"lane_id":null,"width":60.82,"height":131.98,"ground_height":null,"traffic_light_pole_id":null,"att_editor":null},"geometry":{"type":"Polygon","coordinates":[[[-112.306464732152165,33.713761909574352,367.523655293652837],[-112.306464273694516,33.71376738113991,367.523655293652837],[-112.306464273694516,33.71376738113991,366.20389628886835],[-112.306464732152165,33.713761909574352,366.20389628886835],[-112.306464732152165,33.713761909574352,367.523655293652837]]]}},
{"type":"Feature","properties":{"id":"7000306","creator":null,"orientation":"vertical","number_of_bulb":"3","function":null,"lane_id":null,"width":58.39,"height":130.15,"ground_height":null,"traffic_light_pole_id":null,"att_editor":null},"geometry":{"type":"Polygon","coordinates":[[[-112.306461958482657,33.713795012545965,367.339299557097377],[-112.306461518363051,33.71380026524885,367.339299557097377],[-112.306461518363051,33.71380026524885,366.037786068508069],[-112.306461958482657,33.713795012545965,366.037786068508069],[-112.306461958482657,33.713795012545965,367.339299557097377]]]}},
{"type":"Feature","properties":{"id":"7000308","creator":null,"orientation":"vertical","number_of_bulb":"3","function":null,"lane_id":null,"width":59.0,"height":121.03,"ground_height":null,"traffic_light_pole_id":null,"att_editor":null},"geometry":{"type":"Polygon","coordinates":[[[-112.306459190613808,33.713828046267928,366.988548513990963],[-112.306458745909353,33.713833353686454,366.988548513990963],[-112.306458745909353,33.713833353686454,365.778262606377552],[-112.306459190613808,33.713828046267928,365.778262606377552],[-112.306459190613808,33.713828046267928,366.988548513990963]]]}},
{"type":"Feature","properties":{"id":"7000310","creator":null,"orientation":"vertical","number_of_bulb":"4","function":null,"lane_id":null,"width":56.57,"height":125.89,"ground_height":null,"traffic_light_pole_id":null,"att_editor":null},"geometry":{"type":"Polygon","coordinates":[[[-112.306454741276994,33.71389130203611,364.913121046789513],[-112.306454314910411,33.713896390591955,364.913121046789513],[-112.306454314910411,33.713896390591955,363.654180429322309],[-112.306454741276994,33.71389130203611,363.654180429322309],[-112.306454741276994,33.71389130203611,364.913121046789513]]]}},
{"type":"Feature","properties":{"id":"7000312","creator":null,"orientation":"vertical","number_of_bulb":"3","function":null,"lane_id":null,"width":55.22,"height":125.06,"ground_height":null,"traffic_light_pole_id":null,"att_editor":null},"geometry":{"type":"Polygon","coordinates":[[[-112.306460275898388,33.713884101633241,364.903211671750512],[-112.306454557653296,33.713885500929848,364.903211671750512],[-112.306454557653296,33.713885500929848,363.652616486990098],[-112.306460275898388,33.713884101633241,363.652616486990098],[-112.306460275898388,33.713884101633241,364.903211671750512]]]}},
{"type":"Feature","properties":{"id":"7000314","creator":null,"orientation":"vertical","number_of_bulb":"3","function":null,"lane_id":null,"width":60.26,"height":133.15,"ground_height":null,"traffic_light_pole_id":null,"att_editor":null},"geometry":{"type":"Polygon","coordinates":[[[-112.306308108849294,33.713921612259185,367.034952747469845],[-112.306301606408013,33.7139216203472,367.034952747469845],[-112.306301606408013,33.7139216203472,365.703408521504514],[-112.306308108849294,33.713921612259185,365.703408521504514],[-112.306308108849294,33.713921612259185,367.034952747469845]]]}},
{"type":"Feature","properties":{"id":"7000316","creator":null,"orientation":"vertical","number_of_bulb":"4","function":null,"lane_id":null,"width":57.28,"height":162.17,"ground_height":null,"traffic_light_pole_id":null,"att_editor":null},"geometry":{"type":"Polygon","coordinates":[[[-112.306268311500176,33.713921661755521,367.246958392386148],[-112.306262130167042,33.713921669442122,367.246958392386148],[-112.306262130167042,33.713921669442122,365.625301178640655],[-112.306268311500176,33.713921661755521,365.625301178640655],[-112.306268311500176,33.713921661755521,367.246958392386148]]]}},
{"type":"Feature","properties":{"id":"7000318","creator":null,"orientation":"vertical","number_of_bulb":"3","function":null,"lane_id":null,"width":53.62,"height":122.21,"ground_height":null,"traffic_light_pole_id":null,"att_editor":null},"geometry":{"type":"Polygon","coordinates":[[[-112.306158935365175,33.71392236126183,364.2543165204915],[-112.306153337379484,33.713921138335564,364.2543165204915],[-112.306153337379484,33.713921138335564,363.032253694486201],[-112.306158935365175,33.71392236126183,363.032253694486201],[-112.306158935365175,33.71392236126183,364.2543165204915]]]}},
{"type":"Feature","properties":{"id":"7000320","creator":null,"orientation":"vertical","number_of_bulb":"4","function":null,"lane_id":null,"width":47.63,"height":140.34,"ground_height":null,"traffic_light_pole_id":null,"att_editor":null},"geometry":{"type":"Polygon","coordinates":[[[-112.30616492160614,33.71392509175238,364.435083274408555],[-112.306163102045218,33.713921075007065,364.435083274408555],[-112.306163102045218,33.713921075007065,363.031720938944261],[-112.30616492160614,33.71392509175238,363.031720938944261],[-112.30616492160614,33.71392509175238,364.435083274408555]]]}},
{"type":"Feature","properties":{"id":"7000322","creator":null,"orientation":"vertical","number_of_bulb":"3","function":null,"lane_id":null,"width":60.75,"height":125.7,"ground_height":null,"traffic_light_pole_id":null,"att_editor":null},"geometry":{"type":"Polygon","coordinates":[[[-112.306155267003192,33.713937559414369,364.292738834770603],[-112.306161077508378,33.713935023304565,364.292738834770603],[-112.306161077508378,33.713935023304565,363.035766483668226],[-112.306155267003192,33.713937559414369,363.035766483668226],[-112.306155267003192,33.713937559414369,364.292738834770603]]]}},
{"type":"Feature","properties":{"id":"7000324","creator":null,"orientation":"vertical","number_of_bulb":"3","function":null,"lane_id":null,"width":60.93,"height":126.6,"ground_height":null,"traffic_light_pole_id":null,"att_editor":null},"geometry":{"type":"Polygon","coordinates":[[[-112.277388935032164,33.692524896054969,372.224931345790537],[-112.277394829417261,33.692527327284452,372.224931345790537],[-112.277394829417261,33.692527327284452,370.958901480958446],[-112.277388935032164,33.692524896054969,370.958901480958446],[-112.277388935032164,33.692524896054969,372.224931345790537]]]}},
{"type":"Feature","properties":{"id":"7000326","creator":null,"orientation":"vertical","number_of_bulb":"3","function":null,"lane_id":null,"width":60.93,"height":132.31,"ground_height":null,"traffic_light_pole_id":null,"att_editor":null},"geometry":{"type":"Polygon","coordinates":[[[-112.277429827335467,33.692541762703549,371.880461753808447],[-112.277435721722824,33.692544193931006,371.880461753808447],[-112.277435721722824,33.692544193931006,370.557317759735724],[-112.277429827335467,33.692541762703549,370.557317759735724],[-112.277429827335467,33.692541762703549,371.880461753808447]]]}},
{"type":"Feature","properties":{"id":"7000328","creator":null,"orientation":"vertical","number_of_bulb":"3","function":null,"lane_id":null,"width":57.12,"height":123.75,"ground_height":null,"traffic_light_pole_id":null,"att_editor":null},"geometry":{"type":"Polygon","coordinates":[[[-112.277493589197164,33.692568062206391,369.968923240788854],[-112.27749911518859,33.692570341479183,369.968923240788854],[-112.27749911518859,33.692570341479183,368.731450440577021],[-112.277493589197164,33.692568062206391,368.731450440577021],[-112.277493589197164,33.692568062206391,369.968923240788854]]]}},
{"type":"Feature","properties":{"id":"7000330","creator":null,"orientation":"vertical","number_of_bulb":"3","function":null,"lane_id":null,"width":59.87,"height":124.41,"ground_height":null,"traffic_light_pole_id":null,"att_editor":null},"geometry":{"type":"Polygon","coordinates":[[[-112.277281039068995,33.692562534703733,369.94978867092226],[-112.277284694176089,33.692558083332685,369.94978867092226],[-112.277284694176089,33.692558083332685,368.705716813804543],[-112.277281039068995,33.692562534703733,368.705716813804543],[-112.277281039068995,33.692562534703733,369.94978867092226]]]}},
{"type":"Feature","properties":{"id":"7000332","creator":null,"orientation":"vertical","number_of_bulb":"3","function":null,"lane_id":null,"width":60.43,"height":132.44,"ground_height":null,"traffic_light_pole_id":null,"att_editor":null},"geometry":{"type":"Polygon","coordinates":[[[-112.277075694488019,33.692749233393684,372.681637273575859],[-112.27706972976172,33.69274703402187,372.681637273575859],[-112.27706972976172,33.69274703402187,371.357267414535329],[-112.277075694488019,33.692749233393684,371.357267414535329],[-112.277075694488019,33.692749233393684,372.681637273575859]]]}},
{"type":"Feature","properties":{"id":"7000334","creator":null,"orientation":"vertical","number_of_bulb":"3","function":null,"lane_id":null,"width":61.26,"height":125.82,"ground_height":null,"traffic_light_pole_id":null,"att_editor":null},"geometry":{"type":"Polygon","coordinates":[[[-112.277031755706318,33.692733031849947,372.514021713291072],[-112.277025709273644,33.69273080234754,372.514021713291072],[-112.277025709273644,33.69273080234754,371.255870347202517],[-112.277031755706318,33.692733031849947,371.255870347202517],[-112.277031755706318,33.692733031849947,372.514021713291072]]]}},
{"type":"Feature","properties":{"id":"7000336","creator":null,"orientation":"vertical","number_of_bulb":"3","function":null,"lane_id":null,"width":63.74,"height":129.95,"ground_height":null,"traffic_light_pole_id":null,"att_editor":null},"geometry":{"type":"Polygon","coordinates":[[[-112.276989920935165,33.692717606097396,372.132748046840675],[-112.276983629379032,33.692715286207594,372.132748046840675],[-112.276983629379032,33.692715286207594,370.833210122657135],[-112.276989920935165,33.692717606097396,370.833210122657135],[-112.276989920935165,33.692717606097396,372.132748046840675]]]}},
{"type":"Feature","properties":{"id":"7000338","creator":null,"orientation":"vertical","number_of_bulb":"3","function":null,"lane_id":null,"width":59.91,"height":119.25,"ground_height":null,"traffic_light_pole_id":null,"att_editor":null},"geometry":{"type":"Polygon","coordinates":[[[-112.276927767848093,33.692701951160373,370.110230580838561],[-112.276927767077751,33.69269654853391,370.110230580838561],[-112.276927767077751,33.69269654853391,368.91768254430059],[-112.276927767848093,33.692701951160373,368.91768254430059],[-112.276927767848093,33.692701951160373,370.110230580838561]]]}},
{"type":"Feature","properties":{"id":"7000340","creator":null,"orientation":"vertical","number_of_bulb":"4","function":null,"lane_id":null,"width":59.65,"height":169.82,"ground_height":null,"traffic_light_pole_id":null,"att_editor":null},"geometry":{"type":"Polygon","coordinates":[[[-112.275471049252019,33.69632309917899,375.730856902764515],[-112.275468471007358,33.696328027674994,375.730856902764515],[-112.275468471007358,33.696328027674994,374.032670979028353],[-112.275471049252019,33.69632309917899,374.032670979028353],[-112.275471049252019,33.69632309917899,375.730856902764515]]]}},
{"type":"Feature","properties":{"id":"7000342","creator":null,"orientation":"vertical","number_of_bulb":"3","function":null,"lane_id":null,"width":58.82,"height":128.4,"ground_height":null,"traffic_light_pole_id":null,"att_editor":null},"geometry":{"type":"Polygon","coordinates":[[[-112.27545536492589,33.696353080862224,375.258678377628087],[-112.275452822488489,33.69635794090658,375.258678377628087],[-112.275452822488489,33.69635794090658,373.974684142608055],[-112.27545536492589,33.696353080862224,373.974684142608055],[-112.27545536492589,33.696353080862224,375.258678377628087]]]}},
{"type":"Feature","properties":{"id":"7000344","creator":null,"orientation":"vertical","number_of_bulb":"3","function":null,"lane_id":null,"width":62.13,"height":124.26,"ground_height":null,"traffic_light_pole_id":null,"att_editor":null},"geometry":{"type":"Polygon","coordinates":[[[-112.275397624558977,33.696463455409415,372.319341171673443],[-112.275394938878947,33.696468589257904,372.319341171673443],[-112.275394938878947,33.696468589257904,371.076766105524996],[-112.275397624558977,33.696463455409415,371.076766105524996],[-112.275397624558977,33.696463455409415,372.319341171673443]]]}},
{"type":"Feature","properties":{"id":"7000346","creator":null,"orientation":"vertical","number_of_bulb":"3","function":null,"lane_id":null,"width":56.52,"height":158.84,"ground_height":null,"traffic_light_pole_id":null,"att_editor":null},"geometry":{"type":"Polygon","coordinates":[[[-112.27540282547767,33.696457253112051,372.637478573696114],[-112.275396975027036,33.696458690716248,372.637478573696114],[-112.275396975027036,33.696458690716248,371.049037512208201],[-112.27540282547767,33.696457253112051,371.049037512208201],[-112.27540282547767,33.696457253112051,372.637478573696114]]]}},
{"type":"Feature","properties":{"id":"7000348","creator":null,"orientation":"vertical","number_of_bulb":"4","function":null,"lane_id":null,"width":62.23,"height":160.48,"ground_height":null,"traffic_light_pole_id":null,"att_editor":null},"geometry":{"type":"Polygon","coordinates":[[[-112.275098024938757,33.696463878996575,376.195509997015392],[-112.275091891029945,33.696461596718706,376.195509997015392],[-112.275091891029945,33.696461596718706,374.590678219305005],[-112.275098024938757,33.696463878996575,374.590678219305005],[-112.275098024938757,33.696463878996575,376.195509997015392]]]}},
{"type":"Feature","properties":{"id":"7000350","creator":null,"orientation":"vertical","number_of_bulb":"3","function":null,"lane_id":null,"width":58.96,"height":131.66,"ground_height":null,"traffic_light_pole_id":null,"att_editor":null},"geometry":{"type":"Polygon","coordinates":[[[-112.275002787969115,33.696428443594471,375.268637766215363],[-112.27499697690223,33.696426281431918,375.268637766215363],[-112.27499697690223,33.696426281431918,373.95202067511417],[-112.275002787969115,33.696428443594471,373.95202067511417],[-112.275002787969115,33.696428443594471,375.268637766215363]]]}},
{"type":"Feature","properties":{"id":"7000352","creator":null,"orientation":"vertical","number_of_bulb":"3","function":null,"lane_id":null,"width":56.34,"height":126.42,"ground_height":null,"traffic_light_pole_id":null,"att_editor":null},"geometry":{"type":"Polygon","coordinates":[[[-112.274966686720802,33.696415011154947,374.877664718329299],[-112.27496113392526,33.696412945086841,374.877664718329299],[-112.27496113392526,33.696412945086841,373.613450297520728],[-112.274966686720802,33.696415011154947,373.613450297520728],[-112.274966686720802,33.696415011154947,374.877664718329299]]]}},
{"type":"Feature","properties":{"id":"7000354","creator":null,"orientation":"vertical","number_of_bulb":"4","function":null,"lane_id":null,"width":59.36,"height":161.38,"ground_height":null,"traffic_light_pole_id":null,"att_editor":null},"geometry":{"type":"Polygon","coordinates":[[[-112.274887267468117,33.696363570763516,372.569781392445293],[-112.274885549614595,33.696358413725328,372.569781392445293],[-112.274885549614595,33.696358413725328,370.956018101335644],[-112.274887267468117,33.696363570763516,370.956018101335644],[-112.274887267468117,33.696363570763516,372.569781392445293]]]}},
{"type":"Feature","properties":{"id":"7000356","creator":null,"orientation":"vertical","number_of_bulb":"3","function":null,"lane_id":null,"width":61.15,"height":125.91,"ground_height":null,"traffic_light_pole_id":null,"att_editor":null},"geometry":{"type":"Polygon","coordinates":[[[-112.274884997195358,33.696353137988311,372.23699275123829],[-112.274879426587304,33.696350184623029,372.23699275123829],[-112.274879426587304,33.696350184623029,370.977891853945323],[-112.274884997195358,33.696353137988311,370.977891853945323],[-112.274884997195358,33.696353137988311,372.23699275123829]]]}},
{"type":"Feature","properties":{"id":"7000358","creator":null,"orientation":"vertical","number_of_bulb":"4","function":null,"lane_id":null,"width":54.3,"height":165.21,"ground_height":null,"traffic_light_pole_id":null,"att_editor":null},"geometry":{"type":"Polygon","coordinates":[[[-112.27494271576029,33.696199138542539,375.150748567849291],[-112.27494484706007,33.696194577599165,375.150748567849291],[-112.27494484706007,33.696194577599165,373.498689747885919],[-112.27494271576029,33.696199138542539,373.498689747885919],[-112.27494271576029,33.696199138542539,375.150748567849291]]]}},
{"type":"Feature","properties":{"id":"7000360","creator":null,"orientation":"vertical","number_of_bulb":"3","function":null,"lane_id":null,"width":57.4,"height":131.08,"ground_height":null,"traffic_light_pole_id":null,"att_editor":null},"geometry":{"type":"Polygon","coordinates":[[[-112.274956957405735,33.696168661666768,374.801722056589483],[-112.274959210492511,33.696163840097839,374.801722056589483],[-112.274959210492511,33.696163840097839,373.490933603191309],[-112.274956957405735,33.696168661666768,373.490933603191309],[-112.274956957405735,33.696168661666768,374.801722056589483]]]}},
{"type":"Feature","properties":{"id":"7000362","creator":null,"orientation":"vertical","number_of_bulb":"3","function":null,"lane_id":null,"width":55.85,"height":129.53,"ground_height":null,"traffic_light_pole_id":null,"att_editor":null},"geometry":{"type":"Polygon","coordinates":[[[-112.274971466880714,33.696137611617331,374.645387265087777],[-112.274973659071748,33.696132920360817,374.645387265087777],[-112.274973659071748,33.696132920360817,373.35011110107888],[-112.274971466880714,33.696137611617331,373.35011110107888],[-112.274971466880714,33.696137611617331,374.645387265087777]]]}},
{"type":"Feature","properties":{"id":"7000364","creator":null,"orientation":"vertical","number_of_bulb":"3","function":null,"lane_id":null,"width":58.18,"height":128.75,"ground_height":null,"traffic_light_pole_id":null,"att_editor":null},"geometry":{"type":"Polygon","coordinates":[[[-112.275003001923736,33.696064121739695,371.940916561867255],[-112.275005285452437,33.696059235013614,371.940916561867255],[-112.275005285452437,33.696059235013614,370.653396542553082],[-112.275003001923736,33.696064121739695,370.653396542553082],[-112.275003001923736,33.696064121739695,371.940916561867255]]]}},
{"type":"Feature","properties":{"id":"7000366","creator":null,"orientation":"vertical","number_of_bulb":"4","function":null,"lane_id":null,"width":61.31,"height":164.99,"ground_height":null,"traffic_light_pole_id":null,"att_editor":null},"geometry":{"type":"Polygon","coordinates":[[[-112.274997823945967,33.69607125391741,372.297878393639166],[-112.27500402507944,33.696069329416069,372.297878393639166],[-112.27500402507944,33.696069329416069,370.647996083406099],[-112.274997823945967,33.69607125391741,370.647996083406099],[-112.274997823945967,33.69607125391741,372.297878393639166]]]}},
{"type":"Feature","properties":{"id":"7000368","creator":null,"orientation":"vertical","number_of_bulb":"4","function":null,"lane_id":null,"width":62.55,"height":165.38,"ground_height":null,"traffic_light_pole_id":null,"att_editor":null},"geometry":{"type":"Polygon","coordinates":[[[-112.275326907583107,33.696101517070616,375.278472895169841],[-112.27533306020878,33.696103834392289,375.278472895169841],[-112.27533306020878,33.696103834392289,373.624624611473962],[-112.275326907583107,33.696101517070616,373.624624611473962],[-112.275326907583107,33.696101517070616,375.278472895169841]]]}},
{"type":"Feature","properties":{"id":"7000370","creator":null,"orientation":"vertical","number_of_bulb":"3","function":null,"lane_id":null,"width":60.15,"height":127.5,"ground_height":null,"traffic_light_pole_id":null,"att_editor":null},"geometry":{"type":"Polygon","coordinates":[[[-112.275406903758963,33.696131646753749,374.639673995592318],[-112.275412819749221,33.696133874943719,374.639673995592318],[-112.275412819749221,33.696133874943719,373.364707318706792],[-112.275406903758963,33.696131646753749,373.364707318706792],[-112.275406903758963,33.696131646753749,374.639673995592318]]]}},
{"type":"Feature","properties":{"id":"7000372","creator":null,"orientation":"vertical","number_of_bulb":"3","function":null,"lane_id":null,"width":59.54,"height":125.09,"ground_height":null,"traffic_light_pole_id":null,"att_editor":null},"geometry":{"type":"Polygon","coordinates":[[[-112.275442906261787,33.696145206677862,374.443843323818271],[-112.275448763093934,33.696147412584189,374.443843323818271],[-112.275448763093934,33.696147412584189,373.192932621968282],[-112.275442906261787,33.696145206677862,373.192932621968282],[-112.275442906261787,33.696145206677862,374.443843323818271]]]}},
{"type":"Feature","properties":{"id":"7000374","creator":null,"orientation":"vertical","number_of_bulb":"3","function":null,"lane_id":null,"width":58.94,"height":127.5,"ground_height":null,"traffic_light_pole_id":null,"att_editor":null},"geometry":{"type":"Polygon","coordinates":[[[-112.275526165558205,33.696176565266697,372.173654648488139],[-112.275531963234542,33.696178748887128,372.173654648488139],[-112.275531963234542,33.696178748887128,370.898687971602612],[-112.275526165558205,33.696176565266697,370.898687971602612],[-112.275526165558205,33.696176565266697,372.173654648488139]]]}},
{"type":"Feature","properties":{"id":"7000376","creator":null,"orientation":"vertical","number_of_bulb":"4","function":null,"lane_id":null,"width":53.68,"height":162.42,"ground_height":null,"traffic_light_pole_id":null,"att_editor":null},"geometry":{"type":"Polygon","coordinates":[[[-112.275518714059828,33.696169228297805,372.501704500243761],[-112.275519363083276,33.696174038520937,372.501704500243761],[-112.275519363083276,33.696174038520937,370.877474525623313],[-112.275518714059828,33.696169228297805,370.877474525623313],[-112.275518714059828,33.696169228297805,372.501704500243761]]]}},
{"type":"Feature","properties":{"id":"7000378","creator":null,"orientation":"vertical","number_of_bulb":"4","function":null,"lane_id":null,"width":60.25,"height":165.67,"ground_height":null,"traffic_light_pole_id":null,"att_editor":null},"geometry":{"type":"Polygon","coordinates":[[[-112.276363466628666,33.712165627544763,383.467627212195509],[-112.276357354807061,33.712163775576926,383.467627212195509],[-112.276357354807061,33.712163775576926,381.810942772398505],[-112.276363466628666,33.712165627544763,381.810942772398505],[-112.276363466628666,33.712165627544763,383.467627212195509]]]}},
{"type":"Feature","properties":{"id":"7000380","creator":null,"orientation":"vertical","number_of_bulb":"3","function":null,"lane_id":null,"width":59.75,"height":132.66,"ground_height":null,"traffic_light_pole_id":null,"att_editor":null},"geometry":{"type":"Polygon","coordinates":[[[-112.276317112287956,33.712151581518533,383.068516869880682],[-112.2763110514001,33.712149744981467,383.068516869880682],[-112.2763110514001,33.712149744981467,381.741914254073492],[-112.276317112287956,33.712151581518533,381.741914254073492],[-112.276317112287956,33.712151581518533,383.068516869880682]]]}},
{"type":"Feature","properties":{"id":"7000382","creator":null,"orientation":"vertical","number_of_bulb":"4","function":null,"lane_id":null,"width":59.09,"height":158.43,"ground_height":null,"traffic_light_pole_id":null,"att_editor":null},"geometry":{"type":"Polygon","coordinates":[[[-112.276212410166735,33.712124228106291,380.95514947565465],[-112.276210600230797,33.71211911860884,380.95514947565465],[-112.276210600230797,33.71211911860884,379.370890837079173],[-112.276212410166735,33.712124228106291,379.370890837079173],[-112.276212410166735,33.712124228106291,380.95514947565465]]]}},
{"type":"Feature","properties":{"id":"7000384","creator":null,"orientation":"vertical","number_of_bulb":"3","function":null,"lane_id":null,"width":55.62,"height":131.39,"ground_height":null,"traffic_light_pole_id":null,"att_editor":null},"geometry":{"type":"Polygon","coordinates":[[[-112.276204377792538,33.712119995175499,380.633802474341564],[-112.276198934593893,33.712117881798292,380.633802474341564],[-112.276198934593893,33.712117881798292,379.319949540913171],[-112.276204377792538,33.712119995175499,379.319949540913171],[-112.276204377792538,33.712119995175499,380.633802474341564]]]}},
{"type":"Feature","properties":{"id":"7000386","creator":null,"orientation":"vertical","number_of_bulb":"4","function":null,"lane_id":null,"width":58.48,"height":169.25,"ground_height":null,"traffic_light_pole_id":null,"att_editor":null},"geometry":{"type":"Polygon","coordinates":[[[-112.276292615038784,33.711890731798363,383.823342014887658],[-112.276295656466701,33.711886111619606,383.823342014887658],[-112.276295656466701,33.711886111619606,382.130793457060861],[-112.276292615038784,33.711890731798363,382.130793457060861],[-112.276292615038784,33.711890731798363,383.823342014887658]]]}},
{"type":"Feature","properties":{"id":"7000388","creator":null,"orientation":"vertical","number_of_bulb":"3","function":null,"lane_id":null,"width":59.71,"height":127.4,"ground_height":null,"traffic_light_pole_id":null,"att_editor":null},"geometry":{"type":"Polygon","coordinates":[[[-112.276319657723775,33.711849651719582,383.231238522243302],[-112.276322763178825,33.711844934273259,383.231238522243302],[-112.276322763178825,33.711844934273259,381.95721106235186],[-112.276319657723775,33.711849651719582,381.95721106235186],[-112.276319657723775,33.711849651719582,383.231238522243302]]]}},
{"type":"Feature","properties":{"id":"7000390","creator":null,"orientation":"vertical","number_of_bulb":"3","function":null,"lane_id":null,"width":62.17,"height":131.1,"ground_height":null,"traffic_light_pole_id":null,"att_editor":null},"geometry":{"type":"Polygon","coordinates":[[[-112.276338584586796,33.711820900220502,383.045058180882336],[-112.276341818099723,33.711815988239834,383.045058180882336],[-112.276341818099723,33.711815988239834,381.734102388820133],[-112.276338584586796,33.711820900220502,381.734102388820133],[-112.276338584586796,33.711820900220502,383.045058180882336]]]}},
{"type":"Feature","properties":{"id":"7000392","creator":null,"orientation":"vertical","number_of_bulb":"3","function":null,"lane_id":null,"width":62.17,"height":131.71,"ground_height":null,"traffic_light_pole_id":null,"att_editor":null},"geometry":{"type":"Polygon","coordinates":[[[-112.276357753550556,33.71179178092801,382.788098536194013],[-112.276360987061352,33.711786868946866,382.788098536194013],[-112.276360987061352,33.711786868946866,381.47098802210337],[-112.276357753550556,33.71179178092801,381.47098802210337],[-112.276357753550556,33.71179178092801,382.788098536194013]]]}},
{"type":"Feature","properties":{"id":"7000394","creator":null,"orientation":"vertical","number_of_bulb":"3","function":null,"lane_id":null,"width":52.94,"height":115.09,"ground_height":null,"traffic_light_pole_id":null,"att_editor":null},"geometry":{"type":"Polygon","coordinates":[[[-112.276396621657341,33.711729720556647,380.544221519161567],[-112.276399374939984,33.711725538076848,380.544221519161567],[-112.276399374939984,33.711725538076848,379.393288499839343],[-112.276396621657341,33.711729720556647,379.393288499839343],[-112.276396621657341,33.711729720556647,380.544221519161567]]]}},
{"type":"Feature","properties":{"id":"7000396","creator":null,"orientation":"vertical","number_of_bulb":"4","function":null,"lane_id":null,"width":55.66,"height":163.53,"ground_height":null,"traffic_light_pole_id":null,"att_editor":null},"geometry":{"type":"Polygon","coordinates":[[[-112.276466023299079,33.711707632757836,380.706006405598316],[-112.276471980123716,33.711708274681712,380.706006405598316],[-112.276471980123716,33.711708274681712,379.070657036146258],[-112.276466023299079,33.711707632757836,379.070657036146258],[-112.276466023299079,33.711707632757836,380.706006405598316]]]}},
{"type":"Feature","properties":{"id":"7000398","creator":null,"orientation":"vertical","number_of_bulb":"3","function":null,"lane_id":null,"width":56.67,"height":127.27,"ground_height":null,"traffic_light_pole_id":null,"att_editor":null},"geometry":{"type":"Polygon","coordinates":[[[-112.276480628753404,33.711696467508851,380.336343676842546],[-112.276474766520465,33.711695013894065,380.336343676842546],[-112.276474766520465,33.711695013894065,379.063665661115806],[-112.276480628753404,33.711696467508851,379.063665661115806],[-112.276480628753404,33.711696467508851,380.336343676842546]]]}},
{"type":"Feature","properties":{"id":"7000400","creator":null,"orientation":"vertical","number_of_bulb":"4","function":null,"lane_id":null,"width":58.06,"height":160.1,"ground_height":null,"traffic_light_pole_id":null,"att_editor":null},"geometry":{"type":"Polygon","coordinates":[[[-112.276599936046864,33.711757008557804,383.943948477755782],[-112.276605744482211,33.711758969669134,383.943948477755782],[-112.276605744482211,33.711758969669134,382.342970977472874],[-112.276599936046864,33.711757008557804,382.342970977472874],[-112.276599936046864,33.711757008557804,383.943948477755782]]]}},
{"type":"Feature","properties":{"id":"7000402","creator":null,"orientation":"vertical","number_of_bulb":"3","function":null,"lane_id":null,"width":59.28,"height":128.93,"ground_height":null,"traffic_light_pole_id":null,"att_editor":null},"geometry":{"type":"Polygon","coordinates":[[[-112.276630304231077,33.711767261812412,383.34549147800783],[-112.27663623495063,33.711769264208819,383.34549147800783],[-112.27663623495063,33.711769264208819,382.056154636176927],[-112.276630304231077,33.711767261812412,382.056154636176927],[-112.276630304231077,33.711767261812412,383.34549147800783]]]}},
{"type":"Feature","properties":{"id":"7000404","creator":null,"orientation":"vertical","number_of_bulb":"3","function":null,"lane_id":null,"width":59.28,"height":127.71,"ground_height":null,"traffic_light_pole_id":null,"att_editor":null},"geometry":{"type":"Polygon","coordinates":[[[-112.27672463786017,33.711799111750153,380.338407367117497],[-112.276730568583986,33.711801114141892,380.338407367117497],[-112.276730568583986,33.711801114141892,379.061291727578919],[-112.27672463786017,33.711799111750153,379.061291727578919],[-112.27672463786017,33.711799111750153,380.338407367117497]]]}},
{"type":"Feature","properties":{"id":"7000406","creator":null,"orientation":"vertical","number_of_bulb":"4","function":null,"lane_id":null,"width":54.97,"height":158.74,"ground_height":null,"traffic_light_pole_id":null,"att_editor":null},"geometry":{"type":"Polygon","coordinates":[[[-112.276717348505784,33.711795466266125,380.660095353699546],[-112.276718747904354,33.711800283529755,380.660095353699546],[-112.276718747904354,33.711800283529755,379.072717856576219],[-112.276717348505784,33.711795466266125,379.072717856576219],[-112.276717348505784,33.711795466266125,380.660095353699546]]]}},
{"type":"Feature","properties":{"id":"7000408","creator":null,"orientation":"vertical","number_of_bulb":"4","function":null,"lane_id":null,"width":59.5,"height":167.67,"ground_height":null,"traffic_light_pole_id":null,"att_editor":null},"geometry":{"type":"Polygon","coordinates":[[[-112.276613971770104,33.712046524834776,383.537763223715103],[-112.276611253051414,33.712051385634048,383.537763223715103],[-112.276611253051414,33.712051385634048,381.861102557344395],[-112.276613971770104,33.712046524834776,381.861102557344395],[-112.276613971770104,33.712046524834776,383.537763223715103]]]}},
{"type":"Feature","properties":{"id":"7000410","creator":null,"orientation":"vertical","number_of_bulb":"3","function":null,"lane_id":null,"width":61.51,"height":134.44,"ground_height":null,"traffic_light_pole_id":null,"att_editor":null},"geometry":{"type":"Polygon","coordinates":[[[-112.276597165582004,33.712076572621989,383.068713539024372],[-112.276594355060496,33.712081597551759,383.068713539024372],[-112.276594355060496,33.712081597551759,381.724294387187967],[-112.276597165582004,33.712076572621989,381.724294387187967],[-112.276597165582004,33.712076572621989,383.068713539024372]]]}},
{"type":"Feature","properties":{"id":"7000412","creator":null,"orientation":"vertical","number_of_bulb":"3","function":null,"lane_id":null,"width":58.96,"height":129.27,"ground_height":null,"traffic_light_pole_id":null,"att_editor":null},"geometry":{"type":"Polygon","coordinates":[[[-112.276580313923276,33.712106701683354,382.862463029056926],[-112.276577619916537,33.712111518292843,382.862463029056926],[-112.276577619916537,33.712111518292843,381.569811741113085],[-112.276580313923276,33.712106701683354,381.569811741113085],[-112.276580313923276,33.712106701683354,382.862463029056926]]]}},
{"type":"Feature","properties":{"id":"7000414","creator":null,"orientation":"vertical","number_of_bulb":"3","function":null,"lane_id":null,"width":59.5,"height":129.27,"ground_height":null,"traffic_light_pole_id":null,"att_editor":null},"geometry":{"type":"Polygon","coordinates":[[[-112.276563516539298,33.712136733684432,382.638682915924335],[-112.276560797815037,33.712141594482603,382.638682915924335],[-112.276560797815037,33.712141594482603,381.346031627980551],[-112.276563516539298,33.712136733684432,381.346031627980551],[-112.276563516539298,33.712136733684432,382.638682915924335]]]}},
{"type":"Feature","properties":{"id":"7000416","creator":null,"orientation":"vertical","number_of_bulb":"3","function":null,"lane_id":null,"width":59.54,"height":127.33,"ground_height":null,"traffic_light_pole_id":null,"att_editor":null},"geometry":{"type":"Polygon","coordinates":[[[-112.276524080314971,33.712213066304791,380.342831609582788],[-112.276520016378427,33.712217224589821,380.342831609582788],[-112.276520016378427,33.712217224589821,379.069507433027354],[-112.276524080314971,33.712213066304791,379.069507433027354],[-112.276524080314971,33.712213066304791,380.342831609582788]]]}},
{"type":"Feature","properties":{"id":"7000418","creator":null,"orientation":"vertical","number_of_bulb":"4","function":null,"lane_id":null,"width":59.76,"height":162.77,"ground_height":null,"traffic_light_pole_id":null,"att_editor":null},"geometry":{"type":"Polygon","coordinates":[[[-112.276530581175919,33.712207137423789,380.660709235101365],[-112.276524192990934,33.712206404084426,380.660709235101365],[-112.276524192990934,33.712206404084426,379.032982790225958],[-112.276530581175919,33.712207137423789,379.032982790225958],[-112.276530581175919,33.712207137423789,380.660709235101365]]]}},
{"type":"Feature","properties":{"id":"7000420","creator":null,"orientation":"vertical","number_of_bulb":"3","function":null,"lane_id":null,"width":60.51,"height":128.64,"ground_height":null,"traffic_light_pole_id":null,"att_editor":null},"geometry":{"type":"Polygon","coordinates":[[[-112.276462779253066,33.712199279512511,380.370812704812124],[-112.27646609853565,33.712203978112647,380.370812704812124],[-112.27646609853565,33.712203978112647,379.084378220864551],[-112.276462779253066,33.712199279512511,379.084378220864551],[-112.276462779253066,33.712199279512511,380.370812704812124]]]}},
{"type":"Feature","properties":{"id":"7000422","creator":null,"orientation":"vertical","number_of_bulb":"3","function":null,"lane_id":null,"width":57.8,"height":135.42,"ground_height":null,"traffic_light_pole_id":null,"att_editor":null},"geometry":{"type":"Polygon","coordinates":[[[-112.27231116789919,33.711046041515829,385.458589201345035],[-112.272305078827372,33.711044914342743,385.458589201345035],[-112.272305078827372,33.711044914342743,384.104427123806374],[-112.27231116789919,33.711046041515829,384.104427123806374],[-112.27231116789919,33.711046041515829,385.458589201345035]]]}},
{"type":"Feature","properties":{"id":"7000424","creator":null,"orientation":"vertical","number_of_bulb":"3","function":null,"lane_id":null,"width":64.46,"height":131.87,"ground_height":null,"traffic_light_pole_id":null,"att_editor":null},"geometry":{"type":"Polygon","coordinates":[[[-112.272235671201159,33.711032065988491,385.207870908746429],[-112.272228880694229,33.711030808965255,385.207870908746429],[-112.272228880694229,33.711030808965255,383.889121019427819],[-112.272235671201159,33.711032065988491,383.889121019427819],[-112.272235671201159,33.711032065988491,385.207870908746429]]]}},
{"type":"Feature","properties":{"id":"7000426","creator":null,"orientation":"vertical","number_of_bulb":"3","function":null,"lane_id":null,"width":63.46,"height":137.82,"ground_height":null,"traffic_light_pole_id":null,"att_editor":null},"geometry":{"type":"Polygon","coordinates":[[[-112.272197344015453,33.711024971054258,385.038689179524567],[-112.272190657978882,33.711023733367732,385.038689179524567],[-112.272190657978882,33.711023733367732,383.660446813996202],[-112.272197344015453,33.711024971054258,383.660446813996202],[-112.272197344015453,33.711024971054258,385.038689179524567]]]}},
{"type":"Feature","properties":{"id":"7000428","creator":null,"orientation":"vertical","number_of_bulb":"3","function":null,"lane_id":null,"width":58.63,"height":124.39,"ground_height":null,"traffic_light_pole_id":null,"att_editor":null},"geometry":{"type":"Polygon","coordinates":[[[-112.272096624781881,33.711008773176566,382.610571413082425],[-112.272090414708401,33.711007762674321,382.610571413082425],[-112.272090414708401,33.711007762674321,381.366689375632404],[-112.272096624781881,33.711008773176566,381.366689375632404],[-112.272096624781881,33.711008773176566,382.610571413082425]]]}},
{"type":"Feature","properties":{"id":"7000430","creator":null,"orientation":"vertical","number_of_bulb":"3","function":null,"lane_id":null,"width":51.87,"height":119.44,"ground_height":null,"traffic_light_pole_id":null,"att_editor":null},"geometry":{"type":"Polygon","coordinates":[[[-112.272106635048758,33.711013349215293,382.566025763739958],[-112.272105175716604,33.711008833066693,382.566025763739958],[-112.272105175716604,33.711008833066693,381.37166616172766],[-112.272106635048758,33.711013349215293,381.37166616172766],[-112.272106635048758,33.711013349215293,382.566025763739958]]]}},
{"type":"Feature","properties":{"id":"7000432","creator":null,"orientation":"vertical","number_of_bulb":"3","function":null,"lane_id":null,"width":59.19,"height":134.87,"ground_height":null,"traffic_light_pole_id":null,"att_editor":null},"geometry":{"type":"Polygon","coordinates":[[[-112.272097598365491,33.710756126443279,385.184059976452659],[-112.272098292636173,33.710750820204787,385.184059976452659],[-112.272098292636173,33.710750820204787,383.835377786843765],[-112.272097598365491,33.710756126443279,383.835377786843765],[-112.272097598365491,33.710756126443279,385.184059976452659]]]}},
{"type":"Feature","properties":{"id":"7000434","creator":null,"orientation":"vertical","number_of_bulb":"3","function":null,"lane_id":null,"width":59.19,"height":135.84,"ground_height":null,"traffic_light_pole_id":null,"att_editor":null},"geometry":{"type":"Polygon","coordinates":[[[-112.272101798132852,33.710724028049931,385.057924232100788],[-112.272102492403064,33.710718721811432,385.057924232100788],[-112.272102492403064,33.710718721811432,383.699539292926318],[-112.272101798132852,33.710724028049931,383.699539292926318],[-112.272101798132852,33.710724028049931,385.057924232100788]]]}},
{"type":"Feature","properties":{"id":"7000436","creator":null,"orientation":"vertical","number_of_bulb":"3","function":null,"lane_id":null,"width":59.89,"height":133.07,"ground_height":null,"traffic_light_pole_id":null,"att_editor":null},"geometry":{"type":"Polygon","coordinates":[[[-112.272106069946233,33.710691378994404,384.88639348085303],[-112.272106772345609,33.71068601062192,384.88639348085303],[-112.272106772345609,33.71068601062192,383.555730683294428],[-112.272106069946233,33.710691378994404,383.555730683294428],[-112.272106069946233,33.710691378994404,384.88639348085303]]]}},
{"type":"Feature","properties":{"id":"7000438","creator":null,"orientation":"vertical","number_of_bulb":"3","function":null,"lane_id":null,"width":60.44,"height":138.06,"ground_height":null,"traffic_light_pole_id":null,"att_editor":null},"geometry":{"type":"Polygon","coordinates":[[[-112.272110333932034,33.710658789742546,384.717634943766882],[-112.272111042834638,33.710653371662914,384.717634943766882],[-112.272111042834638,33.710653371662914,383.337072291299819],[-112.272110333932034,33.710658789742546,383.337072291299819],[-112.272110333932034,33.710658789742546,384.717634943766882]]]}},
{"type":"Feature","properties":{"id":"7000440","creator":null,"orientation":"vertical","number_of_bulb":"5","function":null,"lane_id":null,"width":61.13,"height":194.05,"ground_height":null,"traffic_light_pole_id":null,"att_editor":null},"geometry":{"type":"Polygon","coordinates":[[[-112.272121312767922,33.710574879407922,382.984654566008885],[-112.272122029798936,33.71056939919422,382.984654566008885],[-112.272122029798936,33.71056939919422,381.04410465290249],[-112.272121312767922,33.710574879407922,381.04410465290249],[-112.272121312767922,33.710574879407922,382.984654566008885]]]}},
{"type":"Feature","properties":{"id":"7000442","creator":null,"orientation":"vertical","number_of_bulb":"3","function":null,"lane_id":null,"width":52.97,"height":123.85,"ground_height":null,"traffic_light_pole_id":null,"att_editor":null},"geometry":{"type":"Polygon","coordinates":[[[-112.272115544873259,33.710582393683111,382.284131863113544],[-112.272120970226993,33.710580891181451,382.284131863113544],[-112.272120970226993,33.710580891181451,381.045603430824997],[-112.272115544873259,33.710582393683111,381.045603430824997],[-112.272115544873259,33.710582393683111,382.284131863113544]]]}},
{"type":"Feature","properties":{"id":"7000444","creator":null,"orientation":"vertical","number_of_bulb":"3","function":null,"lane_id":null,"width":60.27,"height":126.38,"ground_height":null,"traffic_light_pole_id":null,"att_editor":null},"geometry":{"type":"Polygon","coordinates":[[[-112.27211305524942,33.710567064400173,382.281783545598387],[-112.272106725618002,33.71056581752886,382.281783545598387],[-112.272106725618002,33.71056581752886,381.017956625846409],[-112.27211305524942,33.710567064400173,381.017956625846409],[-112.27211305524942,33.710567064400173,382.281783545598387]]]}},
{"type":"Feature","properties":{"id":"7000446","creator":null,"orientation":"vertical","number_of_bulb":"3","function":null,"lane_id":null,"width":54.66,"height":124.59,"ground_height":null,"traffic_light_pole_id":null,"att_editor":null},"geometry":{"type":"Polygon","coordinates":[[[-112.272088275773939,33.711014101886434,382.610199143543127],[-112.272086439222321,33.711018786351829,382.610199143543127],[-112.272086439222321,33.711018786351829,381.364300193411907],[-112.272088275773939,33.711014101886434,381.364300193411907],[-112.272088275773939,33.711014101886434,382.610199143543127]]]}},
{"type":"Feature","properties":{"id":"7000448","creator":null,"orientation":"vertical","number_of_bulb":"3","function":null,"lane_id":null,"width":62.19,"height":129.98,"ground_height":null,"traffic_light_pole_id":null,"att_editor":null},"geometry":{"type":"Polygon","coordinates":[[[-112.272458994946234,33.710605214977441,385.313481729172167],[-112.272465643378098,33.710605977980677,385.313481729172167],[-112.272465643378098,33.710605977980677,384.01371840700034],[-112.272458994946234,33.710605214977441,384.01371840700034],[-112.272458994946234,33.710605214977441,385.313481729172167]]]}},
{"type":"Feature","properties":{"id":"7000450","creator":null,"orientation":"vertical","number_of_bulb":"3","function":null,"lane_id":null,"width":67.24,"height":137.26,"ground_height":null,"traffic_light_pole_id":null,"att_editor":null},"geometry":{"type":"Polygon","coordinates":[[[-112.272535736424146,33.710614022143922,385.246252591818404],[-112.272542923919374,33.710614847007783,385.246252591818404],[-112.272542923919374,33.710614847007783,383.873657704180005],[-112.272535736424146,33.710614022143922,383.873657704180005],[-112.272535736424146,33.710614022143922,385.246252591818404]]]}},
{"type":"Feature","properties":{"id":"7000452","creator":null,"orientation":"vertical","number_of_bulb":"3","function":null,"lane_id":null,"width":60.19,"height":129.66,"ground_height":null,"traffic_light_pole_id":null,"att_editor":null},"geometry":{"type":"Polygon","coordinates":[[[-112.272575175800341,33.710618548349039,385.066074501976004],[-112.272581610320501,33.710619286796522,385.066074501976004],[-112.272581610320501,33.710619286796522,383.76951256729717],[-112.272575175800341,33.710618548349039,383.76951256729717],[-112.272575175800341,33.710618548349039,385.066074501976004]]]}},
{"type":"Feature","properties":{"id":"7000454","creator":null,"orientation":"vertical","number_of_bulb":"3","function":null,"lane_id":null,"width":58.69,"height":128.72,"ground_height":null,"traffic_light_pole_id":null,"att_editor":null},"geometry":{"type":"Polygon","coordinates":[[[-112.272677116506898,33.710629066580019,382.901924051265155],[-112.272683390593329,33.71062978661022,382.901924051265155],[-112.272683390593329,33.71062978661022,381.61476619234702],[-112.272677116506898,33.710629066580019,381.61476619234702],[-112.272677116506898,33.710629066580019,382.901924051265155]]]}},
{"type":"Feature","properties":{"id":"7000456","creator":null,"orientation":"vertical","number_of_bulb":"3","function":null,"lane_id":null,"width":56.78,"height":127.44,"ground_height":null,"traffic_light_pole_id":null,"att_editor":null},"geometry":{"type":"Polygon","coordinates":[[[-112.272666855869801,33.710624205307447,382.858510523134782],[-112.272668446166421,33.710629150512894,382.858510523134782],[-112.272668446166421,33.710629150512894,381.584144370369245],[-112.272666855869801,33.710624205307447,381.584144370369245],[-112.272666855869801,33.710624205307447,382.858510523134782]]]}},
{"type":"Feature","properties":{"id":"7000458","creator":null,"orientation":"vertical","number_of_bulb":"3","function":null,"lane_id":null,"width":60.02,"height":199.02,"ground_height":null,"traffic_light_pole_id":null,"att_editor":null},"geometry":{"type":"Polygon","coordinates":[[[-112.272684137902232,33.710623398715562,383.549367894289389],[-112.2726872197685,33.710618638365219,383.549367894289389],[-112.2726872197685,33.710618638365219,381.559202609374552],[-112.272684137902232,33.710623398715562,381.559202609374552],[-112.272684137902232,33.710623398715562,383.549367894289389]]]}},
{"type":"Feature","properties":{"id":"7000460","creator":null,"orientation":"vertical","number_of_bulb":"3","function":null,"lane_id":null,"width":60.08,"height":134.72,"ground_height":null,"traffic_light_pole_id":null,"att_editor":null},"geometry":{"type":"Polygon","coordinates":[[[-112.272664542888151,33.710867884665667,385.612057155920013],[-112.272664022664046,33.710873284900849,385.612057155920013],[-112.272664022664046,33.710873284900849,384.264809791079131],[-112.272664542888151,33.710867884665667,384.264809791079131],[-112.272664542888151,33.710867884665667,385.612057155920013]]]}},
{"type":"Feature","properties":{"id":"7000462","creator":null,"orientation":"vertical","number_of_bulb":"3","function":null,"lane_id":null,"width":62.41,"height":132.98,"ground_height":null,"traffic_light_pole_id":null,"att_editor":null},"geometry":{"type":"Polygon","coordinates":[[[-112.272661483256172,33.710899645454248,385.551365411805818],[-112.27266094282885,33.710905255407326,385.551365411805818],[-112.27266094282885,33.710905255407326,384.221614765988875],[-112.272661483256172,33.710899645454248,384.221614765988875],[-112.272661483256172,33.710899645454248,385.551365411805818]]]}},
{"type":"Feature","properties":{"id":"7000464","creator":null,"orientation":"vertical","number_of_bulb":"3","function":null,"lane_id":null,"width":59.49,"height":126.56,"ground_height":null,"traffic_light_pole_id":null,"att_editor":null},"geometry":{"type":"Polygon","coordinates":[[[-112.272658304456783,33.710932643250409,385.459507636930368],[-112.272657789282746,33.710937991056106,385.459507636930368],[-112.272657789282746,33.710937991056106,384.193911627534362],[-112.272658304456783,33.710932643250409,384.193911627534362],[-112.272658304456783,33.710932643250409,385.459507636930368]]]}},
{"type":"Feature","properties":{"id":"7000466","creator":null,"orientation":"vertical","number_of_bulb":"3","function":null,"lane_id":null,"width":58.91,"height":132.98,"ground_height":null,"traffic_light_pole_id":null,"att_editor":null},"geometry":{"type":"Polygon","coordinates":[[[-112.272655115869568,33.710965742628481,385.355620867725861],[-112.272654605745942,33.710971038004658,385.355620867725861],[-112.272654605745942,33.710971038004658,384.025870221908917],[-112.272655115869568,33.710965742628481,384.025870221908917],[-112.272655115869568,33.710965742628481,385.355620867725861]]]}},
{"type":"Feature","properties":{"id":"7000468","creator":null,"orientation":"vertical","number_of_bulb":"3","function":null,"lane_id":null,"width":59.81,"height":127.3,"ground_height":null,"traffic_light_pole_id":null,"att_editor":null},"geometry":{"type":"Polygon","coordinates":[[[-112.272654454385659,33.711042021260141,383.113835718401219],[-112.272648360359455,33.711043795702253,383.113835718401219],[-112.272648360359455,33.711043795702253,381.840857079016359],[-112.272654454385659,33.711042021260141,381.840857079016359],[-112.272654454385659,33.711042021260141,383.113835718401219]]]}},
{"type":"Feature","properties":{"id":"7000470","creator":null,"orientation":"vertical","number_of_bulb":"3","function":null,"lane_id":null,"width":62.74,"height":133.83,"ground_height":null,"traffic_light_pole_id":null,"att_editor":null},"geometry":{"type":"Polygon","coordinates":[[[-112.272649505492055,33.71105020580638,383.139176031235365],[-112.272647841819435,33.711055689888958,383.139176031235365],[-112.272647841819435,33.711055689888958,381.80089585276545],[-112.272649505492055,33.71105020580638,381.80089585276545],[-112.272649505492055,33.71105020580638,383.139176031235365]]]}},
{"type":"Feature","properties":{"id":"7000472","creator":null,"orientation":"vertical","number_of_bulb":"3","function":null,"lane_id":null,"width":59.57,"height":135.49,"ground_height":null,"traffic_light_pole_id":null,"att_editor":null},"geometry":{"type":"Polygon","coordinates":[[[-112.272657243538944,33.711057083392546,383.177654519004875],[-112.272663509222639,33.711058282298865,383.177654519004875],[-112.272663509222639,33.711058282298865,381.822735717351463],[-112.272657243538944,33.711057083392546,381.822735717351463],[-112.272657243538944,33.711057083392546,383.177654519004875]]]}},
{"type":"Feature","properties":{"id":"7000474","creator":null,"orientation":"vertical","number_of_bulb":"4","function":null,"lane_id":null,"width":64.42,"height":163.68,"ground_height":null,"traffic_light_pole_id":null,"att_editor":null},"geometry":{"type":"Polygon","coordinates":[[[-112.272532844572254,33.707227075637284,383.233548387386008],[-112.272525895525192,33.707226949150275,383.233548387386008],[-112.272525895525192,33.707226949150275,381.596718975851616],[-112.272532844572254,33.707227075637284,381.596718975851616],[-112.272532844572254,33.707227075637284,383.233548387386008]]]}},
{"type":"Feature","properties":{"id":"7000476","creator":null,"orientation":"vertical","number_of_bulb":"3","function":null,"lane_id":null,"width":61.39,"height":130.34,"ground_height":null,"traffic_light_pole_id":null,"att_editor":null},"geometry":{"type":"Polygon","coordinates":[[[-112.27248811008198,33.707226261370316,382.766559440692504],[-112.272481488048953,33.707226140833257,382.766559440692504],[-112.272481488048953,33.707226140833257,381.463158242618874],[-112.27248811008198,33.707226261370316,381.463158242618874],[-112.27248811008198,33.707226261370316,382.766559440692504]]]}},
{"type":"Feature","properties":{"id":"7000478","creator":null,"orientation":"vertical","number_of_bulb":"3","function":null,"lane_id":null,"width":56.84,"height":127.31,"ground_height":null,"traffic_light_pole_id":null,"att_editor":null},"geometry":{"type":"Polygon","coordinates":[[[-112.272443021752679,33.70722544064629,382.590964966060994],[-112.27243689024067,33.707225329035666,382.590964966060994],[-112.27243689024067,33.707225329035666,381.317875423756504],[-112.272443021752679,33.70722544064629,381.317875423756504],[-112.272443021752679,33.70722544064629,382.590964966060994]]]}},
{"type":"Feature","properties":{"id":"7000480","creator":null,"orientation":"vertical","number_of_bulb":"3","function":null,"lane_id":null,"width":56.89,"height":128.11,"ground_height":null,"traffic_light_pole_id":null,"att_editor":null},"geometry":{"type":"Polygon","coordinates":[[[-112.272331285197069,33.707225686215139,380.179924495091484],[-112.272325432221209,33.707224139195624,380.179924495091484],[-112.272325432221209,33.707224139195624,378.898800083413278],[-112.272331285197069,33.707225686215139,378.898800083413278],[-112.272331285197069,33.707225686215139,380.179924495091484]]]}},
{"type":"Feature","properties":{"id":"7000482","creator":null,"orientation":"vertical","number_of_bulb":"4","function":null,"lane_id":null,"width":58.35,"height":165.61,"ground_height":null,"traffic_light_pole_id":null,"att_editor":null},"geometry":{"type":"Polygon","coordinates":[[[-112.272278095369529,33.707202615776609,380.760111762968165],[-112.272277185434717,33.707197409553146,380.760111762968165],[-112.272277185434717,33.707197409553146,379.104017344076794],[-112.272278095369529,33.707202615776609,379.104017344076794],[-112.272278095369529,33.707202615776609,380.760111762968165]]]}},
{"type":"Feature","properties":{"id":"7000484","creator":null,"orientation":"vertical","number_of_bulb":"3","function":null,"lane_id":null,"width":57.65,"height":132.84,"ground_height":null,"traffic_light_pole_id":null,"att_editor":null},"geometry":{"type":"Polygon","coordinates":[[[-112.272264143557734,33.707191562191184,380.389934861884683],[-112.272262729039284,33.707196625133896,380.389934861884683],[-112.272262729039284,33.707196625133896,379.061513855120609],[-112.272264143557734,33.707191562191184,379.061513855120609],[-112.272264143557734,33.707191562191184,380.389934861884683]]]}},
{"type":"Feature","properties":{"id":"7000486","creator":null,"orientation":"vertical","number_of_bulb":"4","function":null,"lane_id":null,"width":60.28,"height":168.66,"ground_height":null,"traffic_light_pole_id":null,"att_editor":null},"geometry":{"type":"Polygon","coordinates":[[[-112.272298891927946,33.707119441515943,383.232069299139937],[-112.272298948007162,33.707114005459808,383.232069299139937],[-112.272298948007162,33.707114005459808,381.545511114252406],[-112.272298891927946,33.707119441515943,381.545511114252406],[-112.272298891927946,33.707119441515943,383.232069299139937]]]}},
{"type":"Feature","properties":{"id":"7000488","creator":null,"orientation":"vertical","number_of_bulb":"3","function":null,"lane_id":null,"width":57.85,"height":131.52,"ground_height":null,"traffic_light_pole_id":null,"att_editor":null},"geometry":{"type":"Polygon","coordinates":[[[-112.272299135504355,33.707095830363009,382.836306548173525],[-112.272299189317749,33.707090613945482,382.836306548173525],[-112.272299189317749,33.707090613945482,381.521156483423738],[-112.272299135504355,33.707095830363009,381.521156483423738],[-112.272299135504355,33.707095830363009,382.836306548173525]]]}},
{"type":"Feature","properties":{"id":"7000490","creator":null,"orientation":"vertical","number_of_bulb":"3","function":null,"lane_id":null,"width":65.32,"height":134.22,"ground_height":null,"traffic_light_pole_id":null,"att_editor":null},"geometry":{"type":"Polygon","coordinates":[[[-112.272295858589857,33.707035114502695,380.250072354432803],[-112.272297352296391,33.707029357753875,380.250072354432803],[-112.272297352296391,33.707029357753875,378.907885242822545],[-112.272295858589857,33.707035114502695,378.907885242822545],[-112.272295858589857,33.707035114502695,380.250072354432803]]]}},
{"type":"Feature","properties":{"id":"7000492","creator":null,"orientation":"vertical","number_of_bulb":"4","function":null,"lane_id":null,"width":62.88,"height":159.54,"ground_height":null,"traffic_light_pole_id":null,"att_editor":null},"geometry":{"type":"Polygon","coordinates":[[[-112.27229479197203,33.707041426272738,380.515984088987068],[-112.272301114145137,33.707039368343388,380.515984088987068],[-112.272301114145137,33.707039368343388,378.920539797168658],[-112.27229479197203,33.707041426272738,378.920539797168658],[-112.27229479197203,33.707041426272738,380.515984088987068]]]}},
{"type":"Feature","properties":{"id":"7000494","creator":null,"orientation":"vertical","number_of_bulb":"4","function":null,"lane_id":null,"width":60.95,"height":167.58,"ground_height":null,"traffic_light_pole_id":null,"att_editor":null},"geometry":{"type":"Polygon","coordinates":[[[-112.272551154195014,33.706993670456598,383.382630891998474],[-112.272557723589628,33.706993426245901,383.382630891998474],[-112.272557723589628,33.706993426245901,381.706805500357632],[-112.272551154195014,33.706993670456598,381.706805500357632],[-112.272551154195014,33.706993670456598,383.382630891998474]]]}},
{"type":"Feature","properties":{"id":"7000496","creator":null,"orientation":"vertical","number_of_bulb":"3","function":null,"lane_id":null,"width":61.58,"height":132.67,"ground_height":null,"traffic_light_pole_id":null,"att_editor":null},"geometry":{"type":"Polygon","coordinates":[[[-112.272634803841356,33.706990560838307,382.729301000027647],[-112.272641441666522,33.706990314079249,382.729301000027647],[-112.272641441666522,33.706990314079249,381.402605898311947],[-112.272634803841356,33.706990560838307,381.402605898311947],[-112.272634803841356,33.706990560838307,382.729301000027647]]]}},
{"type":"Feature","properties":{"id":"7000498","creator":null,"orientation":"vertical","number_of_bulb":"3","function":null,"lane_id":null,"width":59.68,"height":132.03,"ground_height":null,"traffic_light_pole_id":null,"att_editor":null},"geometry":{"type":"Polygon","coordinates":[[[-112.27268152095661,33.706988824136808,382.271067494500812],[-112.272687953487889,33.706988585007068,382.271067494500812],[-112.272687953487889,33.706988585007068,380.950720216238324],[-112.27268152095661,33.706988824136808,380.950720216238324],[-112.27268152095661,33.706988824136808,382.271067494500812]]]}},
{"type":"Feature","properties":{"id":"7000500","creator":null,"orientation":"vertical","number_of_bulb":"3","function":null,"lane_id":null,"width":59.68,"height":130.77,"ground_height":null,"traffic_light_pole_id":null,"att_editor":null},"geometry":{"type":"Polygon","coordinates":[[[-112.272752900358398,33.706985154458813,380.204057482557403],[-112.27275933288908,33.70698491532535,380.204057482557403],[-112.27275933288908,33.70698491532535,378.89640585120128],[-112.272752900358398,33.706985154458813,378.89640585120128],[-112.272752900358398,33.706985154458813,380.204057482557403]]]}},
{"type":"Feature","properties":{"id":"7000502","creator":null,"orientation":"vertical","number_of_bulb":"4","function":null,"lane_id":null,"width":60.13,"height":165.14,"ground_height":null,"traffic_light_pole_id":null,"att_editor":null},"geometry":{"type":"Polygon","coordinates":[[[-112.272827404009519,33.70703583559164,380.789884259653718],[-112.272828370994517,33.707041197012842,380.789884259653718],[-112.272828370994517,33.707041197012842,379.13850003674969],[-112.272827404009519,33.70703583559164,379.13850003674969],[-112.272827404009519,33.70703583559164,380.789884259653718]]]}},
{"type":"Feature","properties":{"id":"7000504","creator":null,"orientation":"vertical","number_of_bulb":"3","function":null,"lane_id":null,"width":56.9,"height":130.33,"ground_height":null,"traffic_light_pole_id":null,"att_editor":null},"geometry":{"type":"Polygon","coordinates":[[[-112.272839587845453,33.707041143597515,380.43081513473328],[-112.272842691524119,33.707036716007494,380.43081513473328],[-112.272842691524119,33.707036716007494,379.127502501282436],[-112.272839587845453,33.707041143597515,379.127502501282436],[-112.272839587845453,33.707041143597515,380.43081513473328]]]}},
{"type":"Feature","properties":{"id":"7000506","creator":null,"orientation":"vertical","number_of_bulb":"3","function":null,"lane_id":null,"width":62.01,"height":136.41,"ground_height":null,"traffic_light_pole_id":null,"att_editor":null},"geometry":{"type":"Polygon","coordinates":[[[-112.272829608499904,33.70717377477574,383.092423044391694],[-112.272829800664056,33.707179364434324,383.092423044391694],[-112.272829800664056,33.707179364434324,381.728330302471875],[-112.272829608499904,33.70717377477574,381.728330302471875],[-112.272829608499904,33.70717377477574,383.092423044391694]]]}},
{"type":"Feature","properties":{"id":"7000508","creator":null,"orientation":"vertical","number_of_bulb":"4","function":null,"lane_id":null,"width":57.05,"height":171.13,"ground_height":null,"traffic_light_pole_id":null,"att_editor":null},"geometry":{"type":"Polygon","coordinates":[[[-112.272828481337783,33.707140987934658,383.646198194449482],[-112.272828658128603,33.707146130420547,383.646198194449482],[-112.272828658128603,33.707146130420547,381.934881845495511],[-112.272828481337783,33.707140987934658,381.934881845495511],[-112.272828481337783,33.707140987934658,383.646198194449482]]]}},
{"type":"Feature","properties":{"id":"7000510","creator":null,"orientation":"vertical","number_of_bulb":"3","function":null,"lane_id":null,"width":58.29,"height":132.69,"ground_height":null,"traffic_light_pole_id":null,"att_editor":null},"geometry":{"type":"Polygon","coordinates":[[[-112.272834361887973,33.707239170571476,380.377510337941487],[-112.27283454252283,33.707244424850437,380.377510337941487],[-112.27283454252283,33.707244424850437,379.050620125346768],[-112.272834361887973,33.707239170571476,379.050620125346768],[-112.272834361887973,33.707239170571476,380.377510337941487]]]}},
{"type":"Feature","properties":{"id":"7000512","creator":null,"orientation":"vertical","number_of_bulb":"3","function":null,"lane_id":null,"width":57.54,"height":161.75,"ground_height":null,"traffic_light_pole_id":null,"att_editor":null},"geometry":{"type":"Polygon","coordinates":[[[-112.272834773832216,33.707231612111606,380.641944711456688],[-112.272830001229437,33.707234931455098,380.641944711456688],[-112.272830001229437,33.707234931455098,379.024418206829807],[-112.272834773832216,33.707231612111606,379.024418206829807],[-112.272834773832216,33.707231612111606,380.641944711456688]]]}},
{"type":"Feature","properties":{"id":"7000514","creator":null,"orientation":"vertical","number_of_bulb":"5","function":null,"lane_id":null,"width":68.15,"height":203.38,"ground_height":null,"traffic_light_pole_id":null,"att_editor":null},"geometry":{"type":"Polygon","coordinates":[[[-112.272477168346327,33.703552919027551,381.403586499474898],[-112.272469815964229,33.703552987660302,381.403586499474898],[-112.272469815964229,33.703552987660302,379.369813923294771],[-112.272477168346327,33.703552919027551,379.369813923294771],[-112.272477168346327,33.703552919027551,381.403586499474898]]]}},
{"type":"Feature","properties":{"id":"7000516","creator":null,"orientation":"vertical","number_of_bulb":"3","function":null,"lane_id":null,"width":50.92,"height":116.22,"ground_height":null,"traffic_light_pole_id":null,"att_editor":null},"geometry":{"type":"Polygon","coordinates":[[[-112.272396694098887,33.703553670211718,380.707846829061282],[-112.272391200010944,33.703553721494188,380.707846829061282],[-112.272391200010944,33.703553721494188,379.54569107124405],[-112.272396694098887,33.703553670211718,379.54569107124405],[-112.272396694098887,33.703553670211718,380.707846829061282]]]}},
{"type":"Feature","properties":{"id":"7000518","creator":null,"orientation":"vertical","number_of_bulb":"3","function":null,"lane_id":null,"width":59.76,"height":141.53,"ground_height":null,"traffic_light_pole_id":null,"att_editor":null},"geometry":{"type":"Polygon","coordinates":[[[-112.272357851704783,33.703554032766007,380.599643538465557],[-112.272351404230875,33.703554092945431,380.599643538465557],[-112.272351404230875,33.703554092945431,379.184389426175244],[-112.272357851704783,33.703554032766007,379.184389426175244],[-112.272357851704783,33.703554032766007,380.599643538465557]]]}},
{"type":"Feature","properties":{"id":"7000520","creator":null,"orientation":"vertical","number_of_bulb":"3","function":null,"lane_id":null,"width":54.37,"height":126.25,"ground_height":null,"traffic_light_pole_id":null,"att_editor":null},"geometry":{"type":"Polygon","coordinates":[[[-112.272255732453957,33.703556511729992,378.372318849522969],[-112.272249969488399,33.70355559358655,378.372318849522969],[-112.272249969488399,33.70355559358655,377.109841879724513],[-112.272255732453957,33.703556511729992,377.109841879724513],[-112.272255732453957,33.703556511729992,378.372318849522969]]]}},
{"type":"Feature","properties":{"id":"7000522","creator":null,"orientation":"vertical","number_of_bulb":"3","function":null,"lane_id":null,"width":64.04,"height":137.0,"ground_height":null,"traffic_light_pole_id":null,"att_editor":null},"geometry":{"type":"Polygon","coordinates":[[[-112.272264701889938,33.70356038609691,378.399749659242559],[-112.272262854884531,33.703554821179317,378.399749659242559],[-112.272262854884531,33.703554821179317,377.029710922322124],[-112.272264701889938,33.70356038609691,377.029710922322124],[-112.272264701889938,33.70356038609691,378.399749659242559]]]}},
{"type":"Feature","properties":{"id":"7000524","creator":null,"orientation":"vertical","number_of_bulb":"3","function":null,"lane_id":null,"width":70.87,"height":147.64,"ground_height":null,"traffic_light_pole_id":null,"att_editor":null},"geometry":{"type":"Polygon","coordinates":[[[-112.272280804820198,33.703439716525352,381.279114115629227],[-112.272280926710735,33.703433326096317,381.279114115629227],[-112.272280926710735,33.703433326096317,379.802726536064256],[-112.272280804820198,33.703439716525352,379.802726536064256],[-112.272280804820198,33.703439716525352,381.279114115629227]]]}},
{"type":"Feature","properties":{"id":"7000526","creator":null,"orientation":"vertical","number_of_bulb":"3","function":null,"lane_id":null,"width":63.0,"height":136.81,"ground_height":null,"traffic_light_pole_id":null,"att_editor":null},"geometry":{"type":"Polygon","coordinates":[[[-112.272281443052549,33.70340625552889,381.082262438353894],[-112.272281551399686,33.703400575147519,381.082262438353894],[-112.272281551399686,33.703400575147519,379.714143281290376],[-112.272281443052549,33.70340625552889,379.714143281290376],[-112.272281443052549,33.70340625552889,381.082262438353894]]]}},
{"type":"Feature","properties":{"id":"7000528","creator":null,"orientation":"vertical","number_of_bulb":"5","function":null,"lane_id":null,"width":71.09,"height":198.59,"ground_height":null,"traffic_light_pole_id":null,"att_editor":null},"geometry":{"type":"Polygon","coordinates":[[[-112.272279212976258,33.703320729136173,379.064558061066691],[-112.272285269431976,33.703316794869131,379.064558061066691],[-112.272285269431976,33.703316794869131,377.078638712677105],[-112.272279212976258,33.703320729136173,377.078638712677105],[-112.272279212976258,33.703320729136173,379.064558061066691]]]}},
{"type":"Feature","properties":{"id":"7000530","creator":null,"orientation":"vertical","number_of_bulb":"3","function":null,"lane_id":null,"width":74.51,"height":152.07,"ground_height":null,"traffic_light_pole_id":null,"att_editor":null},"geometry":{"type":"Polygon","coordinates":[[[-112.272280150610769,33.703313820602219,378.465073792425471],[-112.272281864083055,33.703307255838197,378.465073792425471],[-112.272281864083055,33.703307255838197,376.944404462619843],[-112.272280150610769,33.703313820602219,376.944404462619843],[-112.272280150610769,33.703313820602219,378.465073792425471]]]}},
{"type":"Feature","properties":{"id":"7000532","creator":null,"orientation":"vertical","number_of_bulb":"5","function":null,"lane_id":null,"width":74.46,"height":208.21,"ground_height":null,"traffic_light_pole_id":null,"att_editor":null},"geometry":{"type":"Polygon","coordinates":[[[-112.272539206924776,33.703338415536621,381.57193436208189],[-112.272547238208233,33.703338580490325,381.57193436208189],[-112.272547238208233,33.703338580490325,379.489803966435716],[-112.272539206924776,33.703338415536621,379.489803966435716],[-112.272539206924776,33.703338415536621,381.57193436208189]]]}},
{"type":"Feature","properties":{"id":"7000534","creator":null,"orientation":"vertical","number_of_bulb":"3","function":null,"lane_id":null,"width":62.74,"height":152.87,"ground_height":null,"traffic_light_pole_id":null,"att_editor":null},"geometry":{"type":"Polygon","coordinates":[[[-112.272618746773233,33.703340049174066,381.060865992241418],[-112.272625514053345,33.703340188162201,381.060865992241418],[-112.272625514053345,33.703340188162201,379.532167658468325],[-112.272618746773233,33.703340049174066,379.532167658468325],[-112.272618746773233,33.703340049174066,381.060865992241418]]]}},
{"type":"Feature","properties":{"id":"7000536","creator":null,"orientation":"vertical","number_of_bulb":"3","function":null,"lane_id":null,"width":60.58,"height":143.86,"ground_height":null,"traffic_light_pole_id":null,"att_editor":null},"geometry":{"type":"Polygon","coordinates":[[[-112.272659151130455,33.703340879003512,380.640383814938843],[-112.272665685056154,33.703341013196805,380.640383814938843],[-112.272665685056154,33.703341013196805,379.201820996128788],[-112.272659151130455,33.703340879003512,379.201820996128788],[-112.272659151130455,33.703340879003512,380.640383814938843]]]}},
{"type":"Feature","properties":{"id":"7000538","creator":null,"orientation":"vertical","number_of_bulb":"3","function":null,"lane_id":null,"width":71.11,"height":144.3,"ground_height":null,"traffic_light_pole_id":null,"att_editor":null},"geometry":{"type":"Polygon","coordinates":[[[-112.272759756129119,33.703341275673914,378.315184398460417],[-112.272767303272786,33.703342431007449,378.315184398460417],[-112.272767303272786,33.703342431007449,376.872146685677421],[-112.272759756129119,33.703341275673914,376.872146685677421],[-112.272759756129119,33.703341275673914,378.315184398460417]]]}},
{"type":"Feature","properties":{"id":"7000540","creator":null,"orientation":"vertical","number_of_bulb":"3","function":null,"lane_id":null,"width":63.33,"height":143.54,"ground_height":null,"traffic_light_pole_id":null,"att_editor":null},"geometry":{"type":"Polygon","coordinates":[[[-112.272750373384341,33.703337186209296,378.366472534638206],[-112.272752301242775,33.703342665449128,378.366472534638206],[-112.272752301242775,33.703342665449128,376.931064582420674],[-112.272750373384341,33.703337186209296,376.931064582420674],[-112.272750373384341,33.703337186209296,378.366472534638206]]]}},
{"type":"Feature","properties":{"id":"7000542","creator":null,"orientation":"vertical","number_of_bulb":"3","function":null,"lane_id":null,"width":74.65,"height":154.46,"ground_height":null,"traffic_light_pole_id":null,"att_editor":null},"geometry":{"type":"Polygon","coordinates":[[[-112.272748379418047,33.703496946519671,381.332770701707545],[-112.272748383215642,33.703503677977565,381.332770701707545],[-112.272748383215642,33.703503677977565,379.788158585919973],[-112.272748379418047,33.703496946519671,379.788158585919973],[-112.272748379418047,33.703496946519671,381.332770701707545]]]}},
{"type":"Feature","properties":{"id":"7000544","creator":null,"orientation":"vertical","number_of_bulb":"3","function":null,"lane_id":null,"width":64.28,"height":146.17,"ground_height":null,"traffic_light_pole_id":null,"att_editor":null},"geometry":{"type":"Polygon","coordinates":[[[-112.27274839830072,33.703530416824073,380.513815284612122],[-112.272748401570965,33.703536213357218,380.513815284612122],[-112.272748401570965,33.703536213357218,379.052135362960712],[-112.27274839830072,33.703530416824073,379.052135362960712],[-112.27274839830072,33.703530416824073,380.513815284612122]]]}},
{"type":"Feature","properties":{"id":"7000546","creator":null,"orientation":"vertical","number_of_bulb":"5","function":null,"lane_id":null,"width":62.83,"height":203.78,"ground_height":null,"traffic_light_pole_id":null,"att_editor":null},"geometry":{"type":"Polygon","coordinates":[[[-112.272752709297706,33.703560669929047,379.135059392930259],[-112.272747120554712,33.7035638769051,379.135059392930259],[-112.272747120554712,33.7035638769051,377.097270029557421],[-112.272752709297706,33.703560669929047,377.097270029557421],[-112.272752709297706,33.703560669929047,379.135059392930259]]]}},
{"type":"Feature","properties":{"id":"7000548","creator":null,"orientation":"vertical","number_of_bulb":"3","function":null,"lane_id":null,"width":78.08,"height":159.05,"ground_height":null,"traffic_light_pole_id":null,"att_editor":null},"geometry":{"type":"Polygon","coordinates":[[[-112.272751846283853,33.703567349818144,378.577430276736038],[-112.272750563655762,33.703574309271389,378.577430276736038],[-112.272750563655762,33.703574309271389,376.986970225353161],[-112.272751846283853,33.703567349818144,376.986970225353161],[-112.272751846283853,33.703567349818144,378.577430276736038]]]}},
{"type":"Feature","properties":{"id":"7000550","creator":null,"orientation":"vertical","number_of_bulb":"3","function":null,"lane_id":null,"width":60.46,"height":133.19,"ground_height":null,"traffic_light_pole_id":null,"att_editor":null},"geometry":{"type":"Polygon","coordinates":[[[-112.269710878155948,33.71091894441507,386.59538674227565],[-112.269704354204791,33.710918954947111,386.59538674227565],[-112.269704354204791,33.710918954947111,385.263485268589875],[-112.269710878155948,33.71091894441507,385.263485268589875],[-112.269710878155948,33.71091894441507,386.59538674227565]]]}},
{"type":"Feature","properties":{"id":"7000552","creator":null,"orientation":"vertical","number_of_bulb":"3","function":null,"lane_id":null,"width":56.68,"height":131.3,"ground_height":null,"traffic_light_pole_id":null,"att_editor":null},"geometry":{"type":"Polygon","coordinates":[[[-112.269684578477765,33.710918986870233,386.406464547426594],[-112.269678462273504,33.71091899674272,386.406464547426594],[-112.269678462273504,33.71091899674272,385.093455293225702],[-112.269684578477765,33.710918986870233,385.093455293225702],[-112.269684578477765,33.710918986870233,386.406464547426594]]]}},
{"type":"Feature","properties":{"id":"7000554","creator":null,"orientation":"vertical","number_of_bulb":"3","function":null,"lane_id":null,"width":60.46,"height":133.19,"ground_height":null,"traffic_light_pole_id":null,"att_editor":null},"geometry":{"type":"Polygon","coordinates":[[[-112.269594988826341,33.710919131451305,383.474628236112949],[-112.269588464874943,33.710919141977207,383.474628236112949],[-112.269588464874943,33.710919141977207,382.14272676242723],[-112.269594988826341,33.710919131451305,382.14272676242723],[-112.269594988826341,33.710919131451305,383.474628236112949]]]}},
{"type":"Feature","properties":{"id":"7000556","creator":null,"orientation":"vertical","number_of_bulb":"4","function":null,"lane_id":null,"width":57.01,"height":169.27,"ground_height":null,"traffic_light_pole_id":null,"att_editor":null},"geometry":{"type":"Polygon","coordinates":[[[-112.269529004324781,33.710899563860181,383.648671267255452],[-112.269526130275352,33.710895017964944,383.648671267255452],[-112.269526130275352,33.710895017964944,381.955950617283861],[-112.269529004324781,33.710899563860181,381.955950617283861],[-112.269529004324781,33.710899563860181,383.648671267255452]]]}},
{"type":"Feature","properties":{"id":"7000558","creator":null,"orientation":"vertical","number_of_bulb":"4","function":null,"lane_id":null,"width":59.36,"height":169.74,"ground_height":null,"traffic_light_pole_id":null,"att_editor":null},"geometry":{"type":"Polygon","coordinates":[[[-112.269529306866175,33.710696532857362,386.365897153341507],[-112.269529441839623,33.710691180698134,386.365897153341507],[-112.269529441839623,33.710691180698134,384.668455676917574],[-112.269529306866175,33.710696532857362,384.668455676917574],[-112.269529306866175,33.710696532857362,386.365897153341507]]]}},
{"type":"Feature","properties":{"id":"7000560","creator":null,"orientation":"vertical","number_of_bulb":"3","function":null,"lane_id":null,"width":59.36,"height":126.01,"ground_height":null,"traffic_light_pole_id":null,"att_editor":null},"geometry":{"type":"Polygon","coordinates":[[[-112.269530145122303,33.710663293131496,385.94934709777732],[-112.269530280095722,33.710657940972247,385.94934709777732],[-112.269530280095722,33.710657940972247,384.689283179695792],[-112.269530145122303,33.710663293131496,384.689283179695792],[-112.269530145122303,33.710663293131496,385.94934709777732]]]}},
{"type":"Feature","properties":{"id":"7000562","creator":null,"orientation":"vertical","number_of_bulb":"3","function":null,"lane_id":null,"width":64.57,"height":133.3,"ground_height":null,"traffic_light_pole_id":null,"att_editor":null},"geometry":{"type":"Polygon","coordinates":[[[-112.269530966950526,33.710630704819664,385.958459130242829],[-112.269531113763691,33.710624883172713,385.958459130242829],[-112.269531113763691,33.710624883172713,384.625498952437567],[-112.269530966950526,33.710630704819664,384.625498952437567],[-112.269530966950526,33.710630704819664,385.958459130242829]]]}},
{"type":"Feature","properties":{"id":"7000564","creator":null,"orientation":"vertical","number_of_bulb":"3","function":null,"lane_id":null,"width":59.36,"height":136.42,"ground_height":null,"traffic_light_pole_id":null,"att_editor":null},"geometry":{"type":"Polygon","coordinates":[[[-112.269531813346063,33.710597142320815,385.905739513835613],[-112.269531948319411,33.710591790161494,385.905739513835613],[-112.269531948319411,33.710591790161494,384.541538081862996],[-112.269531813346063,33.710597142320815,384.541538081862996],[-112.269531813346063,33.710597142320815,385.905739513835613]]]}},
{"type":"Feature","properties":{"id":"7000566","creator":null,"orientation":"vertical","number_of_bulb":"3","function":null,"lane_id":null,"width":63.08,"height":132.7,"ground_height":null,"traffic_light_pole_id":null,"att_editor":null},"geometry":{"type":"Polygon","coordinates":[[[-112.269532244844243,33.710543836318877,383.199372891669043],[-112.269532388274584,33.710538148811196,383.199372891669043],[-112.269532388274584,33.710538148811196,381.872363428943288],[-112.269532244844243,33.710543836318877,381.872363428943288],[-112.269532244844243,33.710543836318877,383.199372891669043]]]}},
{"type":"Feature","properties":{"id":"7000568","creator":null,"orientation":"vertical","number_of_bulb":"4","function":null,"lane_id":null,"width":59.02,"height":167.22,"ground_height":null,"traffic_light_pole_id":null,"att_editor":null},"geometry":{"type":"Polygon","coordinates":[[[-112.269633673888464,33.710512172665297,383.603348313882691],[-112.269639959301543,33.710511314197106,383.603348313882691],[-112.269639959301543,33.710511314197106,381.931185605501014],[-112.269633673888464,33.710512172665297,381.931185605501014],[-112.269633673888464,33.710512172665297,383.603348313882691]]]}},
{"type":"Feature","properties":{"id":"7000570","creator":null,"orientation":"vertical","number_of_bulb":"3","function":null,"lane_id":null,"width":60.95,"height":133.89,"ground_height":null,"traffic_light_pole_id":null,"att_editor":null},"geometry":{"type":"Polygon","coordinates":[[[-112.269684443279601,33.710494921145262,385.818779194294564],[-112.269677870517427,33.710495106628954,385.818779194294564],[-112.269677870517427,33.710495106628954,384.479894993738867],[-112.269684443279601,33.710494921145262,384.479894993738867],[-112.269684443279601,33.710494921145262,385.818779194294564]]]}},
{"type":"Feature","properties":{"id":"7000572","creator":null,"orientation":"vertical","number_of_bulb":"4","function":null,"lane_id":null,"width":59.74,"height":167.68,"ground_height":null,"traffic_light_pole_id":null,"att_editor":null},"geometry":{"type":"Polygon","coordinates":[[[-112.26973697737651,33.710511750861563,386.406905663797545],[-112.269743419940255,33.710511562841106,386.406905663797545],[-112.269743419940255,33.710511562841106,384.730064250154442],[-112.26973697737651,33.710511750861563,384.730064250154442],[-112.26973697737651,33.710511750861563,386.406905663797545]]]}},
{"type":"Feature","properties":{"id":"7000574","creator":null,"orientation":"vertical","number_of_bulb":"3","function":null,"lane_id":null,"width":59.74,"height":134.15,"ground_height":null,"traffic_light_pole_id":null,"att_editor":null},"geometry":{"type":"Polygon","coordinates":[[[-112.269770094414284,33.710510784366718,386.186820228256863],[-112.269776536977815,33.710510596344498,386.186820228256863],[-112.269776536977815,33.710510596344498,384.845347097342369],[-112.269770094414284,33.710510784366718,384.845347097342369],[-112.269770094414284,33.710510784366718,386.186820228256863]]]}},
{"type":"Feature","properties":{"id":"7000576","creator":null,"orientation":"vertical","number_of_bulb":"3","function":null,"lane_id":null,"width":57.5,"height":128.76,"ground_height":null,"traffic_light_pole_id":null,"att_editor":null},"geometry":{"type":"Polygon","coordinates":[[[-112.269802935946643,33.710509825903493,386.296675798547994],[-112.269809136308353,33.710509644948132,386.296675798547994],[-112.269809136308353,33.710509644948132,385.009101141643498],[-112.269802935946643,33.710509825903493,385.009101141643498],[-112.269802935946643,33.710509825903493,386.296675798547994]]]}},
{"type":"Feature","properties":{"id":"7000578","creator":null,"orientation":"vertical","number_of_bulb":"3","function":null,"lane_id":null,"width":58.89,"height":168.81,"ground_height":null,"traffic_light_pole_id":null,"att_editor":null},"geometry":{"type":"Polygon","coordinates":[[[-112.269809103375223,33.71048843231172,383.483326062581341],[-112.269812809951858,33.710492746318415,383.483326062581341],[-112.269812809951858,33.710492746318415,381.795188432117641],[-112.269809103375223,33.71048843231172,381.795188432117641],[-112.269809103375223,33.71048843231172,383.483326062581341]]]}},
{"type":"Feature","properties":{"id":"7000580","creator":null,"orientation":"vertical","number_of_bulb":"4","function":null,"lane_id":null,"width":59.55,"height":166.96,"ground_height":null,"traffic_light_pole_id":null,"att_editor":null},"geometry":{"type":"Polygon","coordinates":[[[-112.269923267644359,33.710708959154609,386.671248310128931],[-112.269923348731254,33.710714328993753,386.671248310128931],[-112.269923348731254,33.710714328993753,385.00162550863547],[-112.269923267644359,33.710708959154609,385.00162550863547],[-112.269923267644359,33.710708959154609,386.671248310128931]]]}},
{"type":"Feature","properties":{"id":"7000582","creator":null,"orientation":"vertical","number_of_bulb":"3","function":null,"lane_id":null,"width":63.64,"height":135.44,"ground_height":null,"traffic_light_pole_id":null,"att_editor":null},"geometry":{"type":"Polygon","coordinates":[[[-112.269923765891818,33.71074195471023,386.246545307301517],[-112.269923852543627,33.710747693067724,386.246545307301517],[-112.269923852543627,33.710747693067724,384.892165971824284],[-112.269923765891818,33.71074195471023,384.892165971824284],[-112.269923765891818,33.71074195471023,386.246545307301517]]]}},
{"type":"Feature","properties":{"id":"7000584","creator":null,"orientation":"vertical","number_of_bulb":"3","function":null,"lane_id":null,"width":61.3,"height":139.52,"ground_height":null,"traffic_light_pole_id":null,"att_editor":null},"geometry":{"type":"Polygon","coordinates":[[[-112.269924262649482,33.710774851555385,386.118477649232432],[-112.269924346121542,33.710780379330892,386.118477649232432],[-112.269924346121542,33.710780379330892,384.723233420012377],[-112.269924262649482,33.710774851555385,384.723233420012377],[-112.269924262649482,33.710774851555385,386.118477649232432]]]}},
{"type":"Feature","properties":{"id":"7000586","creator":null,"orientation":"vertical","number_of_bulb":"3","function":null,"lane_id":null,"width":57.8,"height":130.18,"ground_height":null,"traffic_light_pole_id":null,"att_editor":null},"geometry":{"type":"Polygon","coordinates":[[[-112.269924763333123,33.710808008337402,385.980193767727656],[-112.269924842035479,33.71081322024002,385.980193767727656],[-112.269924842035479,33.71081322024002,384.678355009919812],[-112.269924763333123,33.710808008337402,384.678355009919812],[-112.269924763333123,33.710808008337402,385.980193767727656]]]}},
{"type":"Feature","properties":{"id":"7000588","creator":null,"orientation":"vertical","number_of_bulb":"3","function":null,"lane_id":null,"width":54.88,"height":126.1,"ground_height":null,"traffic_light_pole_id":null,"att_editor":null},"geometry":{"type":"Polygon","coordinates":[[[-112.269927727699297,33.710873015845138,383.189158011603581],[-112.269927802427134,33.7108779645203,383.189158011603581],[-112.269927802427134,33.7108779645203,381.928184147538616],[-112.269927727699297,33.710873015845138,381.928184147538616],[-112.269927727699297,33.710873015845138,383.189158011603581]]]}},
{"type":"Feature","properties":{"id":"7000590","creator":null,"orientation":"vertical","number_of_bulb":"3","function":null,"lane_id":null,"width":59.52,"height":128.48,"ground_height":null,"traffic_light_pole_id":null,"att_editor":null},"geometry":{"type":"Polygon","coordinates":[[[-112.269874351218704,33.710901753692021,383.33028549886177],[-112.269868114323288,33.710903035903065,383.33028549886177],[-112.269868114323288,33.710903035903065,382.045518270732146],[-112.269874351218704,33.710901753692021,382.045518270732146],[-112.269874351218704,33.710901753692021,383.33028549886177]]]}},
{"type":"Feature","properties":{"id":"7000592","creator":null,"orientation":"vertical","number_of_bulb":"3","function":null,"lane_id":null,"width":59.21,"height":129.17,"ground_height":null,"traffic_light_pole_id":null,"att_editor":null},"geometry":{"type":"Polygon","coordinates":[[[-112.263719837934943,33.710845803718307,389.442194885975482],[-112.263713459132646,33.71084610120527,389.442194885975482],[-112.263713459132646,33.71084610120527,388.150517736317966],[-112.263719837934943,33.710845803718307,388.150517736317966],[-112.263719837934943,33.710845803718307,389.442194885975482]]]}},
{"type":"Feature","properties":{"id":"7000594","creator":null,"orientation":"vertical","number_of_bulb":"3","function":null,"lane_id":null,"width":56.9,"height":130.71,"ground_height":null,"traffic_light_pole_id":null,"att_editor":null},"geometry":{"type":"Polygon","coordinates":[[[-112.263680156813294,33.710847654313703,389.411440668126545],[-112.263674026535426,33.710847940208311,389.411440668126545],[-112.263674026535426,33.710847940208311,388.104386409544475],[-112.263680156813294,33.710847654313703,388.104386409544475],[-112.263680156813294,33.710847654313703,389.411440668126545]]]}},
{"type":"Feature","properties":{"id":"7000596","creator":null,"orientation":"vertical","number_of_bulb":"5","function":null,"lane_id":null,"width":53.02,"height":194.39,"ground_height":null,"traffic_light_pole_id":null,"att_editor":null},"geometry":{"type":"Polygon","coordinates":[[[-112.263606519824378,33.710854457835694,387.177096914510173],[-112.263603952413334,33.710850185100519,387.177096914510173],[-112.263603952413334,33.710850185100519,385.233229847744724],[-112.263606519824378,33.710854457835694,385.233229847744724],[-112.263606519824378,33.710854457835694,387.177096914510173]]]}},
{"type":"Feature","properties":{"id":"7000598","creator":null,"orientation":"vertical","number_of_bulb":"3","function":null,"lane_id":null,"width":57.12,"height":129.52,"ground_height":null,"traffic_light_pole_id":null,"att_editor":null},"geometry":{"type":"Polygon","coordinates":[[[-112.26359898647496,33.710853101593244,386.585601576949387],[-112.263592837173789,33.710852749610609,386.585601576949387],[-112.263592837173789,33.710852749610609,385.290356813914627],[-112.26359898647496,33.710853101593244,385.290356813914627],[-112.26359898647496,33.710853101593244,386.585601576949387]]]}},
{"type":"Feature","properties":{"id":"7000600","creator":null,"orientation":"vertical","number_of_bulb":"5","function":null,"lane_id":null,"width":59.3,"height":204.98,"ground_height":null,"traffic_light_pole_id":null,"att_editor":null},"geometry":{"type":"Polygon","coordinates":[[[-112.263536853827745,33.710646447034627,389.665767505518204],[-112.2635370858154,33.710641103095661,389.665767505518204],[-112.2635370858154,33.710641103095661,387.615925681906731],[-112.263536853827745,33.710646447034627,387.615925681906731],[-112.263536853827745,33.710646447034627,389.665767505518204]]]}},
{"type":"Feature","properties":{"id":"7000602","creator":null,"orientation":"vertical","number_of_bulb":"3","function":null,"lane_id":null,"width":58.45,"height":139.76,"ground_height":null,"traffic_light_pole_id":null,"att_editor":null},"geometry":{"type":"Polygon","coordinates":[[[-112.26353781491936,33.710624307858794,389.242246467581936],[-112.263538043592831,33.710619040261761,389.242246467581936],[-112.263538043592831,33.710619040261761,387.844627042392347],[-112.26353781491936,33.710624307858794,387.844627042392347],[-112.26353781491936,33.710624307858794,389.242246467581936]]]}},
{"type":"Feature","properties":{"id":"7000604","creator":null,"orientation":"vertical","number_of_bulb":"3","function":null,"lane_id":null,"width":59.3,"height":135.53,"ground_height":null,"traffic_light_pole_id":null,"att_editor":null},"geometry":{"type":"Polygon","coordinates":[[[-112.263539241228472,33.71059145217658,389.058014816079549],[-112.263539473215957,33.710586108237557,389.058014816079549],[-112.263539473215957,33.710586108237557,387.702747494683535],[-112.263539241228472,33.71059145217658,387.702747494683535],[-112.263539241228472,33.71059145217658,389.058014816079549]]]}},
{"type":"Feature","properties":{"id":"7000606","creator":null,"orientation":"vertical","number_of_bulb":"3","function":null,"lane_id":null,"width":55.91,"height":131.29,"ground_height":null,"traffic_light_pole_id":null,"att_editor":null},"geometry":{"type":"Polygon","coordinates":[[[-112.263540686644802,33.710558156334962,388.715889227621631],[-112.263540905375748,33.71055311776383,388.715889227621631],[-112.263540905375748,33.71055311776383,387.402974010019307],[-112.263540686644802,33.710558156334962,387.402974010019307],[-112.263540686644802,33.710558156334962,388.715889227621631]]]}},
{"type":"Feature","properties":{"id":"7000608","creator":null,"orientation":"vertical","number_of_bulb":"3","function":null,"lane_id":null,"width":52.28,"height":126.33,"ground_height":null,"traffic_light_pole_id":null,"att_editor":null},"geometry":{"type":"Polygon","coordinates":[[[-112.263542648308359,33.710491946182167,386.528313257532204],[-112.263542852835855,33.710487234790904,386.528313257532204],[-112.263542852835855,33.710487234790904,385.265010504373834],[-112.263542648308359,33.710491946182167,385.265010504373834],[-112.263542648308359,33.710491946182167,386.528313257532204]]]}},
{"type":"Feature","properties":{"id":"7000610","creator":null,"orientation":"vertical","number_of_bulb":"3","function":null,"lane_id":null,"width":56.47,"height":134.65,"ground_height":null,"traffic_light_pole_id":null,"att_editor":null},"geometry":{"type":"Polygon","coordinates":[[[-112.263539814145858,33.710499597062736,386.566819187491944],[-112.263545230664732,33.710497264213792,386.566819187491944],[-112.263545230664732,33.710497264213792,385.220318397626386],[-112.263539814145858,33.710499597062736,385.220318397626386],[-112.263539814145858,33.710499597062736,386.566819187491944]]]}},
{"type":"Feature","properties":{"id":"7000612","creator":null,"orientation":"vertical","number_of_bulb":"3","function":null,"lane_id":null,"width":60.35,"height":133.42,"ground_height":null,"traffic_light_pole_id":null,"att_editor":null},"geometry":{"type":"Polygon","coordinates":[[[-112.263734588504548,33.710504851683659,389.068273065485812],[-112.263741097456389,33.710505007802524,389.068273065485812],[-112.263741097456389,33.710505007802524,387.734065963160447],[-112.263734588504548,33.710504851683659,387.734065963160447],[-112.263734588504548,33.710504851683659,389.068273065485812]]]}},
{"type":"Feature","properties":{"id":"7000614","creator":null,"orientation":"vertical","number_of_bulb":"3","function":null,"lane_id":null,"width":60.35,"height":128.06,"ground_height":null,"traffic_light_pole_id":null,"att_editor":null},"geometry":{"type":"Polygon","coordinates":[[[-112.263773881781333,33.710505794137461,388.889764200664615],[-112.263780390733231,33.710505950254245,388.889764200664615],[-112.263780390733231,33.710505950254245,387.609193564764382],[-112.263773881781333,33.710505794137461,387.609193564764382],[-112.263773881781333,33.710505794137461,388.889764200664615]]]}},
{"type":"Feature","properties":{"id":"7000616","creator":null,"orientation":"vertical","number_of_bulb":"3","function":null,"lane_id":null,"width":66.86,"height":129.73,"ground_height":null,"traffic_light_pole_id":null,"att_editor":null},"geometry":{"type":"Polygon","coordinates":[[[-112.263918507144851,33.710507202720862,386.269927882906813],[-112.263925565299417,33.710508451133805,386.269927882906813],[-112.263925565299417,33.710508451133805,384.972637355975792],[-112.263918507144851,33.710507202720862,384.972637355975792],[-112.263918507144851,33.710507202720862,386.269927882906813]]]}},
{"type":"Feature","properties":{"id":"7000618","creator":null,"orientation":"vertical","number_of_bulb":"5","function":null,"lane_id":null,"width":58.35,"height":200.65,"ground_height":null,"traffic_light_pole_id":null,"att_editor":null},"geometry":{"type":"Polygon","coordinates":[[[-112.263910476243623,33.71050590378649,386.951676605619411],[-112.263912926376946,33.710510750676782,386.951676605619411],[-112.263912926376946,33.710510750676782,384.94515394987792],[-112.263910476243623,33.71050590378649,384.94515394987792],[-112.263910476243623,33.71050590378649,386.951676605619411]]]}},
{"type":"Feature","properties":{"id":"7000620","creator":null,"orientation":"vertical","number_of_bulb":"5","function":null,"lane_id":null,"width":60.87,"height":201.39,"ground_height":null,"traffic_light_pole_id":null,"att_editor":null},"geometry":{"type":"Polygon","coordinates":[[[-112.263949548363343,33.710686043526657,389.328806182021481],[-112.263949749805136,33.710691530017804,389.328806182021481],[-112.263949749805136,33.710691530017804,387.314949327882459],[-112.263949548363343,33.710686043526657,387.314949327882459],[-112.263949548363343,33.710686043526657,389.328806182021481]]]}},
{"type":"Feature","properties":{"id":"7000622","creator":null,"orientation":"vertical","number_of_bulb":"3","function":null,"lane_id":null,"width":60.87,"height":135.15,"ground_height":null,"traffic_light_pole_id":null,"att_editor":null},"geometry":{"type":"Polygon","coordinates":[[[-112.263950365980222,33.710708312225982,388.926034811193631],[-112.263950567422157,33.710713798717109,388.926034811193631],[-112.263950567422157,33.710713798717109,387.574513100193712],[-112.263950365980222,33.710708312225982,387.574513100193712],[-112.263950365980222,33.710708312225982,388.926034811193631]]]}},
{"type":"Feature","properties":{"id":"7000624","creator":null,"orientation":"vertical","number_of_bulb":"3","function":null,"lane_id":null,"width":62.66,"height":132.47,"ground_height":null,"traffic_light_pole_id":null,"att_editor":null},"geometry":{"type":"Polygon","coordinates":[[[-112.263951572780897,33.710741180745401,388.733599600687114],[-112.263951780147821,33.71074682860386,388.733599600687114],[-112.263951780147821,33.71074682860386,387.408929314409022],[-112.263951572780897,33.710741180745401,387.408929314409022],[-112.263951572780897,33.710741180745401,388.733599600687114]]]}},
{"type":"Feature","properties":{"id":"7000626","creator":null,"orientation":"vertical","number_of_bulb":"3","function":null,"lane_id":null,"width":59.08,"height":128.89,"ground_height":null,"traffic_light_pole_id":null,"att_editor":null},"geometry":{"type":"Polygon","coordinates":[[[-112.263952796801789,33.710774518238594,388.399075601027391],[-112.263952992319389,33.710779843362261,388.399075601027391],[-112.263952992319389,33.710779843362261,387.11020721437842],[-112.263952796801789,33.710774518238594,387.11020721437842],[-112.263952796801789,33.710774518238594,388.399075601027391]]]}},
{"type":"Feature","properties":{"id":"7000628","creator":null,"orientation":"vertical","number_of_bulb":"3","function":null,"lane_id":null,"width":56.54,"height":129.83,"ground_height":null,"traffic_light_pole_id":null,"att_editor":null},"geometry":{"type":"Polygon","coordinates":[[[-112.263958887953919,33.710840251305108,386.171590259868083],[-112.263957668118479,33.710845247439146,386.171590259868083],[-112.263957668118479,33.710845247439146,384.87328781812073],[-112.263958887953919,33.710840251305108,384.87328781812073],[-112.263958887953919,33.710840251305108,386.171590259868083]]]}},
{"type":"Feature","properties":{"id":"7000630","creator":null,"orientation":"vertical","number_of_bulb":"3","function":null,"lane_id":null,"width":62.58,"height":132.19,"ground_height":null,"traffic_light_pole_id":null,"att_editor":null},"geometry":{"type":"Polygon","coordinates":[[[-112.263845905105995,33.710862832362956,386.531734672235643],[-112.26383938443135,33.710864299770563,386.531734672235643],[-112.26383938443135,33.710864299770563,385.209798225863096],[-112.263845905105995,33.710862832362956,385.209798225863096],[-112.263845905105995,33.710862832362956,386.531734672235643]]]}},
{"type":"Feature","properties":{"id":"7000632","creator":null,"orientation":"vertical","number_of_bulb":"3","function":null,"lane_id":null,"width":61.63,"height":135.08,"ground_height":null,"traffic_light_pole_id":null,"att_editor":null},"geometry":{"type":"Polygon","coordinates":[[[-112.23613237841802,33.709494550320819,392.626063148807873],[-112.23613237841802,33.709494550320819,391.275296147962877],[-112.236134238347603,33.709489214719753,391.275296147962877],[-112.236134238347603,33.709489214719753,392.626063148807873],[-112.23613237841802,33.709494550320819,392.626063148807873]]]}},
{"type":"Feature","properties":{"id":"7000634","creator":null,"orientation":"vertical","number_of_bulb":"3","function":null,"lane_id":null,"width":61.63,"height":132.36,"ground_height":null,"traffic_light_pole_id":null,"att_editor":null},"geometry":{"type":"Polygon","coordinates":[[[-112.236143437986883,33.709462823600646,392.869133217332489],[-112.236143437986883,33.709462823600646,391.545562867511251],[-112.236145297915172,33.709457487999408,391.545562867511251],[-112.236145297915172,33.709457487999408,392.869133217332489],[-112.236143437986883,33.709462823600646,392.869133217332489]]]}},
{"type":"Feature","properties":{"id":"7000636","creator":null,"orientation":"vertical","number_of_bulb":"4","function":null,"lane_id":null,"width":66.61,"height":174.51,"ground_height":null,"traffic_light_pole_id":null,"att_editor":null},"geometry":{"type":"Polygon","coordinates":[[[-112.236165544066409,33.709399407550698,393.570580174986048],[-112.236167554427226,33.709393640393088,393.570580174986048],[-112.236167554427226,33.709393640393088,391.825461734297107],[-112.236165544066409,33.709399407550698,391.825461734297107],[-112.236165544066409,33.709399407550698,393.570580174986048]]]}},
{"type":"Feature","properties":{"id":"7000638","creator":null,"orientation":"vertical","number_of_bulb":"3","function":null,"lane_id":null,"width":69.45,"height":138.95,"ground_height":null,"traffic_light_pole_id":null,"att_editor":null},"geometry":{"type":"Polygon","coordinates":[[[-112.235969172087223,33.709579295926808,390.07446691480078],[-112.235969172087223,33.709579295926808,388.684999322208228],[-112.235972261320967,33.709573589743613,388.684999322208228],[-112.235972261320967,33.709573589743613,390.07446691480078],[-112.235969172087223,33.709579295926808,390.07446691480078]]]}},
{"type":"Feature","properties":{"id":"7000640","creator":null,"orientation":"vertical","number_of_bulb":"4","function":null,"lane_id":null,"width":62.19,"height":154.0,"ground_height":null,"traffic_light_pole_id":null,"att_editor":null},"geometry":{"type":"Polygon","coordinates":[[[-112.235982808010661,33.709579065809166,390.260909579865029],[-112.235982808010661,33.709579065809166,388.720935984500613],[-112.235976197916386,33.709578101211221,388.720935984500613],[-112.235976197916386,33.709578101211221,390.260909579865029],[-112.235982808010661,33.709579065809166,390.260909579865029]]]}},
{"type":"Feature","properties":{"id":"7000642","creator":null,"orientation":"vertical","number_of_bulb":"4","function":null,"lane_id":null,"width":58.06,"height":158.8,"ground_height":null,"traffic_light_pole_id":null,"att_editor":null},"geometry":{"type":"Polygon","coordinates":[[[-112.236370621488106,33.709244620947672,390.545983449513926],[-112.236369866003429,33.7092394233524,390.545983449513926],[-112.236369866003429,33.7092394233524,388.958020486550993],[-112.236370621488106,33.709244620947672,388.958020486550993],[-112.236370621488106,33.709244620947672,390.545983449513926]]]}},
{"type":"Feature","properties":{"id":"7000644","creator":null,"orientation":"vertical","number_of_bulb":"3","function":null,"lane_id":null,"width":59.85,"height":129.54,"ground_height":null,"traffic_light_pole_id":null,"att_editor":null},"geometry":{"type":"Polygon","coordinates":[[[-112.236279729432468,33.709154206115834,392.488446166628933],[-112.236279729432468,33.709154206115834,391.193068811176829],[-112.236274823955128,33.709150696193554,391.193068811176829],[-112.236274823955128,33.709150696193554,392.488446166628933],[-112.236279729432468,33.709154206115834,392.488446166628933]]]}},
{"type":"Feature","properties":{"id":"7000646","creator":null,"orientation":"vertical","number_of_bulb":"3","function":null,"lane_id":null,"width":67.72,"height":136.38,"ground_height":null,"traffic_light_pole_id":null,"att_editor":null},"geometry":{"type":"Polygon","coordinates":[[[-112.236250024341629,33.709132951793478,392.798743232352308],[-112.236250024341629,33.709132951793478,391.43498440295707],[-112.236244473965911,33.709128980436006,391.43498440295707],[-112.236244473965911,33.709128980436006,392.798743232352308],[-112.236250024341629,33.709132951793478,392.798743232352308]]]}},
{"type":"Feature","properties":{"id":"7000648","creator":null,"orientation":"vertical","number_of_bulb":"4","function":null,"lane_id":null,"width":65.52,"height":173.92,"ground_height":null,"traffic_light_pole_id":null,"att_editor":null},"geometry":{"type":"Polygon","coordinates":[[[-112.23618957747378,33.7090897013328,393.510378264838891],[-112.23618957747378,33.7090897013328,391.771166437000886],[-112.23618420682989,33.709085858568891,391.771166437000886],[-112.23618420682989,33.709085858568891,393.510378264838891],[-112.23618957747378,33.7090897013328,393.510378264838891]]]}},
{"type":"Feature","properties":{"id":"7000650","creator":null,"orientation":"vertical","number_of_bulb":"3","function":null,"lane_id":null,"width":64.31,"height":135.09,"ground_height":null,"traffic_light_pole_id":null,"att_editor":null},"geometry":{"type":"Polygon","coordinates":[[[-112.236356910546903,33.709210377147578,390.145804693856519],[-112.236356910546903,33.709210377147578,388.794933423280384],[-112.236352293719818,33.709206047918684,388.794933423280384],[-112.236352293719818,33.709206047918684,390.145804693856519],[-112.236356910546903,33.709210377147578,390.145804693856519]]]}},
{"type":"Feature","properties":{"id":"7000652","creator":null,"orientation":"vertical","number_of_bulb":"3","function":null,"lane_id":null,"width":57.33,"height":130.12,"ground_height":null,"traffic_light_pole_id":null,"att_editor":null},"geometry":{"type":"Polygon","coordinates":[[[-112.236378937194573,33.709242357773583,390.207530356738005],[-112.236378937194573,33.709242357773583,388.906282928754479],[-112.236381576205176,33.70923768234514,388.906282928754479],[-112.236381576205176,33.70923768234514,390.207530356738005],[-112.236378937194573,33.709242357773583,390.207530356738005]]]}},
{"type":"Feature","properties":{"id":"7000654","creator":null,"orientation":"vertical","number_of_bulb":"4","function":null,"lane_id":null,"width":67.93,"height":169.89,"ground_height":null,"traffic_light_pole_id":null,"att_editor":null},"geometry":{"type":"Polygon","coordinates":[[[-112.2356691305651,33.709613189942168,392.497471348221325],[-112.235663232053341,33.709609552634781,392.497471348221325],[-112.235663232053341,33.709609552634781,390.798576440132081],[-112.2356691305651,33.709613189942168,390.798576440132081],[-112.2356691305651,33.709613189942168,392.497471348221325]]]}},
{"type":"Feature","properties":{"id":"7000656","creator":null,"orientation":"vertical","number_of_bulb":"3","function":null,"lane_id":null,"width":61.36,"height":137.01,"ground_height":null,"traffic_light_pole_id":null,"att_editor":null},"geometry":{"type":"Polygon","coordinates":[[[-112.235636688756514,33.709593184747902,392.004243794259935],[-112.235636688756514,33.709593184747902,390.634167255478303],[-112.235631361070915,33.709589899436573,390.634167255478303],[-112.235631361070915,33.709589899436573,392.004243794259935],[-112.235636688756514,33.709593184747902,392.004243794259935]]]}},
{"type":"Feature","properties":{"id":"7000658","creator":null,"orientation":"vertical","number_of_bulb":"3","function":null,"lane_id":null,"width":61.36,"height":130.9,"ground_height":null,"traffic_light_pole_id":null,"att_editor":null},"geometry":{"type":"Polygon","coordinates":[[[-112.235605026111088,33.709573660006008,391.722815393802762],[-112.235605026111088,33.709573660006008,390.413805123606835],[-112.235599698427876,33.709570374693222,390.413805123606835],[-112.235599698427876,33.709570374693222,391.722815393802762],[-112.235605026111088,33.709573660006008,391.722815393802762]]]}},
{"type":"Feature","properties":{"id":"7000660","creator":null,"orientation":"vertical","number_of_bulb":"3","function":null,"lane_id":null,"width":52.92,"height":130.86,"ground_height":null,"traffic_light_pole_id":null,"att_editor":null},"geometry":{"type":"Polygon","coordinates":[[[-112.23549013044655,33.709504993712933,388.9741479563138],[-112.23549013044655,33.709504993712933,387.665548847946184],[-112.235485679486558,33.709502004820934,387.665548847946184],[-112.235485679486558,33.709502004820934,388.9741479563138],[-112.23549013044655,33.709504993712933,388.9741479563138]]]}},
{"type":"Feature","properties":{"id":"7000662","creator":null,"orientation":"vertical","number_of_bulb":"3","function":null,"lane_id":null,"width":64.23,"height":136.12,"ground_height":null,"traffic_light_pole_id":null,"att_editor":null},"geometry":{"type":"Polygon","coordinates":[[[-112.235687688686923,33.709176950638835,391.511769288825406],[-112.235689827563732,33.709171441146253,391.511769288825406],[-112.235689827563732,33.709171441146253,390.150532902272801],[-112.235687688686923,33.709176950638835,390.150532902272801],[-112.235687688686923,33.709176950638835,391.511769288825406]]]}},
{"type":"Feature","properties":{"id":"7000664","creator":null,"orientation":"vertical","number_of_bulb":"3","function":null,"lane_id":null,"width":60.96,"height":138.3,"ground_height":null,"traffic_light_pole_id":null,"att_editor":null},"geometry":{"type":"Polygon","coordinates":[[[-112.235675668828847,33.70920791235244,391.826895512312319],[-112.235675668828847,33.70920791235244,390.443879343574793],[-112.235677698950596,33.709202683003724,390.443879343574793],[-112.235677698950596,33.709202683003724,391.826895512312319],[-112.235675668828847,33.70920791235244,391.826895512312319]]]}},
{"type":"Feature","properties":{"id":"7000666","creator":null,"orientation":"vertical","number_of_bulb":"3","function":null,"lane_id":null,"width":58.48,"height":135.03,"ground_height":null,"traffic_light_pole_id":null,"att_editor":null},"geometry":{"type":"Polygon","coordinates":[[[-112.235663433391295,33.709239429349715,392.114699776897794],[-112.235663433391295,33.709239429349715,390.764353281437536],[-112.235665380652321,33.709234413444001,390.764353281437536],[-112.235665380652321,33.709234413444001,392.114699776897794],[-112.235663433391295,33.709239429349715,392.114699776897794]]]}},
{"type":"Feature","properties":{"id":"7000668","creator":null,"orientation":"vertical","number_of_bulb":"4","function":null,"lane_id":null,"width":64.23,"height":173.15,"ground_height":null,"traffic_light_pole_id":null,"att_editor":null},"geometry":{"type":"Polygon","coordinates":[[[-112.235637983355886,33.709304985467263,392.90105686805822],[-112.235640122238777,33.70929947597552,392.90105686805822],[-112.235640122238777,33.70929947597552,391.169564184363253],[-112.235637983355886,33.709304985467263,391.169564184363253],[-112.235637983355886,33.709304985467263,392.90105686805822]]]}},
{"type":"Feature","properties":{"id":"7000670","creator":null,"orientation":"vertical","number_of_bulb":"4","function":null,"lane_id":null,"width":69.45,"height":169.82,"ground_height":null,"traffic_light_pole_id":null,"att_editor":null},"geometry":{"type":"Polygon","coordinates":[[[-112.23547104691886,33.709463341815471,389.250455447186141],[-112.23547104691886,33.709463341815471,387.552217278461853],[-112.235471036084434,33.709457078737735,387.552217278461853],[-112.235471036084434,33.709457078737735,389.250455447186141],[-112.23547104691886,33.709463341815471,389.250455447186141]]]}},
{"type":"Feature","properties":{"id":"7000672","creator":null,"orientation":"vertical","number_of_bulb":"4","function":null,"lane_id":null,"width":59.53,"height":162.47,"ground_height":null,"traffic_light_pole_id":null,"att_editor":null},"geometry":{"type":"Polygon","coordinates":[[[-112.235857509438105,33.709137663024535,389.893699637185932],[-112.235851250609045,33.709136455491326,389.893699637185932],[-112.235851250609045,33.709136455491326,388.268978272302547],[-112.235857509438105,33.709137663024535,388.268978272302547],[-112.235857509438105,33.709137663024535,389.893699637185932]]]}},
{"type":"Feature","properties":{"id":"7000674","creator":null,"orientation":"vertical","number_of_bulb":"3","function":null,"lane_id":null,"width":59.53,"height":134.54,"ground_height":null,"traffic_light_pole_id":null,"att_editor":null},"geometry":{"type":"Polygon","coordinates":[[[-112.235861867682942,33.709139730051945,389.573294232171918],[-112.235861867682942,33.709139730051945,388.22793672188385],[-112.235864760796602,33.709134937036715,388.22793672188385],[-112.235864760796602,33.709134937036715,389.573294232171918],[-112.235861867682942,33.709139730051945,389.573294232171918]]]}},
{"type":"Feature","properties":{"id":"7000676","creator":null,"orientation":"vertical","number_of_bulb":"3","function":null,"lane_id":null,"width":58.8,"height":127.18,"ground_height":null,"traffic_light_pole_id":null,"att_editor":null},"geometry":{"type":"Polygon","coordinates":[[[-112.235860202846567,33.709133131337516,389.494554685244168],[-112.235860202846567,33.709133131337516,388.222713978796946],[-112.235855816572879,33.709129300681589,388.222713978796946],[-112.235855816572879,33.709129300681589,389.494554685244168],[-112.235860202846567,33.709133131337516,389.494554685244168]]]}},
{"type":"Feature","properties":{"id":"7000678","creator":null,"orientation":"vertical","number_of_bulb":"3","function":null,"lane_id":null,"width":53.64,"height":136.82,"ground_height":null,"traffic_light_pole_id":null,"att_editor":null},"geometry":{"type":"Polygon","coordinates":[[[-112.202524550884675,33.724749401648147,410.107702976275846],[-112.202520276956861,33.724746139430046,410.107702976275846],[-112.202520276956861,33.724746139430046,408.739539004572976],[-112.202524550884675,33.724749401648147,408.739539004572976],[-112.202524550884675,33.724749401648147,410.107702976275846]]]}},
{"type":"Feature","properties":{"id":"7000680","creator":null,"orientation":"vertical","number_of_bulb":"3","function":null,"lane_id":null,"width":56.32,"height":135.48,"ground_height":null,"traffic_light_pole_id":null,"att_editor":null},"geometry":{"type":"Polygon","coordinates":[[[-112.20250392918588,33.724733661444304,410.215009954448647],[-112.20250392918588,33.724733661444304,408.860259355017376],[-112.20249944156329,33.724730236114482,408.860259355017376],[-112.20249944156329,33.724730236114482,410.215009954448647],[-112.20250392918588,33.724733661444304,410.215009954448647]]]}},
{"type":"Feature","properties":{"id":"7000682","creator":null,"orientation":"vertical","number_of_bulb":"3","function":null,"lane_id":null,"width":63.02,"height":135.09,"ground_height":null,"traffic_light_pole_id":null,"att_editor":null},"geometry":{"type":"Polygon","coordinates":[[[-112.202443968461381,33.724681009001138,410.448281352328422],[-112.202443968461381,33.724681009001138,409.097410081752287],[-112.202438773308444,33.724677340996955,409.097410081752287],[-112.202438773308444,33.724677340996955,410.448281352328422],[-112.202443968461381,33.724681009001138,410.448281352328422]]]}},
{"type":"Feature","properties":{"id":"7000684","creator":null,"orientation":"vertical","number_of_bulb":"3","function":null,"lane_id":null,"width":62.36,"height":142.86,"ground_height":null,"traffic_light_pole_id":null,"att_editor":null},"geometry":{"type":"Polygon","coordinates":[[[-112.202567639608063,33.724764652030615,410.066466678760605],[-112.202567639608063,33.724764652030615,408.637867567998228],[-112.202562460261603,33.72476106166193,408.637867567998228],[-112.202562460261603,33.72476106166193,410.066466678760605],[-112.202567639608063,33.724764652030615,410.066466678760605]]]}},
{"type":"Feature","properties":{"id":"7000686","creator":null,"orientation":"vertical","number_of_bulb":"3","function":null,"lane_id":null,"width":64.37,"height":136.82,"ground_height":null,"traffic_light_pole_id":null,"att_editor":null},"geometry":{"type":"Polygon","coordinates":[[[-112.202538902594512,33.724744731272473,410.086587792996738],[-112.202533556174856,33.724741025084128,410.086587792996738],[-112.202533556174856,33.724741025084128,408.718352024942533],[-112.202538902594512,33.724744731272473,408.718352024942533],[-112.202538902594512,33.724744731272473,410.086587792996738]]]}},
{"type":"Feature","properties":{"id":"7000688","creator":null,"orientation":"vertical","number_of_bulb":"3","function":null,"lane_id":null,"width":67.54,"height":134.08,"ground_height":null,"traffic_light_pole_id":null,"att_editor":null},"geometry":{"type":"Polygon","coordinates":[[[-112.202194255382992,33.724882826632481,410.457980786209191],[-112.202194255382992,33.724882826632481,409.117217002655082],[-112.202189010992115,33.724878596968374,409.117217002655082],[-112.202189010992115,33.724878596968374,410.457980786209191],[-112.202194255382992,33.724882826632481,410.457980786209191]]]}},
{"type":"Feature","properties":{"id":"7000690","creator":null,"orientation":"vertical","number_of_bulb":"3","function":null,"lane_id":null,"width":70.65,"height":138.23,"ground_height":null,"traffic_light_pole_id":null,"att_editor":null},"geometry":{"type":"Polygon","coordinates":[[[-112.202165693629681,33.724859791228148,410.270897467573718],[-112.202165693629681,33.724859791228148,408.888559613211726],[-112.202160207192932,33.724855366347427,408.888559613211726],[-112.202160207192932,33.724855366347427,410.270897467573718],[-112.202165693629681,33.724859791228148,410.270897467573718]]]}},
{"type":"Feature","properties":{"id":"7000692","creator":null,"orientation":"vertical","number_of_bulb":"3","function":null,"lane_id":null,"width":65.59,"height":146.67,"ground_height":null,"traffic_light_pole_id":null,"att_editor":null},"geometry":{"type":"Polygon","coordinates":[[[-112.202125749484139,33.724825552981422,410.039738917041689],[-112.202120604450116,33.72482149014872,410.039738917041689],[-112.202120604450116,33.72482149014872,408.573078680416188],[-112.202125749484139,33.724825552981422,408.573078680416188],[-112.202125749484139,33.724825552981422,410.039738917041689]]]}},
{"type":"Feature","properties":{"id":"7000694","creator":null,"orientation":"vertical","number_of_bulb":"3","function":null,"lane_id":null,"width":65.59,"height":138.95,"ground_height":null,"traffic_light_pole_id":null,"att_editor":null},"geometry":{"type":"Polygon","coordinates":[[[-112.20211354504606,33.724698741846311,407.676023293694868],[-112.202117801831179,33.724694015594636,407.676023293694868],[-112.202117801831179,33.724694015594636,406.286555701102259],[-112.20211354504606,33.724698741846311,406.286555701102259],[-112.20211354504606,33.724698741846311,407.676023293694868]]]}},
{"type":"Feature","properties":{"id":"7000696","creator":null,"orientation":"vertical","number_of_bulb":"3","function":null,"lane_id":null,"width":47.04,"height":127.18,"ground_height":null,"traffic_light_pole_id":null,"att_editor":null},"geometry":{"type":"Polygon","coordinates":[[[-112.202110698143244,33.724691152127633,407.673479980842387],[-112.202110698143244,33.724691152127633,406.401639274395166],[-112.202112863553907,33.724687315720679,406.401639274395166],[-112.202112863553907,33.724687315720679,407.673479980842387],[-112.202110698143244,33.724691152127633,407.673479980842387]]]}},
{"type":"Feature","properties":{"id":"7000698","creator":null,"orientation":"vertical","number_of_bulb":"3","function":null,"lane_id":null,"width":53.65,"height":126.45,"ground_height":null,"traffic_light_pole_id":null,"att_editor":null},"geometry":{"type":"Polygon","coordinates":[[[-112.202075591825462,33.724785234186491,408.049737267685941],[-112.202072589023103,33.724781097482655,408.049737267685941],[-112.202072589023103,33.724781097482655,406.785248241622867],[-112.202075591825462,33.724785234186491,406.785248241622867],[-112.202075591825462,33.724785234186491,408.049737267685941]]]}},
{"type":"Feature","properties":{"id":"7000700","creator":null,"orientation":"vertical","number_of_bulb":"3","function":null,"lane_id":null,"width":68.79,"height":137.62,"ground_height":null,"traffic_light_pole_id":null,"att_editor":null},"geometry":{"type":"Polygon","coordinates":[[[-112.202164102256589,33.724663037543884,409.965135153796439],[-112.202168746449502,33.724658197922771,409.965135153796439],[-112.202168746449502,33.724658197922771,408.588930732013807],[-112.202164102256589,33.724663037543884,408.588930732013807],[-112.202164102256589,33.724663037543884,409.965135153796439]]]}},
{"type":"Feature","properties":{"id":"7000702","creator":null,"orientation":"vertical","number_of_bulb":"3","function":null,"lane_id":null,"width":65.01,"height":133.08,"ground_height":null,"traffic_light_pole_id":null,"att_editor":null},"geometry":{"type":"Polygon","coordinates":[[[-112.202189645942696,33.724641284602328,409.829027024169477],[-112.202189645942696,33.724641284602328,408.498191978929128],[-112.202194034957742,33.724636710893655,408.498191978929128],[-112.202194034957742,33.724636710893655,409.829027024169477],[-112.202189645942696,33.724641284602328,409.829027024169477]]]}},
{"type":"Feature","properties":{"id":"7000704","creator":null,"orientation":"vertical","number_of_bulb":"3","function":null,"lane_id":null,"width":55.09,"height":130.48,"ground_height":null,"traffic_light_pole_id":null,"att_editor":null},"geometry":{"type":"Polygon","coordinates":[[[-112.202437371767985,33.7249639279826,410.427888833376187],[-112.202441029313832,33.724960011179569,410.427888833376187],[-112.202441029313832,33.724960011179569,409.123123242881661],[-112.202437371767985,33.7249639279826,409.123123242881661],[-112.202437371767985,33.7249639279826,410.427888833376187]]]}},
{"type":"Feature","properties":{"id":"7000706","creator":null,"orientation":"vertical","number_of_bulb":"3","function":null,"lane_id":null,"width":59.14,"height":130.48,"ground_height":null,"traffic_light_pole_id":null,"att_editor":null},"geometry":{"type":"Polygon","coordinates":[[[-112.202479491514609,33.724918822641534,410.625680356314149],[-112.202479491514609,33.724918822641534,409.320914765819509],[-112.202483417993548,33.724914617837001,409.320914765819509],[-112.202483417993548,33.724914617837001,410.625680356314149],[-112.202479491514609,33.724918822641534,410.625680356314149]]]}},
{"type":"Feature","properties":{"id":"7000708","creator":null,"orientation":"vertical","number_of_bulb":"3","function":null,"lane_id":null,"width":64.2,"height":137.81,"ground_height":null,"traffic_light_pole_id":null,"att_editor":null},"geometry":{"type":"Polygon","coordinates":[[[-112.202504512435041,33.724898570042839,410.745405051849616],[-112.202504512435041,33.724898570042839,409.367294306570784],[-112.202509267567976,33.724894358882992,409.367294306570784],[-112.202509267567976,33.724894358882992,410.745405051849616],[-112.202504512435041,33.724898570042839,410.745405051849616]]]}},
{"type":"Feature","properties":{"id":"7000710","creator":null,"orientation":"vertical","number_of_bulb":"3","function":null,"lane_id":null,"width":54.02,"height":133.8,"ground_height":null,"traffic_light_pole_id":null,"att_editor":null},"geometry":{"type":"Polygon","coordinates":[[[-112.202389803495308,33.725020631338609,408.461592938692149],[-112.202389803495308,33.725020631338609,407.123587108788172],[-112.202393474099381,33.725016846827408,407.123587108788172],[-112.202393474099381,33.725016846827408,408.461592938692149],[-112.202389803495308,33.725020631338609,408.461592938692149]]]}},
{"type":"Feature","properties":{"id":"7000712","creator":null,"orientation":"vertical","number_of_bulb":"3","function":null,"lane_id":null,"width":59.16,"height":131.23,"ground_height":null,"traffic_light_pole_id":null,"att_editor":null},"geometry":{"type":"Polygon","coordinates":[[[-112.202400859509098,33.725027015627141,408.42402826974461],[-112.202400859509098,33.725027015627141,407.111753321184949],[-112.202404347638762,33.725022546872104,407.111753321184949],[-112.202404347638762,33.725022546872104,408.42402826974461],[-112.202400859509098,33.725027015627141,408.42402826974461]]]}},
{"type":"Feature","properties":{"id":"7000714","creator":null,"orientation":"vertical","number_of_bulb":"3","function":null,"lane_id":null,"width":64.67,"height":134.54,"ground_height":null,"traffic_light_pole_id":null,"att_editor":null},"geometry":{"type":"Polygon","coordinates":[[[-112.202578806994907,33.724835863785145,408.04786724118236],[-112.202578806994907,33.724835863785145,406.702509730894292],[-112.202582346363712,33.724830836915196,406.702509730894292],[-112.202582346363712,33.724830836915196,408.04786724118236],[-112.202578806994907,33.724835863785145,408.04786724118236]]]}},
{"type":"Feature","properties":{"id":"7000716","creator":null,"orientation":"vertical","number_of_bulb":"5","function":null,"lane_id":null,"width":77.17,"height":205.85,"ground_height":null,"traffic_light_pole_id":null,"att_editor":null},"geometry":{"type":"Polygon","coordinates":[[[-112.202584796926288,33.72484153953387,408.039719910732913],[-112.202590881558706,33.724836787872697,408.039719910732913],[-112.202590881558706,33.724836787872697,405.981249403188258],[-112.202584796926288,33.72484153953387,405.981249403188258],[-112.202584796926288,33.72484153953387,408.039719910732913]]]}},
{"type":"Feature","properties":{"id":"7000718","creator":null,"orientation":"vertical","number_of_bulb":"1","function":null,"lane_id":null,"width":57.16,"height":41.21,"ground_height":null,"traffic_light_pole_id":null,"att_editor":null},"geometry":{"type":"Polygon","coordinates":[[[-112.202220756630396,33.724608538087828,409.701793437855542],[-112.202220756630396,33.724608538087828,409.289666609009714],[-112.202224305724314,33.724604321431222,409.289666609009714],[-112.202224305724314,33.724604321431222,409.701793437855542],[-112.202220756630396,33.724608538087828,409.701793437855542]]]}},
{"type":"Feature","properties":{"id":"7000720","creator":null,"orientation":"vertical","number_of_bulb":"2","function":null,"lane_id":null,"width":48.41,"height":96.33,"ground_height":null,"traffic_light_pole_id":null,"att_editor":null},"geometry":{"type":"Polygon","coordinates":[[[-112.202219573599024,33.724609943640012,409.263908682206818],[-112.202219573599024,33.724609943640012,408.300562219779692],[-112.202222579138137,33.724606372777693,408.300562219779692],[-112.202222579138137,33.724606372777693,409.263908682206818],[-112.202219573599024,33.724609943640012,409.263908682206818]]]}},
{"type":"Feature","properties":{"id":"7000722","creator":null,"orientation":"vertical","number_of_bulb":"2","function":null,"lane_id":null,"width":45.32,"height":97.36,"ground_height":null,"traffic_light_pole_id":null,"att_editor":null},"geometry":{"type":"Polygon","coordinates":[[[-112.202222579138137,33.724606372777693,408.300562219779692],[-112.202222579138137,33.724606372777693,409.274211852927976],[-112.202225392834094,33.724603029842697,409.274211852927976],[-112.202225392834094,33.724603029842697,408.300562219779692],[-112.202222579138137,33.724606372777693,408.300562219779692]]]}},
{"type":"Feature","properties":{"id":"7000724","creator":null,"orientation":"vertical","number_of_bulb":"5","function":null,"lane_id":null,"width":60.27,"height":202.17,"ground_height":null,"traffic_light_pole_id":null,"att_editor":null},"geometry":{"type":"Polygon","coordinates":[[[-112.20224221972795,33.724585792478408,408.534834822051948],[-112.20224221972795,33.724585792478408,406.513122716427802],[-112.202246812325029,33.724581944249479,406.513122716427802],[-112.202246812325029,33.724581944249479,408.534834822051948],[-112.20224221972795,33.724585792478408,408.534834822051948]]]}},
{"type":"Feature","properties":{"id":"7000726","creator":null,"orientation":"vertical","number_of_bulb":"3","function":null,"lane_id":null,"width":41.07,"height":124.82,"ground_height":null,"traffic_light_pole_id":null,"att_editor":null},"geometry":{"type":"Polygon","coordinates":[[[-112.202298211682205,33.72458731040161,407.684588718094005],[-112.202294995105717,33.724584762794294,407.684588718094005],[-112.202294995105717,33.724584762794294,406.43643483340685],[-112.202298211682205,33.72458731040161,406.43643483340685],[-112.202298211682205,33.72458731040161,407.684588718094005]]]}},
{"type":"Feature","properties":{"id":"7000728","creator":null,"orientation":"vertical","number_of_bulb":"3","function":null,"lane_id":null,"width":69.45,"height":146.67,"ground_height":null,"traffic_light_pole_id":null,"att_editor":null},"geometry":{"type":"Polygon","coordinates":[[[-112.202213673425064,33.724905605851042,410.605887368447611],[-112.202213673425064,33.724905605851042,409.139227131822111],[-112.202208533168147,33.724901047517946,409.139227131822111],[-112.202208533168147,33.724901047517946,410.605887368447611],[-112.202213673425064,33.724905605851042,410.605887368447611]]]}},
{"type":"Feature","properties":{"id":"7000730","creator":null,"orientation":"vertical","number_of_bulb":"3","function":null,"lane_id":null,"width":53.56,"height":142.87,"ground_height":null,"traffic_light_pole_id":null,"att_editor":null},"geometry":{"type":"Polygon","coordinates":[[[-112.202181552334409,33.724888663390196,410.443441919444069],[-112.202181552334409,33.724888663390196,409.014735169963046],[-112.20217758458395,33.724885150998247,409.014735169963046],[-112.20217758458395,33.724885150998247,410.443441919444069],[-112.202181552334409,33.724888663390196,410.443441919444069]]]}},
{"type":"Feature","properties":{"id":"7000732","creator":null,"orientation":"vertical","number_of_bulb":"3","function":null,"lane_id":null,"width":66.88,"height":140.23,"ground_height":null,"traffic_light_pole_id":null,"att_editor":null},"geometry":{"type":"Polygon","coordinates":[[[-112.202358578240251,33.725031685990196,408.481043563853405],[-112.202358578240251,33.725031685990196,407.078710530588637],[-112.202355391211086,33.725026274612347,407.078710530588637],[-112.202355391211086,33.725026274612347,408.481043563853405],[-112.202358578240251,33.725031685990196,408.481043563853405]]]}},
{"type":"Feature","properties":{"id":"7000734","creator":null,"orientation":"vertical","number_of_bulb":"3","function":null,"lane_id":null,"width":62.99,"height":132.33,"ground_height":null,"traffic_light_pole_id":null,"att_editor":null},"geometry":{"type":"Polygon","coordinates":[[[-112.202368082979007,33.725022962782312,408.478115006602877],[-112.20236193718226,33.725020533797185,408.478115006602877],[-112.20236193718226,33.725020533797185,407.15481253746708],[-112.202368082979007,33.725022962782312,407.15481253746708],[-112.202368082979007,33.725022962782312,408.478115006602877]]]}},
{"type":"Feature","properties":{"id":"7000736","creator":null,"orientation":"vertical","number_of_bulb":"4","function":null,"lane_id":null,"width":84.17,"height":196.8,"ground_height":null,"traffic_light_pole_id":null,"att_editor":null},"geometry":{"type":"Polygon","coordinates":[[[-112.220511625603223,33.725036841005192,395.213194148199761],[-112.220511625603223,33.725036841005192,393.245157723432385],[-112.220511660780573,33.725029250395075,393.245157723432385],[-112.220511660780573,33.725029250395075,395.213194148199761],[-112.220511625603223,33.725036841005192,395.213194148199761]]]}},
{"type":"Feature","properties":{"id":"7000738","creator":null,"orientation":"vertical","number_of_bulb":"3","function":null,"lane_id":null,"width":93.3,"height":173.47,"ground_height":null,"traffic_light_pole_id":null,"att_editor":null},"geometry":{"type":"Polygon","coordinates":[[[-112.220511739611766,33.7250122401121,395.172616077585985],[-112.220511739611766,33.7250122401121,393.437903558847779],[-112.220511778603566,33.725003826423752,393.437903558847779],[-112.220511778603566,33.725003826423752,395.172616077585985],[-112.220511739611766,33.7250122401121,395.172616077585985]]]}},
{"type":"Feature","properties":{"id":"7000740","creator":null,"orientation":"vertical","number_of_bulb":"3","function":null,"lane_id":null,"width":76.31,"height":173.98,"ground_height":null,"traffic_light_pole_id":null,"att_editor":null},"geometry":{"type":"Polygon","coordinates":[[[-112.220511893883781,33.724978951171124,395.076243159878402],[-112.220511893883781,33.724978951171124,393.336458382313424],[-112.220511925776577,33.72497206932271,393.336458382313424],[-112.220511925776577,33.72497206932271,395.076243159878402],[-112.220511893883781,33.724978951171124,395.076243159878402]]]}},
{"type":"Feature","properties":{"id":"7000742","creator":null,"orientation":"vertical","number_of_bulb":"3","function":null,"lane_id":null,"width":97.14,"height":168.42,"ground_height":null,"traffic_light_pole_id":null,"att_editor":null},"geometry":{"type":"Polygon","coordinates":[[[-112.220509179375739,33.724923392265588,392.399403465760543],[-112.220509179375739,33.724923392265588,390.715183224336783],[-112.220511426500892,33.724914836216485,390.715183224336783],[-112.220511426500892,33.724914836216485,392.399403465760543],[-112.220509179375739,33.724923392265588,392.399403465760543]]]}},
{"type":"Feature","properties":{"id":"7000744","creator":null,"orientation":"vertical","number_of_bulb":"4","function":null,"lane_id":null,"width":97.88,"height":184.73,"ground_height":null,"traffic_light_pole_id":null,"att_editor":null},"geometry":{"type":"Polygon","coordinates":[[[-112.220518836940329,33.725220741181026,393.158537194360974],[-112.220513984183015,33.725212901211016,393.158537194360974],[-112.220513984183015,33.725212901211016,391.311213737345554],[-112.220518836940329,33.725220741181026,391.311213737345554],[-112.220518836940329,33.725220741181026,393.158537194360974]]]}},
{"type":"Feature","properties":{"id":"7000746","creator":null,"orientation":"vertical","number_of_bulb":"3","function":null,"lane_id":null,"width":78.08,"height":146.52,"ground_height":null,"traffic_light_pole_id":null,"att_editor":null},"geometry":{"type":"Polygon","coordinates":[[[-112.220659660247932,33.725225991480528,395.418232396331462],[-112.220659660247932,33.725225991480528,393.952990056391855],[-112.220651243797022,33.725226335380313,393.952990056391855],[-112.220651243797022,33.725226335380313,395.418232396331462],[-112.220659660247932,33.725225991480528,395.418232396331462]]]}},
{"type":"Feature","properties":{"id":"7000748","creator":null,"orientation":"vertical","number_of_bulb":"3","function":null,"lane_id":null,"width":77.92,"height":155.88,"ground_height":null,"traffic_light_pole_id":null,"att_editor":null},"geometry":{"type":"Polygon","coordinates":[[[-112.220619008267562,33.725227652532467,395.596647436209878],[-112.220619008267562,33.725227652532467,394.037810321252095],[-112.220610609205593,33.725227995718953,394.037810321252095],[-112.220610609205593,33.725227995718953,395.596647436209878],[-112.220619008267562,33.725227652532467,395.596647436209878]]]}},
{"type":"Feature","properties":{"id":"7000750","creator":null,"orientation":"vertical","number_of_bulb":"3","function":null,"lane_id":null,"width":76.43,"height":152.91,"ground_height":null,"traffic_light_pole_id":null,"att_editor":null},"geometry":{"type":"Polygon","coordinates":[[[-112.220772082494236,33.72522430303971,392.546825701591445],[-112.220772082494236,33.72522430303971,391.017676181701177],[-112.220764022892411,33.725225771385198,391.017676181701177],[-112.220764022892411,33.725225771385198,392.546825701591445],[-112.220772082494236,33.72522430303971,392.546825701591445]]]}},
{"type":"Feature","properties":{"id":"7000752","creator":null,"orientation":"vertical","number_of_bulb":"3","function":null,"lane_id":null,"width":89.63,"height":151.14,"ground_height":null,"traffic_light_pole_id":null,"att_editor":null},"geometry":{"type":"Polygon","coordinates":[[[-112.220810155665689,33.725175375830403,392.34919631604788],[-112.220810155665689,33.725175375830403,390.837818732641153],[-112.220808549350352,33.725183346362428,390.837818732641153],[-112.220808549350352,33.725183346362428,392.34919631604788],[-112.220810155665689,33.725175375830403,392.34919631604788]]]}},
{"type":"Feature","properties":{"id":"7000754","creator":null,"orientation":"vertical","number_of_bulb":"4","function":null,"lane_id":null,"width":92.21,"height":200.18,"ground_height":null,"traffic_light_pole_id":null,"att_editor":null},"geometry":{"type":"Polygon","coordinates":[[[-112.22081221543867,33.725031932117616,395.485807865579659],[-112.220811932663423,33.725040244198624,395.485807865579659],[-112.220811932663423,33.725040244198624,393.484024536051152],[-112.22081221543867,33.725031932117616,393.484024536051152],[-112.22081221543867,33.725031932117616,395.485807865579659]]]}},
{"type":"Feature","properties":{"id":"7000756","creator":null,"orientation":"vertical","number_of_bulb":"3","function":null,"lane_id":null,"width":90.25,"height":174.67,"ground_height":null,"traffic_light_pole_id":null,"att_editor":null},"geometry":{"type":"Polygon","coordinates":[[[-112.220810951974556,33.725069071202974,395.328805251498977],[-112.220810951974556,33.725069071202974,393.582151169851556],[-112.220810675215674,33.725077206431202,393.582151169851556],[-112.220810675215674,33.725077206431202,395.328805251498977],[-112.220810951974556,33.725069071202974,395.328805251498977]]]}},
{"type":"Feature","properties":{"id":"7000758","creator":null,"orientation":"vertical","number_of_bulb":"3","function":null,"lane_id":null,"width":100.06,"height":170.74,"ground_height":null,"traffic_light_pole_id":null,"att_editor":null},"geometry":{"type":"Polygon","coordinates":[[[-112.220809862988375,33.725101081557355,395.269929271218757],[-112.220809556146875,33.725110101049452,395.269929271218757],[-112.220809556146875,33.725110101049452,393.562525843091521],[-112.220809862988375,33.725101081557355,393.562525843091521],[-112.220809862988375,33.725101081557355,395.269929271218757]]]}},
{"type":"Feature","properties":{"id":"7000760","creator":null,"orientation":"vertical","number_of_bulb":"3","function":null,"lane_id":null,"width":80.11,"height":147.19,"ground_height":null,"traffic_light_pole_id":null,"att_editor":null},"geometry":{"type":"Polygon","coordinates":[[[-112.22069397519698,33.724855852092951,395.00153498373237],[-112.22069397519698,33.724855852092951,393.529600056843094],[-112.220685329403494,33.724855793863526,393.529600056843094],[-112.220685329403494,33.724855793863526,395.00153498373237],[-112.22069397519698,33.724855852092951,395.00153498373237]]]}},
{"type":"Feature","properties":{"id":"7000762","creator":null,"orientation":"vertical","number_of_bulb":"3","function":null,"lane_id":null,"width":81.75,"height":155.37,"ground_height":null,"traffic_light_pole_id":null,"att_editor":null},"geometry":{"type":"Polygon","coordinates":[[[-112.220662038694513,33.724855636997624,395.099663978858359],[-112.220662038694513,33.724855636997624,393.545954889364054],[-112.220653216456256,33.724855577577529,393.545954889364054],[-112.220653216456256,33.724855577577529,395.099663978858359],[-112.220662038694513,33.724855636997624,395.099663978858359]]]}},
{"type":"Feature","properties":{"id":"7000764","creator":null,"orientation":"vertical","number_of_bulb":"4","function":null,"lane_id":null,"width":104.47,"height":197.23,"ground_height":null,"traffic_light_pole_id":null,"att_editor":null},"geometry":{"type":"Polygon","coordinates":[[[-112.22078211051759,33.724880797719763,392.667147768056111],[-112.22078211051759,33.724880797719763,390.69487809671233],[-112.220776655827109,33.724872552833702,390.69487809671233],[-112.220776655827109,33.724872552833702,392.667147768056111],[-112.22078211051759,33.724880797719763,392.667147768056111]]]}},
{"type":"Feature","properties":{"id":"7000766","creator":null,"orientation":"vertical","number_of_bulb":"3","function":null,"lane_id":null,"width":72.97,"height":150.45,"ground_height":null,"traffic_light_pole_id":null,"att_editor":null},"geometry":{"type":"Polygon","coordinates":[[[-112.220565220098777,33.724888689039254,392.155765366129003],[-112.220565220098777,33.724888689039254,390.651290649052669],[-112.220557580083778,33.724890283638203,390.651290649052669],[-112.220557580083778,33.724890283638203,392.155765366129003],[-112.220565220098777,33.724888689039254,392.155765366129003]]]}},
{"type":"Feature","properties":{"id":"7000768","creator":null,"orientation":"vertical","number_of_bulb":"3","function":null,"lane_id":null,"width":64.31,"height":133.8,"ground_height":null,"traffic_light_pole_id":null,"att_editor":null},"geometry":{"type":"Polygon","coordinates":[[[-112.226427881121808,33.725149102131034,391.880126366616992],[-112.226427881121808,33.725149102131034,390.542120536713014],[-112.226429167406948,33.725143403451156,390.542120536713014],[-112.226429167406948,33.725143403451156,391.880126366616992],[-112.226427881121808,33.725149102131034,391.880126366616992]]]}},
{"type":"Feature","properties":{"id":"7000770","creator":null,"orientation":"vertical","number_of_bulb":"3","function":null,"lane_id":null,"width":60.27,"height":130.12,"ground_height":null,"traffic_light_pole_id":null,"att_editor":null},"geometry":{"type":"Polygon","coordinates":[[[-112.22643844526678,33.725139491758632,391.886297372941442],[-112.22643844526678,33.725139491758632,390.585049944957916],[-112.226433277463755,33.725142791574214,390.585049944957916],[-112.226433277463755,33.725142791574214,391.886297372941442],[-112.22643844526678,33.725139491758632,391.886297372941442]]]}},
{"type":"Feature","properties":{"id":"7000772","creator":null,"orientation":"vertical","number_of_bulb":"3","function":null,"lane_id":null,"width":60.27,"height":133.8,"ground_height":null,"traffic_light_pole_id":null,"att_editor":null},"geometry":{"type":"Polygon","coordinates":[[[-112.226778198004368,33.725071404829173,394.847158855524583],[-112.226778198004368,33.725071404829173,393.509153025620549],[-112.226778120680521,33.725065970580395,393.509153025620549],[-112.226778120680521,33.725065970580395,394.847158855524583],[-112.226778198004368,33.725071404829173,394.847158855524583]]]}},
{"type":"Feature","properties":{"id":"7000774","creator":null,"orientation":"vertical","number_of_bulb":"3","function":null,"lane_id":null,"width":63.02,"height":135.09,"ground_height":null,"traffic_light_pole_id":null,"att_editor":null},"geometry":{"type":"Polygon","coordinates":[[[-112.226769947792064,33.725110122749207,394.663569535732393],[-112.226769743910651,33.725104442135304,394.663569535732393],[-112.226769743910651,33.725104442135304,393.312698265156314],[-112.226769947792064,33.725110122749207,393.312698265156314],[-112.226769947792064,33.725110122749207,394.663569535732393]]]}},
{"type":"Feature","properties":{"id":"7000776","creator":null,"orientation":"vertical","number_of_bulb":"3","function":null,"lane_id":null,"width":58.06,"height":133.8,"ground_height":null,"traffic_light_pole_id":null,"att_editor":null},"geometry":{"type":"Polygon","coordinates":[[[-112.226803314998321,33.725097507521014,395.398292581899909],[-112.226802947868336,33.725092280710918,395.398292581899909],[-112.226802947868336,33.725092280710918,394.060286751995875],[-112.226803314998321,33.725097507521014,394.060286751995875],[-112.226803314998321,33.725097507521014,395.398292581899909]]]}},
{"type":"Feature","properties":{"id":"7000778","creator":null,"orientation":"vertical","number_of_bulb":"3","function":null,"lane_id":null,"width":66.03,"height":135.99,"ground_height":null,"traffic_light_pole_id":null,"att_editor":null},"geometry":{"type":"Polygon","coordinates":[[[-112.226572159963553,33.725192068407004,394.822498355070309],[-112.226572159963553,33.725192068407004,393.462620908500526],[-112.226565053638211,33.725192512899945,393.462620908500526],[-112.226565053638211,33.725192512899945,394.822498355070309],[-112.226572159963553,33.725192068407004,394.822498355070309]]]}},
{"type":"Feature","properties":{"id":"7000780","creator":null,"orientation":"vertical","number_of_bulb":"3","function":null,"lane_id":null,"width":51.83,"height":143.14,"ground_height":null,"traffic_light_pole_id":null,"att_editor":null},"geometry":{"type":"Polygon","coordinates":[[[-112.226455210683085,33.725014231272326,394.763059123742096],[-112.226455210683085,33.725014231272326,393.331641368119108],[-112.226455407732033,33.725009560156302,393.331641368119108],[-112.226455407732033,33.725009560156302,394.763059123742096],[-112.226455210683085,33.725014231272326,394.763059123742096]]]}},
{"type":"Feature","properties":{"id":"7000782","creator":null,"orientation":"vertical","number_of_bulb":"3","function":null,"lane_id":null,"width":67.61,"height":140.89,"ground_height":null,"traffic_light_pole_id":null,"att_editor":null},"geometry":{"type":"Polygon","coordinates":[[[-112.226456962704731,33.72497269895797,394.447470957148084],[-112.226456962704731,33.72497269895797,393.038595213424628],[-112.226457219724921,33.72496660619791,393.038595213424628],[-112.226457219724921,33.72496660619791,394.447470957148084],[-112.226456962704731,33.72497269895797,394.447470957148084]]]}},
{"type":"Feature","properties":{"id":"7000784","creator":null,"orientation":"vertical","number_of_bulb":"3","function":null,"lane_id":null,"width":55.86,"height":129.39,"ground_height":null,"traffic_light_pole_id":null,"att_editor":null},"geometry":{"type":"Polygon","coordinates":[[[-112.226458239438983,33.724931577013898,391.856107476099453],[-112.226458239438983,33.724931577013898,390.562211728500017],[-112.226452549452759,33.724933240116123,390.562211728500017],[-112.226452549452759,33.724933240116123,391.856107476099453],[-112.226458239438983,33.724931577013898,391.856107476099453]]]}},
{"type":"Feature","properties":{"id":"7000786","creator":null,"orientation":"vertical","number_of_bulb":"3","function":null,"lane_id":null,"width":59.11,"height":137.97,"ground_height":null,"traffic_light_pole_id":null,"att_editor":null},"geometry":{"type":"Polygon","coordinates":[[[-112.20309898725337,33.711977552936517,397.87707822809358],[-112.20309898725337,33.711977552936517,396.497401827981321],[-112.203105365656455,33.711977570534174,396.497401827981321],[-112.203105365656455,33.711977570534174,397.87707822809358],[-112.20309898725337,33.711977552936517,397.87707822809358]]]}},
{"type":"Feature","properties":{"id":"7000788","creator":null,"orientation":"vertical","number_of_bulb":"3","function":null,"lane_id":null,"width":61.38,"height":138.73,"ground_height":null,"traffic_light_pole_id":null,"att_editor":null},"geometry":{"type":"Polygon","coordinates":[[[-112.203134886214244,33.711977651975438,397.604175203895579],[-112.203134886214244,33.711977651975438,396.21691816422225],[-112.203141509940494,33.711977670248004,396.21691816422225],[-112.203141509940494,33.711977670248004,397.604175203895579],[-112.203134886214244,33.711977651975438,397.604175203895579]]]}},
{"type":"Feature","properties":{"id":"7000790","creator":null,"orientation":"vertical","number_of_bulb":"3","function":null,"lane_id":null,"width":68.96,"height":141.95,"ground_height":null,"traffic_light_pole_id":null,"att_editor":null},"geometry":{"type":"Polygon","coordinates":[[[-112.20317410725977,33.711977760167493,397.320848800301064],[-112.20318154872993,33.711977780693537,397.320848800301064],[-112.20318154872993,33.711977780693537,395.90137404249333],[-112.20317410725977,33.711977760167493,395.90137404249333],[-112.20317410725977,33.711977760167493,397.320848800301064]]]}},
{"type":"Feature","properties":{"id":"7000792","creator":null,"orientation":"vertical","number_of_bulb":"3","function":null,"lane_id":null,"width":67.64,"height":143.27,"ground_height":null,"traffic_light_pole_id":null,"att_editor":null},"geometry":{"type":"Polygon","coordinates":[[[-112.203213318083201,33.71197786831889,396.962663581041227],[-112.203213318083201,33.71197786831889,395.529922704001535],[-112.203220616448107,33.711977888447876,395.529922704001535],[-112.203220616448107,33.711977888447876,396.962663581041227],[-112.203213318083201,33.71197786831889,396.962663581041227]]]}},
{"type":"Feature","properties":{"id":"7000794","creator":null,"orientation":"vertical","number_of_bulb":"3","function":null,"lane_id":null,"width":63.02,"height":131.23,"ground_height":null,"traffic_light_pole_id":null,"att_editor":null},"geometry":{"type":"Polygon","coordinates":[[[-112.203299766755975,33.711978211916268,395.108054325904959],[-112.203299766755975,33.711978211916268,393.795779377345298],[-112.203293038656597,33.711977385379647,393.795779377345298],[-112.203293038656597,33.711977385379647,395.108054325904959],[-112.203299766755975,33.711978211916268,395.108054325904959]]]}},
{"type":"Feature","properties":{"id":"7000796","creator":null,"orientation":"vertical","number_of_bulb":"3","function":null,"lane_id":null,"width":62.74,"height":136.27,"ground_height":null,"traffic_light_pole_id":null,"att_editor":null},"geometry":{"type":"Polygon","coordinates":[[[-112.202888460220194,33.712151431497958,397.792844206408517],[-112.202888460220194,33.712151431497958,396.430125504000785],[-112.20288832887492,33.712145774940389,396.430125504000785],[-112.20288832887492,33.712145774940389,397.792844206408517],[-112.202888460220194,33.712151431497958,397.792844206408517]]]}},
{"type":"Feature","properties":{"id":"7000798","creator":null,"orientation":"vertical","number_of_bulb":"3","function":null,"lane_id":null,"width":69.01,"height":135.38,"ground_height":null,"traffic_light_pole_id":null,"att_editor":null},"geometry":{"type":"Polygon","coordinates":[[[-112.202887767843293,33.712121613358725,397.514921313154332],[-112.202887767843293,33.712121613358725,396.161167865367645],[-112.202887623363679,33.712115391145396,396.161167865367645],[-112.202887623363679,33.712115391145396,397.514921313154332],[-112.202887767843293,33.712121613358725,397.514921313154332]]]}},
{"type":"Feature","properties":{"id":"7000800","creator":null,"orientation":"vertical","number_of_bulb":"3","function":null,"lane_id":null,"width":69.91,"height":137.17,"ground_height":null,"traffic_light_pole_id":null,"att_editor":null},"geometry":{"type":"Polygon","coordinates":[[[-112.202887067961797,33.712091471987499,397.212343969692029],[-112.202887067961797,33.712091471987499,395.840660012663136],[-112.20288692160598,33.712085168966105,395.840660012663136],[-112.20288692160598,33.712085168966105,397.212343969692029],[-112.202887067961797,33.712091471987499,397.212343969692029]]]}},
{"type":"Feature","properties":{"id":"7000802","creator":null,"orientation":"vertical","number_of_bulb":"3","function":null,"lane_id":null,"width":54.67,"height":130.89,"ground_height":null,"traffic_light_pole_id":null,"att_editor":null},"geometry":{"type":"Polygon","coordinates":[[[-112.202885510118548,33.712024381173272,395.44730946616221],[-112.202885395661099,33.712019451887294,395.44730946616221],[-112.202885395661099,33.712019451887294,394.13838229148115],[-112.202885510118548,33.712024381173272,394.13838229148115],[-112.202885510118548,33.712024381173272,395.44730946616221]]]}},
{"type":"Feature","properties":{"id":"7000804","creator":null,"orientation":"vertical","number_of_bulb":"4","function":null,"lane_id":null,"width":65.55,"height":167.01,"ground_height":null,"traffic_light_pole_id":null,"att_editor":null},"geometry":{"type":"Polygon","coordinates":[[[-112.202889666213594,33.712203369137683,398.40214132124936],[-112.202889666213594,33.712203369137683,396.732042460403704],[-112.2028895289709,33.712197458612273,396.732042460403704],[-112.2028895289709,33.712197458612273,398.40214132124936],[-112.202889666213594,33.712203369137683,398.40214132124936]]]}},
{"type":"Feature","properties":{"id":"7000806","creator":null,"orientation":"vertical","number_of_bulb":"3","function":null,"lane_id":null,"width":60.17,"height":137.38,"ground_height":null,"traffic_light_pole_id":null,"att_editor":null},"geometry":{"type":"Polygon","coordinates":[[[-112.203349094210651,33.712236108301155,397.957610977301215],[-112.20334920240586,33.712230683266696,397.957610977301215],[-112.20334920240586,33.712230683266696,396.583818785528479],[-112.203349094210651,33.712236108301155,396.583818785528479],[-112.203349094210651,33.712236108301155,397.957610977301215]]]}},
{"type":"Feature","properties":{"id":"7000808","creator":null,"orientation":"vertical","number_of_bulb":"3","function":null,"lane_id":null,"width":61.47,"height":137.38,"ground_height":null,"traffic_light_pole_id":null,"att_editor":null},"geometry":{"type":"Polygon","coordinates":[[[-112.203349583441138,33.712211577710455,398.029571520679838],[-112.203349583441138,33.712211577710455,396.655779328907045],[-112.203349693988386,33.712206034740404,396.655779328907045],[-112.203349693988386,33.712206034740404,398.029571520679838],[-112.203349583441138,33.712211577710455,398.029571520679838]]]}},
{"type":"Feature","properties":{"id":"7000810","creator":null,"orientation":"vertical","number_of_bulb":"3","function":null,"lane_id":null,"width":61.8,"height":136.23,"ground_height":null,"traffic_light_pole_id":null,"att_editor":null},"geometry":{"type":"Polygon","coordinates":[[[-112.203348538313648,33.712263981627103,397.807556889687874],[-112.203348538313648,33.712263981627103,396.445212966179895],[-112.203348649448955,33.712258409173216,396.445212966179895],[-112.203348649448955,33.712258409173216,397.807556889687874],[-112.203348538313648,33.712263981627103,397.807556889687874]]]}},
{"type":"Feature","properties":{"id":"7000812","creator":null,"orientation":"vertical","number_of_bulb":"3","function":null,"lane_id":null,"width":68.67,"height":140.81,"ground_height":null,"traffic_light_pole_id":null,"att_editor":null},"geometry":{"type":"Polygon","coordinates":[[[-112.203348320258229,33.712294927875007,397.635832865716282],[-112.203348320258229,33.712294927875007,396.227695869149215],[-112.203348443741888,33.712288736259644,396.227695869149215],[-112.203348443741888,33.712288736259644,397.635832865716282],[-112.203348320258229,33.712294927875007,397.635832865716282]]]}},
{"type":"Feature","properties":{"id":"7000814","creator":null,"orientation":"vertical","number_of_bulb":"3","function":null,"lane_id":null,"width":65.23,"height":138.52,"ground_height":null,"traffic_light_pole_id":null,"att_editor":null},"geometry":{"type":"Polygon","coordinates":[[[-112.203347760237506,33.712325664391763,397.092934519097753],[-112.203347877547003,33.712319782357177,397.092934519097753],[-112.203347877547003,33.712319782357177,395.707694059060259],[-112.203347760237506,33.712325664391763,395.707694059060259],[-112.203347760237506,33.712325664391763,397.092934519097753]]]}},
{"type":"Feature","properties":{"id":"7000816","creator":null,"orientation":"vertical","number_of_bulb":"3","function":null,"lane_id":null,"width":61.73,"height":136.37,"ground_height":null,"traffic_light_pole_id":null,"att_editor":null},"geometry":{"type":"Polygon","coordinates":[[[-112.203354465894108,33.712023712342827,395.148875644060524],[-112.203355806458205,33.712018259003905,395.148875644060524],[-112.203355806458205,33.712018259003905,393.785138932812288],[-112.203354465894108,33.712023712342827,393.785138932812288],[-112.203354465894108,33.712023712342827,395.148875644060524]]]}},
{"type":"Feature","properties":{"id":"7000818","creator":null,"orientation":"vertical","number_of_bulb":"3","function":null,"lane_id":null,"width":60.27,"height":128.65,"ground_height":null,"traffic_light_pole_id":null,"att_editor":null},"geometry":{"type":"Polygon","coordinates":[[[-112.203345539802058,33.712023283158317,395.178787757807243],[-112.203345539802058,33.712023283158317,393.89224369059184],[-112.203343118892377,33.712018239112915,393.89224369059184],[-112.203343118892377,33.712018239112915,395.178787757807243],[-112.203345539802058,33.712023283158317,395.178787757807243]]]}},
{"type":"Feature","properties":{"id":"7000820","creator":null,"orientation":"vertical","number_of_bulb":"3","function":null,"lane_id":null,"width":52.5,"height":131.07,"ground_height":null,"traffic_light_pole_id":null,"att_editor":null},"geometry":{"type":"Polygon","coordinates":[[[-112.202943553921713,33.71197803548673,395.042098312934399],[-112.202943553921713,33.71197803548673,393.731398724456994],[-112.202938113418512,33.711979353987061,393.731398724456994],[-112.202938113418512,33.711979353987061,395.042098312934399],[-112.202943553921713,33.71197803548673,395.042098312934399]]]}},
{"type":"Feature","properties":{"id":"7000822","creator":null,"orientation":"vertical","number_of_bulb":"3","function":null,"lane_id":null,"width":58.06,"height":132.33,"ground_height":null,"traffic_light_pole_id":null,"att_editor":null},"geometry":{"type":"Polygon","coordinates":[[[-112.202943413751044,33.711970624431956,395.055498278640471],[-112.202943413751044,33.711970624431956,393.732195809504674],[-112.202937443707569,33.711969036573485,393.732195809504674],[-112.202937443707569,33.711969036573485,395.055498278640471],[-112.202943413751044,33.711970624431956,395.055498278640471]]]}},
{"type":"Feature","properties":{"id":"7000824","creator":null,"orientation":"vertical","number_of_bulb":"3","function":null,"lane_id":null,"width":59.53,"height":133.07,"ground_height":null,"traffic_light_pole_id":null,"att_editor":null},"geometry":{"type":"Polygon","coordinates":[[[-112.203347702603168,33.712376414905371,395.654125928953135],[-112.203347781497754,33.712371046910256,395.654125928953135],[-112.203347781497754,33.712371046910256,394.323471779433248],[-112.203347702603168,33.712376414905371,394.323471779433248],[-112.203347702603168,33.712376414905371,395.654125928953135]]]}},
{"type":"Feature","properties":{"id":"7000826","creator":null,"orientation":"vertical","number_of_bulb":"4","function":null,"lane_id":null,"width":62.68,"height":177.63,"ground_height":null,"traffic_light_pole_id":null,"att_editor":null},"geometry":{"type":"Polygon","coordinates":[[[-112.20315359787449,33.712450789684802,398.796202484593607],[-112.203146835740839,33.712450885633835,398.796202484593607],[-112.203146835740839,33.712450885633835,397.019855706421708],[-112.20315359787449,33.712450789684802,397.019855706421708],[-112.20315359787449,33.712450789684802,398.796202484593607]]]}},
{"type":"Feature","properties":{"id":"7000828","creator":null,"orientation":"vertical","number_of_bulb":"3","function":null,"lane_id":null,"width":61.18,"height":140.32,"ground_height":null,"traffic_light_pole_id":null,"att_editor":null},"geometry":{"type":"Polygon","coordinates":[[[-112.203073066093751,33.712451932339633,398.131471875640045],[-112.203066464962987,33.71245202599988,398.131471875640045],[-112.203066464962987,33.71245202599988,396.728307193722742],[-112.203073066093751,33.712451932339633,396.728307193722742],[-112.203073066093751,33.712451932339633,398.131471875640045]]]}},
{"type":"Feature","properties":{"id":"7000830","creator":null,"orientation":"vertical","number_of_bulb":"3","function":null,"lane_id":null,"width":61.4,"height":136.48,"ground_height":null,"traffic_light_pole_id":null,"att_editor":null},"geometry":{"type":"Polygon","coordinates":[[[-112.203040184785877,33.712452398873083,397.856999775827774],[-112.203040184785877,33.712452398873083,396.492219538096663],[-112.203033560654532,33.712452492857913,396.492219538096663],[-112.203033560654532,33.712452492857913,397.856999775827774],[-112.203040184785877,33.712452398873083,397.856999775827774]]]}},
{"type":"Feature","properties":{"id":"7000832","creator":null,"orientation":"vertical","number_of_bulb":"3","function":null,"lane_id":null,"width":63.1,"height":134.35,"ground_height":null,"traffic_light_pole_id":null,"att_editor":null},"geometry":{"type":"Polygon","coordinates":[[[-112.203007672922212,33.712452860156084,397.256043321537788],[-112.203007672922212,33.712452860156084,395.912587775021223],[-112.203000864787072,33.7124529567498,395.912587775021223],[-112.203000864787072,33.7124529567498,397.256043321537788],[-112.203007672922212,33.712452860156084,397.256043321537788]]]}},
{"type":"Feature","properties":{"id":"7000834","creator":null,"orientation":"vertical","number_of_bulb":"3","function":null,"lane_id":null,"width":63.02,"height":128.65,"ground_height":null,"traffic_light_pole_id":null,"att_editor":null},"geometry":{"type":"Polygon","coordinates":[[[-112.202956547939593,33.712452872645997,395.936246405521331],[-112.202956547939593,33.712452872645997,394.649702338305929],[-112.202949747676385,33.712452831628788,394.649702338305929],[-112.202949747676385,33.712452831628788,395.936246405521331],[-112.202956547939593,33.712452872645997,395.936246405521331]]]}},
{"type":"Feature","properties":{"id":"7000836","creator":null,"orientation":"vertical","number_of_bulb":"4","function":null,"lane_id":null,"width":60.45,"height":168.54,"ground_height":null,"traffic_light_pole_id":null,"att_editor":null},"geometry":{"type":"Polygon","coordinates":[[[-112.202899437079509,33.712406763836753,396.051132959974495],[-112.202899437079509,33.712406763836753,394.365760231922366],[-112.202896169014892,33.712402046122641,394.365760231922366],[-112.202896169014892,33.712402046122641,396.051132959974495],[-112.202899437079509,33.712406763836753,396.051132959974495]]]}},
{"type":"Feature","properties":{"id":"7000838","creator":null,"orientation":"vertical","number_of_bulb":"3","function":null,"lane_id":null,"width":64.31,"height":137.66,"ground_height":null,"traffic_light_pole_id":null,"att_editor":null},"geometry":{"type":"Polygon","coordinates":[[[-112.202885989262896,33.712407645231885,395.703623011352704],[-112.20288709812796,33.712401920553766,395.703623011352704],[-112.20288709812796,33.712401920553766,394.327020859432253],[-112.202885989262896,33.712407645231885,394.327020859432253],[-112.202885989262896,33.712407645231885,395.703623011352704]]]}},
{"type":"Feature","properties":{"id":"7000840","creator":null,"orientation":"vertical","number_of_bulb":"3","function":null,"lane_id":null,"width":57.88,"height":131.23,"ground_height":null,"traffic_light_pole_id":null,"att_editor":null},"geometry":{"type":"Polygon","coordinates":[[[-112.203299146120798,33.712422913375882,395.778295080178111],[-112.203292915718166,33.712423273654963,395.778295080178111],[-112.203292915718166,33.712423273654963,394.46602013161845],[-112.203299146120798,33.712422913375882,394.46602013161845],[-112.203299146120798,33.712422913375882,395.778295080178111]]]}},
{"type":"Feature","properties":{"id":"7000842","creator":null,"orientation":"vertical","number_of_bulb":"4","function":null,"lane_id":null,"width":69.82,"height":161.74,"ground_height":null,"traffic_light_pole_id":null,"att_editor":null},"geometry":{"type":"Polygon","coordinates":[[[-112.203297764953888,33.712412406111497,396.103842417194187],[-112.20329103662624,33.712415239035217,396.103842417194187],[-112.20329103662624,33.712415239035217,394.486472732694892],[-112.203297764953888,33.712412406111497,394.486472732694892],[-112.203297764953888,33.712412406111497,396.103842417194187]]]}},
{"type":"Feature","properties":{"id":"7000844","creator":null,"orientation":"vertical","number_of_bulb":"3","function":null,"lane_id":null,"width":65.59,"height":136.37,"ground_height":null,"traffic_light_pole_id":null,"att_editor":null},"geometry":{"type":"Polygon","coordinates":[[[-112.226616960313748,33.724932981858402,394.539817490400537],[-112.226616960313748,33.724932981858402,393.176080779152244],[-112.226609881961508,33.724932902411467,393.176080779152244],[-112.226609881961508,33.724932902411467,394.539817490400537],[-112.226616960313748,33.724932981858402,394.539817490400537]]]}},
{"type":"Feature","properties":{"id":"7000846","creator":null,"orientation":"vertical","number_of_bulb":"3","function":null,"lane_id":null,"width":61.73,"height":135.27,"ground_height":null,"traffic_light_pole_id":null,"att_editor":null},"geometry":{"type":"Polygon","coordinates":[[[-112.226550827075229,33.72493217618635,394.836510891087471],[-112.226544182991631,33.724932590727086,394.836510891087471],[-112.226544182991631,33.724932590727086,393.483801700415256],[-112.226550827075229,33.72493217618635,393.483801700415256],[-112.226550827075229,33.72493217618635,394.836510891087471]]]}},
{"type":"Feature","properties":{"id":"7000848","creator":null,"orientation":"vertical","number_of_bulb":"3","function":null,"lane_id":null,"width":60.45,"height":128.65,"ground_height":null,"traffic_light_pole_id":null,"att_editor":null},"geometry":{"type":"Polygon","coordinates":[[[-112.226805182139771,33.725175943475463,392.007987570755915],[-112.226805182139771,33.725175943475463,390.72144350354057],[-112.226807539075054,33.725170860468367,390.72144350354057],[-112.226807539075054,33.725170860468367,392.007987570755915],[-112.226805182139771,33.725175943475463,392.007987570755915]]]}}
]
}
