{
"type": "FeatureCollection",
"name": "traffic_sign_box",
"crs": { "type": "name", "properties": { "name": "urn:ogc:def:crs:OGC:1.3:CRS84" } },
"features": [
{"type":"Feature","properties":{"id":7300000.0,"type":"R6-1R","creator":null,"traffic_sign_pole_id":null,"text":"ONE WAY","train":null,"width":103.36,"height":41.04,"lane_id":null,"ground_height":null,"stop_line_id":null,"att_editor":null},"geometry":{"type":"Polygon","coordinates":[[[-112.257100993579499,33.710657555760712,390.265907249971633],[-112.257089840734878,33.710657627667153,390.265907249971633],[-112.257089840734878,33.710657627667153,389.855538079073938],[-112.257100993579499,33.710657555760712,389.855538079073938],[-112.257100993579499,33.710657555760712,390.265907249971633]]]}},
{"type":"Feature","properties":{"id":7300002.0,"type":"R1-1","creator":null,"traffic_sign_pole_id":null,"text":"STOP","train":null,"width":80.74,"height":78.17,"lane_id":null,"ground_height":null,"stop_line_id":null,"att_editor":null},"geometry":{"type":"Polygon","coordinates":[[[-112.257031511143566,33.710481025370882,390.620727884760356],[-112.257022829365653,33.710480419817564,390.620727884760356],[-112.257022829365653,33.710480419817564,389.839050694179434],[-112.257031511143566,33.710481025370882,389.839050694179434],[-112.257031511143566,33.710481025370882,390.620727884760356]]]}},
{"type":"Feature","properties":{"id":7300004.0,"type":"R14-1","creator":null,"traffic_sign_pole_id":null,"text":"TRUCK ROUTE","train":null,"width":81.57,"height":96.9,"lane_id":null,"ground_height":null,"stop_line_id":null,"att_editor":null},"geometry":{"type":"Polygon","coordinates":[[[-112.257307709951462,33.710533447780413,390.807187123802862],[-112.2573077753175,33.710526092485061,390.807187123802862],[-112.2573077753175,33.710526092485061,389.838179629087904],[-112.257307709951462,33.710533447780413,389.838179629087904],[-112.257307709951462,33.710533447780413,390.807187123802862]]]}},
{"type":"Feature","properties":{"id":7300006.0,"type":"W2-1","creator":null,"traffic_sign_pole_id":null,"text":null,"train":null,"width":95.18,"height":93.07,"lane_id":null,"ground_height":null,"stop_line_id":null,"att_editor":null},"geometry":{"type":"Polygon","coordinates":[[[-112.258139411410752,33.710810132202511,389.665877596731093],[-112.258139092287323,33.710818710856174,389.665877596731093],[-112.258139092287323,33.710818710856174,388.735128101141811],[-112.258139411410752,33.710810132202511,388.735128101141811],[-112.258139411410752,33.710810132202511,389.665877596731093]]]}},
{"type":"Feature","properties":{"id":7300008.0,"type":"R3-17","creator":null,"traffic_sign_pole_id":null,"text":"BIKE LANE","train":null,"width":81.53,"height":57.0,"lane_id":null,"ground_height":null,"stop_line_id":null,"att_editor":null},"geometry":{"type":"Polygon","coordinates":[[[-112.259108661705667,33.710526390235671,387.828163555414051],[-112.259108684250961,33.710519038131793,387.828163555414051],[-112.259108684250961,33.710519038131793,387.258130885866478],[-112.259108661705667,33.710526390235671,387.258130885866478],[-112.259108661705667,33.710526390235671,387.828163555414051]]]}},
{"type":"Feature","properties":{"id":7300010.0,"type":"R1-1","creator":null,"traffic_sign_pole_id":null,"text":"STOP","train":null,"width":92.8,"height":84.54,"lane_id":null,"ground_height":null,"stop_line_id":null,"att_editor":null},"geometry":{"type":"Polygon","coordinates":[[[-112.259215746248103,33.710467604948008,387.961191796749119],[-112.2592061866455,33.710465113968027,387.961191796749119],[-112.2592061866455,33.710465113968027,387.115758671551134],[-112.259215746248103,33.710467604948008,387.115758671551134],[-112.259215746248103,33.710467604948008,387.961191796749119]]]}},
{"type":"Feature","properties":{"id":7300012.0,"type":"R4-7","creator":null,"traffic_sign_pole_id":null,"text":null,"train":null,"width":73.17,"height":87.15,"lane_id":null,"ground_height":null,"stop_line_id":null,"att_editor":null},"geometry":{"type":"Polygon","coordinates":[[[-112.259165949302513,33.710652988032564,388.435982537498091],[-112.259165095651355,33.710646428737967,388.435982537498091],[-112.259165095651355,33.710646428737967,387.564439177666486],[-112.259165949302513,33.710652988032564,387.564439177666486],[-112.259165949302513,33.710652988032564,388.435982537498091]]]}},
{"type":"Feature","properties":{"id":7300014.0,"type":"OM3-L","creator":null,"traffic_sign_pole_id":null,"text":null,"train":null,"width":44.54,"height":96.06,"lane_id":null,"ground_height":null,"stop_line_id":null,"att_editor":null},"geometry":{"type":"Polygon","coordinates":[[[-112.259165763726159,33.710651562098931,387.545354286575275],[-112.25916524411241,33.710647569484884,387.545354286575275],[-112.25916524411241,33.710647569484884,386.584748101651428],[-112.259165763726159,33.710651562098931,386.584748101651428],[-112.259165763726159,33.710651562098931,387.545354286575275]]]}},
{"type":"Feature","properties":{"id":7300016.0,"type":"R1-1","creator":null,"traffic_sign_pole_id":null,"text":"STOP","train":null,"width":90.24,"height":86.33,"lane_id":null,"ground_height":null,"stop_line_id":null,"att_editor":null},"geometry":{"type":"Polygon","coordinates":[[[-112.259398466333138,33.710856499518748,388.368563822396425],[-112.259408202481367,33.710856400239209,388.368563822396425],[-112.259408202481367,33.710856400239209,387.505233672537258],[-112.259398466333138,33.710856499518748,387.505233672537258],[-112.259398466333138,33.710856499518748,388.368563822396425]]]}},
{"type":"Feature","properties":{"id":7300018.0,"type":"R4-7","creator":null,"traffic_sign_pole_id":null,"text":null,"train":null,"width":73.48,"height":90.41,"lane_id":null,"ground_height":null,"stop_line_id":null,"att_editor":null},"geometry":{"type":"Polygon","coordinates":[[[-112.259454985072296,33.710677612405782,388.316880907270104],[-112.259454991020448,33.710684239087229,388.316880907270104],[-112.259454991020448,33.710684239087229,387.412808586401638],[-112.259454985072296,33.710677612405782,387.412808586401638],[-112.259454985072296,33.710677612405782,388.316880907270104]]]}},
{"type":"Feature","properties":{"id":7300020.0,"type":"OM3-L","creator":null,"traffic_sign_pole_id":null,"text":null,"train":null,"width":45.04,"height":99.55,"lane_id":null,"ground_height":null,"stop_line_id":null,"att_editor":null},"geometry":{"type":"Polygon","coordinates":[[[-112.259454986429134,33.710679124022036,387.397571412454397],[-112.259454990074772,33.710683185536453,387.397571412454397],[-112.259454990074772,33.710683185536453,386.402076047902597],[-112.259454986429134,33.710679124022036,386.402076047902597],[-112.259454986429134,33.710679124022036,387.397571412454397]]]}},
{"type":"Feature","properties":{"id":7300022.0,"type":"R3-17","creator":null,"traffic_sign_pole_id":null,"text":"BIKE LANE","train":null,"width":78.3,"height":53.35,"lane_id":null,"ground_height":null,"stop_line_id":null,"att_editor":null},"geometry":{"type":"Polygon","coordinates":[[[-112.259456665476847,33.710806289776237,387.876378988881527],[-112.259455968328325,33.710813326886026,387.876378988881527],[-112.259455968328325,33.710813326886026,387.342865428428013],[-112.259456665476847,33.710806289776237,387.342865428428013],[-112.259456665476847,33.710806289776237,387.876378988881527]]]}},
{"type":"Feature","properties":{"id":7300024.0,"type":"R2-1","creator":null,"traffic_sign_pole_id":null,"text":"SPEED LIMIT 25","train":null,"width":67.5,"height":89.6,"lane_id":null,"ground_height":null,"stop_line_id":null,"att_editor":null},"geometry":{"type":"Polygon","coordinates":[[[-112.259432281160556,33.709962026210803,386.805831398465898],[-112.259439560698397,33.709962212252577,386.805831398465898],[-112.259439560698397,33.709962212252577,385.90985910614819],[-112.259432281160556,33.709962026210803,385.90985910614819],[-112.259432281160556,33.709962026210803,386.805831398465898]]]}},
{"type":"Feature","properties":{"id":7300026.0,"type":"W14-1","creator":null,"traffic_sign_pole_id":null,"text":"DEAD END","train":null,"width":85.19,"height":93.38,"lane_id":null,"ground_height":null,"stop_line_id":null,"att_editor":null},"geometry":{"type":"Polygon","coordinates":[[[-112.259199528685599,33.708990823119876,385.986717294707375],[-112.259199449510305,33.708983141203738,385.986717294707375],[-112.259199449510305,33.708983141203738,385.052884968585317],[-112.259199528685599,33.708990823119876,385.052884968585317],[-112.259199528685599,33.708990823119876,385.986717294707375]]]}},
{"type":"Feature","properties":{"id":7300028.0,"type":"R1-1","creator":null,"traffic_sign_pole_id":null,"text":"STOP","train":null,"width":79.69,"height":80.4,"lane_id":null,"ground_height":null,"stop_line_id":null,"att_editor":null},"geometry":{"type":"Polygon","coordinates":[[[-112.259226656884834,33.707254072648894,383.779729218824571],[-112.259226328199517,33.707261253274716,383.779729218824571],[-112.259226328199517,33.707261253274716,382.975777297003958],[-112.259226656884834,33.707254072648894,382.975777297003958],[-112.259226656884834,33.707254072648894,383.779729218824571]]]}},
{"type":"Feature","properties":{"id":7300030.0,"type":"OM1-2","creator":null,"traffic_sign_pole_id":null,"text":null,"train":null,"width":56.8,"height":59.52,"lane_id":null,"ground_height":null,"stop_line_id":null,"att_editor":null},"geometry":{"type":"Polygon","coordinates":[[[-112.259280896777952,33.707150048043907,382.971407581195422],[-112.25928698003041,33.707149428412286,382.971407581195422],[-112.25928698003041,33.707149428412286,382.376198044152716],[-112.259280896777952,33.707150048043907,382.376198044152716],[-112.259280896777952,33.707150048043907,382.971407581195422]]]}},
{"type":"Feature","properties":{"id":7300032.0,"type":"OM1-2","creator":null,"traffic_sign_pole_id":null,"text":null,"train":null,"width":56.8,"height":58.97,"lane_id":null,"ground_height":null,"stop_line_id":null,"att_editor":null},"geometry":{"type":"Polygon","coordinates":[[[-112.259288149886643,33.707149309252316,382.971407581195422],[-112.259294233138988,33.707148689620325,382.971407581195422],[-112.259294233138988,33.707148689620325,382.381658682107229],[-112.259288149886643,33.707149309252316,382.381658682107229],[-112.259288149886643,33.707149309252316,382.971407581195422]]]}},
{"type":"Feature","properties":{"id":7300034.0,"type":"OM1-2","creator":null,"traffic_sign_pole_id":null,"text":null,"train":null,"width":55.7,"height":58.43,"lane_id":null,"ground_height":null,"stop_line_id":null,"att_editor":null},"geometry":{"type":"Polygon","coordinates":[[[-112.2592971577795,33.707148391720231,382.971407581195422],[-112.259303124046085,33.707147784003809,382.971407581195422],[-112.259303124046085,33.707147784003809,382.387119320061743],[-112.2592971577795,33.707148391720231,382.387119320061743],[-112.2592971577795,33.707148391720231,382.971407581195422]]]}},
{"type":"Feature","properties":{"id":7300036.0,"type":"OM1-2","creator":null,"traffic_sign_pole_id":null,"text":null,"train":null,"width":56.25,"height":58.97,"lane_id":null,"ground_height":null,"stop_line_id":null,"att_editor":null},"geometry":{"type":"Polygon","coordinates":[[[-112.259304352395077,33.707147658885674,382.965946943240851],[-112.25931037715435,33.707147045210931,382.965946943240851],[-112.25931037715435,33.707147045210931,382.376198044152716],[-112.259304352395077,33.707147658885674,382.376198044152716],[-112.259304352395077,33.707147658885674,382.965946943240851]]]}},
{"type":"Feature","properties":{"id":7300038.0,"type":"OM1-2","creator":null,"traffic_sign_pole_id":null,"text":null,"train":null,"width":57.91,"height":57.34,"lane_id":null,"ground_height":null,"stop_line_id":null,"att_editor":null},"geometry":{"type":"Polygon","coordinates":[[[-112.259312450873765,33.707147023397653,382.907665341608777],[-112.259318698334042,33.707146918089215,382.907665341608777],[-112.259318698334042,33.707146918089215,382.334272523202515],[-112.259312450873765,33.707147023397653,382.334272523202515],[-112.259312450873765,33.707147023397653,382.907665341608777]]]}},
{"type":"Feature","properties":{"id":7300040.0,"type":"OM1-2","creator":null,"traffic_sign_pole_id":null,"text":null,"train":null,"width":57.34,"height":58.47,"lane_id":null,"ground_height":null,"stop_line_id":null,"att_editor":null},"geometry":{"type":"Polygon","coordinates":[[[-112.259320597071948,33.707146886083613,382.913342498226655],[-112.25932678328256,33.707146781807182,382.913342498226655],[-112.25932678328256,33.707146781807182,382.328595366584693],[-112.259320597071948,33.707146886083613,382.328595366584693],[-112.259320597071948,33.707146886083613,382.913342498226655]]]}},
{"type":"Feature","properties":{"id":7300042.0,"type":"OM1-2","creator":null,"traffic_sign_pole_id":null,"text":null,"train":null,"width":54.51,"height":58.47,"lane_id":null,"ground_height":null,"stop_line_id":null,"att_editor":null},"geometry":{"type":"Polygon","coordinates":[[[-112.25932813077398,33.707146759093455,382.890633871755142],[-112.259334010736524,33.707146659978868,382.890633871755142],[-112.259334010736524,33.707146659978868,382.305886740113124],[-112.25932813077398,33.707146759093455,382.305886740113124],[-112.25932813077398,33.707146759093455,382.890633871755142]]]}},
{"type":"Feature","properties":{"id":7300044.0,"type":"R1-1","creator":null,"traffic_sign_pole_id":null,"text":"STOP","train":null,"width":79.44,"height":81.08,"lane_id":null,"ground_height":null,"stop_line_id":null,"att_editor":null},"geometry":{"type":"Polygon","coordinates":[[[-112.259262529233922,33.705456776621979,381.973147947061705],[-112.259262838742359,33.705463935445223,381.973147947061705],[-112.259262838742359,33.705463935445223,381.162308489183374],[-112.259262529233922,33.705456776621979,381.162308489183374],[-112.259262529233922,33.705456776621979,381.973147947061705]]]}},
{"type":"Feature","properties":{"id":7300046.0,"type":"R1-1","creator":null,"traffic_sign_pole_id":null,"text":"STOP","train":null,"width":79.33,"height":79.32,"lane_id":null,"ground_height":null,"stop_line_id":null,"att_editor":null},"geometry":{"type":"Polygon","coordinates":[[[-112.259495688228441,33.703742983215683,379.839419097884047],[-112.2595042246611,33.703743500754648,379.839419097884047],[-112.2595042246611,33.703743500754648,379.046237939917887],[-112.259495688228441,33.703742983215683,379.046237939917887],[-112.259495688228441,33.703742983215683,379.839419097884047]]]}},
{"type":"Feature","properties":{"id":7300048.0,"type":"R1-1","creator":null,"traffic_sign_pole_id":null,"text":"STOP","train":null,"width":87.42,"height":90.61,"lane_id":null,"ground_height":null,"stop_line_id":null,"att_editor":null},"geometry":{"type":"Polygon","coordinates":[[[-112.259253663298111,33.703611507001469,380.098596950316619],[-112.259254173468022,33.703619379188076,380.098596950316619],[-112.259254173468022,33.703619379188076,379.192542640563715],[-112.259253663298111,33.703611507001469,379.192542640563715],[-112.259253663298111,33.703611507001469,380.098596950316619]]]}},
{"type":"Feature","properties":{"id":7300050.0,"type":"R1-1","creator":null,"traffic_sign_pole_id":null,"text":"STOP","train":null,"width":79.42,"height":84.57,"lane_id":null,"ground_height":null,"stop_line_id":null,"att_editor":null},"geometry":{"type":"Polygon","coordinates":[[[-112.259336604664909,33.703472212271393,379.915291083979582],[-112.25932803608417,33.703472299631024,379.915291083979582],[-112.25932803608417,33.703472299631024,379.069579916776661],[-112.259336604664909,33.703472212271393,379.069579916776661],[-112.259336604664909,33.703472212271393,379.915291083979582]]]}},
{"type":"Feature","properties":{"id":7300052.0,"type":"R1-1","creator":null,"traffic_sign_pole_id":null,"text":"STOP","train":null,"width":91.12,"height":89.32,"lane_id":null,"ground_height":null,"stop_line_id":null,"att_editor":null},"geometry":{"type":"Polygon","coordinates":[[[-112.259474027301138,33.703480514595874,379.816023221410717],[-112.259475132381169,33.703472349211445,379.816023221410717],[-112.259475132381169,33.703472349211445,378.922851377703125],[-112.259474027301138,33.703480514595874,378.922851377703125],[-112.259474027301138,33.703480514595874,379.816023221410717]]]}},
{"type":"Feature","properties":{"id":7300054.0,"type":"R2-1","creator":null,"traffic_sign_pole_id":null,"text":"SPEED LIMIT 25","train":null,"width":77.33,"height":97.2,"lane_id":null,"ground_height":null,"stop_line_id":null,"att_editor":null},"geometry":{"type":"Polygon","coordinates":[[[-112.260201259073327,33.703653702303399,379.698679127104697],[-112.260201019171618,33.703660672546221,379.698679127104697],[-112.260201019171618,33.703660672546221,378.726677060869747],[-112.260201259073327,33.703653702303399,378.726677060869747],[-112.260201259073327,33.703653702303399,379.698679127104697]]]}},
{"type":"Feature","properties":{"id":7300056.0,"type":"R1-1","creator":null,"traffic_sign_pole_id":null,"text":"STOP","train":null,"width":78.81,"height":75.84,"lane_id":null,"ground_height":null,"stop_line_id":null,"att_editor":null},"geometry":{"type":"Polygon","coordinates":[[[-112.26370897072286,33.703392000858095,378.758271806857522],[-112.263700476585001,33.703391670426228,378.758271806857522],[-112.263700476585001,33.703391670426228,377.999889946812289],[-112.26370897072286,33.703392000858095,377.999889946812289],[-112.26370897072286,33.703392000858095,378.758271806857522]]]}},
{"type":"Feature","properties":{"id":7300058.0,"type":"R4-7","creator":null,"traffic_sign_pole_id":null,"text":null,"train":null,"width":81.96,"height":102.44,"lane_id":null,"ground_height":null,"stop_line_id":null,"att_editor":null},"geometry":{"type":"Polygon","coordinates":[[[-112.263766437678711,33.70381282466743,379.612439086185361],[-112.263757597540774,33.703812636891129,379.612439086185361],[-112.263757597540774,33.703812636891129,378.588047981524369],[-112.263766437678711,33.70381282466743,378.588047981524369],[-112.263766437678711,33.70381282466743,379.612439086185361]]]}},
{"type":"Feature","properties":{"id":7300060.0,"type":"OM3-L","creator":null,"traffic_sign_pole_id":null,"text":null,"train":null,"width":52.88,"height":86.58,"lane_id":null,"ground_height":null,"stop_line_id":null,"att_editor":null},"geometry":{"type":"Polygon","coordinates":[[[-112.263765011850012,33.703812794380944,378.568221056918048],[-112.263759308535214,33.703812673234935,378.568221056918048],[-112.263759308535214,33.703812673234935,377.702445349107848],[-112.263765011850012,33.703812794380944,377.702445349107848],[-112.263765011850012,33.703812794380944,378.568221056918048]]]}},
{"type":"Feature","properties":{"id":7300062.0,"type":"R2-1","creator":null,"traffic_sign_pole_id":null,"text":"SPEED LIMIT 25","train":null,"width":71.99,"height":95.33,"lane_id":null,"ground_height":null,"stop_line_id":null,"att_editor":null},"geometry":{"type":"Polygon","coordinates":[[[-112.263675464121306,33.703787328069701,379.364195894458874],[-112.263667700658829,33.703787528247354,379.364195894458874],[-112.263667700658829,33.703787528247354,378.410932238671478],[-112.263675464121306,33.703787328069701,378.410932238671478],[-112.263675464121306,33.703787328069701,379.364195894458874]]]}},
{"type":"Feature","properties":{"id":7300064.0,"type":"R1-1","creator":null,"traffic_sign_pole_id":null,"text":"STOP","train":null,"width":76.18,"height":76.17,"lane_id":null,"ground_height":null,"stop_line_id":null,"att_editor":null},"geometry":{"type":"Polygon","coordinates":[[[-112.263848845482855,33.703685204439623,378.957258873757439],[-112.263857062811923,33.703685047540915,378.957258873757439],[-112.263857062811923,33.703685047540915,378.195528693709605],[-112.263848845482855,33.703685204439623,378.195528693709605],[-112.263848845482855,33.703685204439623,378.957258873757439]]]}},
{"type":"Feature","properties":{"id":7300066.0,"type":"R2-1","creator":null,"traffic_sign_pole_id":null,"text":"SPEED LIMIT 25","train":null,"width":83.8,"height":97.62,"lane_id":null,"ground_height":null,"stop_line_id":null,"att_editor":null},"geometry":{"type":"Polygon","coordinates":[[[-112.267107246843238,33.703397073540941,378.120289461657251],[-112.267108242683562,33.703389562958094,378.120289461657251],[-112.267108242683562,33.703389562958094,377.144122618877077],[-112.267107246843238,33.703397073540941,377.144122618877077],[-112.267107246843238,33.703397073540941,378.120289461657251]]]}},
{"type":"Feature","properties":{"id":7300068.0,"type":"R1-1","creator":null,"traffic_sign_pole_id":null,"text":"STOP","train":null,"width":85.56,"height":89.79,"lane_id":null,"ground_height":null,"stop_line_id":null,"att_editor":null},"geometry":{"type":"Polygon","coordinates":[[[-112.267974708225751,33.703578818756021,377.677349132899906],[-112.267974649051339,33.703586534617187,377.677349132899906],[-112.267974649051339,33.703586534617187,376.779437186028588],[-112.267974708225751,33.703578818756021,376.779437186028588],[-112.267974708225751,33.703578818756021,377.677349132899906]]]}},
{"type":"Feature","properties":{"id":7300070.0,"type":"R1-1","creator":null,"traffic_sign_pole_id":null,"text":"STOP","train":null,"width":79.32,"height":83.21,"lane_id":null,"ground_height":null,"stop_line_id":null,"att_editor":null},"geometry":{"type":"Polygon","coordinates":[[[-112.26822986029272,33.703621725796744,378.104904817808347],[-112.268238410703262,33.703622029943794,378.104904817808347],[-112.268238410703262,33.703622029943794,377.272780747192883],[-112.26822986029272,33.703621725796744,377.272780747192883],[-112.26822986029272,33.703621725796744,378.104904817808347]]]}},
{"type":"Feature","properties":{"id":7300072.0,"type":"R1-1","creator":null,"traffic_sign_pole_id":null,"text":"STOP","train":null,"width":73.65,"height":82.62,"lane_id":null,"ground_height":null,"stop_line_id":null,"att_editor":null},"geometry":{"type":"Polygon","coordinates":[[[-112.268257292557252,33.703480881449984,378.197100028600175],[-112.268258223633055,33.703474285128394,378.197100028600175],[-112.268258223633055,33.703474285128394,377.370923955623368],[-112.268257292557252,33.703480881449984,377.370923955623368],[-112.268257292557252,33.703480881449984,378.197100028600175]]]}},
{"type":"Feature","properties":{"id":7300074.0,"type":"R1-1","creator":null,"traffic_sign_pole_id":null,"text":"STOP","train":null,"width":95.47,"height":91.06,"lane_id":null,"ground_height":null,"stop_line_id":null,"att_editor":null},"geometry":{"type":"Polygon","coordinates":[[[-112.268065112424367,33.703356966865755,377.939547726754313],[-112.268054825507804,33.703356515619433,377.939547726754313],[-112.268054825507804,33.703356515619433,377.028963336441279],[-112.268065112424367,33.703356966865755,377.028963336441279],[-112.268065112424367,33.703356966865755,377.939547726754313]]]}},
{"type":"Feature","properties":{"id":7300076.0,"type":"R2-1","creator":null,"traffic_sign_pole_id":null,"text":"SPEED LIMIT 25","train":null,"width":69.69,"height":87.98,"lane_id":null,"ground_height":null,"stop_line_id":null,"att_editor":null},"geometry":{"type":"Polygon","coordinates":[[[-112.268917255464785,33.70356524530537,378.363549041208103],[-112.268916656372497,33.703571509413052,378.363549041208103],[-112.268916656372497,33.703571509413052,377.483711301955111],[-112.268917255464785,33.70356524530537,377.483711301955111],[-112.268917255464785,33.70356524530537,378.363549041208103]]]}},
{"type":"Feature","properties":{"id":7300078.0,"type":"R1-1","creator":null,"traffic_sign_pole_id":null,"text":"STOP","train":null,"width":79.98,"height":79.97,"lane_id":null,"ground_height":null,"stop_line_id":null,"att_editor":null},"geometry":{"type":"Polygon","coordinates":[[[-112.271465454661211,33.703614002055545,377.092622608362944],[-112.271474083897871,33.703613971507679,377.092622608362944],[-112.271474083897871,33.703613971507679,376.292908588382659],[-112.271465454661211,33.703614002055545,376.292908588382659],[-112.271465454661211,33.703614002055545,377.092622608362944]]]}},
{"type":"Feature","properties":{"id":7300080.0,"type":"S1-1","creator":null,"traffic_sign_pole_id":null,"text":null,"train":null,"width":102.76,"height":91.43,"lane_id":null,"ground_height":null,"stop_line_id":null,"att_editor":null},"geometry":{"type":"Polygon","coordinates":[[[-112.271541162882244,33.703542217992222,377.523541223204518],[-112.271541400203134,33.703551482130159,377.523541223204518],[-112.271541400203134,33.703551482130159,376.609284479861117],[-112.271541162882244,33.703542217992222,376.609284479861117],[-112.271541162882244,33.703542217992222,377.523541223204518]]]}},
{"type":"Feature","properties":{"id":7300082.0,"type":"R2-1","creator":null,"traffic_sign_pole_id":null,"text":"SPEED LIMIT 25","train":null,"width":90.52,"height":112.46,"lane_id":null,"ground_height":null,"stop_line_id":null,"att_editor":null},"geometry":{"type":"Polygon","coordinates":[[[-112.27181287325223,33.703445399337255,377.099825766906861],[-112.271812879786225,33.7034372360406,377.099825766906861],[-112.271812879786225,33.7034372360406,375.975241602795393],[-112.27181287325223,33.703445399337255,375.975241602795393],[-112.27181287325223,33.703445399337255,377.099825766906861]]]}},
{"type":"Feature","properties":{"id":7300084.0,"type":"R10-30","creator":null,"traffic_sign_pole_id":null,"text":"RIGHT TURN ON RED MUST YIELD TO U TURN","train":null,"width":84.35,"height":100.53,"lane_id":null,"ground_height":null,"stop_line_id":null,"att_editor":null},"geometry":{"type":"Polygon","coordinates":[[[-112.27286877581578,33.703361537136104,377.141203414275935],[-112.272868389936207,33.703353937861031,377.141203414275935],[-112.272868389936207,33.703353937861031,376.135858723305148],[-112.27286877581578,33.703361537136104,376.135858723305148],[-112.27286877581578,33.703361537136104,377.141203414275935]]]}},
{"type":"Feature","properties":{"id":7300086.0,"type":"R4-7","creator":null,"traffic_sign_pole_id":null,"text":null,"train":null,"width":72.07,"height":90.07,"lane_id":null,"ground_height":null,"stop_line_id":null,"att_editor":null},"geometry":{"type":"Polygon","coordinates":[[[-112.27247625422477,33.703580218700132,377.685498372166421],[-112.272468479602665,33.703580320821814,377.685498372166421],[-112.272468479602665,33.703580320821814,376.784753809012386],[-112.27247625422477,33.703580218700132,376.784753809012386],[-112.27247625422477,33.703580218700132,377.685498372166421]]]}},
{"type":"Feature","properties":{"id":7300088.0,"type":"OM3-L","creator":null,"traffic_sign_pole_id":null,"text":null,"train":null,"width":43.37,"height":93.41,"lane_id":null,"ground_height":null,"stop_line_id":null,"att_editor":null},"geometry":{"type":"Polygon","coordinates":[[[-112.272474814479935,33.703580237611604,376.751392899265966],[-112.272470135309234,33.703580299073721,376.751392899265966],[-112.272470135309234,33.703580299073721,375.81728742636551],[-112.272474814479935,33.703580237611604,375.81728742636551],[-112.272474814479935,33.703580237611604,376.751392899265966]]]}},
{"type":"Feature","properties":{"id":7300090.0,"type":"R3-17","creator":null,"traffic_sign_pole_id":null,"text":"BIKE LANE","train":null,"width":104.57,"height":65.35,"lane_id":null,"ground_height":null,"stop_line_id":null,"att_editor":null},"geometry":{"type":"Polygon","coordinates":[[[-112.272306895861377,33.704010035670599,377.491418721352431],[-112.272295644232727,33.704009335667891,377.491418721352431],[-112.272295644232727,33.704009335667891,376.837909402713308],[-112.272306895861377,33.704010035670599,376.837909402713308],[-112.272306895861377,33.704010035670599,377.491418721352431]]]}},
{"type":"Feature","properties":{"id":7300092.0,"type":"R2-1","creator":null,"traffic_sign_pole_id":null,"text":"SPEED LIMIT 45","train":null,"width":88.82,"height":111.61,"lane_id":null,"ground_height":null,"stop_line_id":null,"att_editor":null},"geometry":{"type":"Polygon","coordinates":[[[-112.272308861577599,33.70448721926774,378.037600132829937],[-112.272299301187815,33.704486663859804,378.037600132829937],[-112.272299301187815,33.704486663859804,376.921501430447506],[-112.272308861577599,33.70448721926774,376.921501430447506],[-112.272308861577599,33.70448721926774,378.037600132829937]]]}},
{"type":"Feature","properties":{"id":7300094.0,"type":"S1-1","creator":null,"traffic_sign_pole_id":null,"text":null,"train":null,"width":115.18,"height":101.3,"lane_id":null,"ground_height":null,"stop_line_id":null,"att_editor":null},"geometry":{"type":"Polygon","coordinates":[[[-112.272524459808778,33.70499433425028,378.58269210110393],[-112.272536848099662,33.704993505354892,378.58269210110393],[-112.272536848099662,33.704993505354892,377.569653102122118],[-112.272524459808778,33.70499433425028,377.569653102122118],[-112.272524459808778,33.70499433425028,378.58269210110393]]]}},
{"type":"Feature","properties":{"id":7300096.0,"type":"S1-1","creator":null,"traffic_sign_pole_id":null,"text":null,"train":null,"width":127.54,"height":120.88,"lane_id":null,"ground_height":null,"stop_line_id":null,"att_editor":null},"geometry":{"type":"Polygon","coordinates":[[[-112.272720031932494,33.704989818866515,378.417728209370466],[-112.272733787323446,33.704990150555993,378.417728209370466],[-112.272733787323446,33.704990150555993,377.208932779758186],[-112.272720031932494,33.704989818866515,377.208932779758186],[-112.272720031932494,33.704989818866515,378.417728209370466]]]}},
{"type":"Feature","properties":{"id":7300098.0,"type":"R2-1","creator":null,"traffic_sign_pole_id":null,"text":"SPEED LIMIT 45","train":null,"width":78.95,"height":99.31,"lane_id":null,"ground_height":null,"stop_line_id":null,"att_editor":null},"geometry":{"type":"Polygon","coordinates":[[[-112.272723938059656,33.705607640444249,378.452152700157342],[-112.272732444477271,33.705608017549515,378.452152700157342],[-112.272732444477271,33.705608017549515,377.459017798561831],[-112.272723938059656,33.705607640444249,377.459017798561831],[-112.272723938059656,33.705607640444249,378.452152700157342]]]}},
{"type":"Feature","properties":{"id":7300100.0,"type":"R3-7R","creator":null,"traffic_sign_pole_id":null,"text":"RIGHT LANE MUST TURN RIGHT","train":null,"width":107.95,"height":103.33,"lane_id":null,"ground_height":null,"stop_line_id":null,"att_editor":null},"geometry":{"type":"Polygon","coordinates":[[[-112.272320919941947,33.706877788815021,379.046354926385618],[-112.2723093013675,33.706877105653021,379.046354926385618],[-112.2723093013675,33.706877105653021,378.01306333300289],[-112.272320919941947,33.706877788815021,378.01306333300289],[-112.272320919941947,33.706877788815021,379.046354926385618]]]}},
{"type":"Feature","properties":{"id":7300102.0,"type":"W2-1","creator":null,"traffic_sign_pole_id":null,"text":null,"train":null,"width":141.76,"height":146.04,"lane_id":null,"ground_height":null,"stop_line_id":null,"att_editor":null},"geometry":{"type":"Polygon","coordinates":[[[-112.272761255883438,33.706443285061958,379.612170877757308],[-112.272776509223135,33.706444231793974,379.612170877757308],[-112.272776509223135,33.706444231793974,378.151781901069569],[-112.272761255883438,33.706443285061958,378.151781901069569],[-112.272761255883438,33.706443285061958,379.612170877757308]]]}},
{"type":"Feature","properties":{"id":7300104.0,"type":"R4-7","creator":null,"traffic_sign_pole_id":null,"text":null,"train":null,"width":75.49,"height":93.03,"lane_id":null,"ground_height":null,"stop_line_id":null,"att_editor":null},"geometry":{"type":"Polygon","coordinates":[[[-112.27257403490961,33.707004538887581,379.322115582913057],[-112.272582180380482,33.707004570821347,379.322115582913057],[-112.272582180380482,33.707004570821347,378.391838821478075],[-112.27257403490961,33.707004538887581,378.391838821478075],[-112.27257403490961,33.707004538887581,379.322115582913057]]]}},
{"type":"Feature","properties":{"id":7300106.0,"type":"OM3-L","creator":null,"traffic_sign_pole_id":null,"text":null,"train":null,"width":43.59,"height":93.56,"lane_id":null,"ground_height":null,"stop_line_id":null,"att_editor":null},"geometry":{"type":"Polygon","coordinates":[[[-112.272575354246442,33.707004544059984,377.865567967866241],[-112.272580057969051,33.707004562500622,377.865567967866241],[-112.272580057969051,33.707004562500622,376.929975339223063],[-112.272575354246442,33.707004544059984,376.929975339223063],[-112.272575354246442,33.707004544059984,377.865567967866241]]]}},
{"type":"Feature","properties":{"id":7300108.0,"type":"R4-7","creator":null,"traffic_sign_pole_id":null,"text":null,"train":null,"width":76.1,"height":96.62,"lane_id":null,"ground_height":null,"stop_line_id":null,"att_editor":null},"geometry":{"type":"Polygon","coordinates":[[[-112.272510064028751,33.707402125508821,379.521672818302591],[-112.272501853469393,33.707402184398184,379.521672818302591],[-112.272501853469393,33.707402184398184,378.555449176670606],[-112.272510064028751,33.707402125508821,378.555449176670606],[-112.272510064028751,33.707402125508821,379.521672818302591]]]}},
{"type":"Feature","properties":{"id":7300110.0,"type":"OM3-L","creator":null,"traffic_sign_pole_id":null,"text":null,"train":null,"width":44.69,"height":94.81,"lane_id":null,"ground_height":null,"stop_line_id":null,"att_editor":null},"geometry":{"type":"Polygon","coordinates":[[[-112.272508565275857,33.707402136258509,378.32597106178298],[-112.272503743201312,33.707402170844318,378.32597106178298],[-112.272503743201312,33.707402170844318,377.377864113431599],[-112.272508565275857,33.707402136258509,377.377864113431599],[-112.272508565275857,33.707402136258509,378.32597106178298]]]}},
{"type":"Feature","properties":{"id":7300112.0,"type":"R3-7R","creator":null,"traffic_sign_pole_id":null,"text":"RIGHT LANE MUST TURN RIGHT","train":null,"width":126.86,"height":107.28,"lane_id":null,"ground_height":null,"stop_line_id":null,"att_editor":null},"geometry":{"type":"Polygon","coordinates":[[[-112.272303706123168,33.707555405885365,379.199683302687845],[-112.272290404773926,33.707552705204691,379.199683302687845],[-112.272290404773926,33.707552705204691,378.126866611324488],[-112.272303706123168,33.707555405885365,378.126866611324488],[-112.272303706123168,33.707555405885365,379.199683302687845]]]}},
{"type":"Feature","properties":{"id":7300114.0,"type":"R3-17","creator":null,"traffic_sign_pole_id":null,"text":"BIKE LANE","train":null,"width":92.22,"height":58.58,"lane_id":null,"ground_height":null,"stop_line_id":null,"att_editor":null},"geometry":{"type":"Polygon","coordinates":[[[-112.272308334719625,33.707704559312347,379.569489000415615],[-112.27229838486582,33.707704449417236,379.569489000415615],[-112.27229838486582,33.707704449417236,378.983664685808321],[-112.272308334719625,33.707704559312347,378.983664685808321],[-112.272308334719625,33.707704559312347,379.569489000415615]]]}},
{"type":"Feature","properties":{"id":7300116.0,"type":"R2-1","creator":null,"traffic_sign_pole_id":null,"text":"SPEED LIMIT 45","train":null,"width":85.56,"height":96.09,"lane_id":null,"ground_height":null,"stop_line_id":null,"att_editor":null},"geometry":{"type":"Polygon","coordinates":[[[-112.272307047091488,33.707704545090706,378.968166688067413],[-112.272297816302739,33.707704443137494,378.968166688067413],[-112.272297816302739,33.707704443137494,378.007290828129555],[-112.272307047091488,33.707704545090706,378.007290828129555],[-112.272307047091488,33.707704545090706,378.968166688067413]]]}},
{"type":"Feature","properties":{"id":7300118.0,"type":"R6-1R","creator":null,"traffic_sign_pole_id":null,"text":"ONE WAY","train":null,"width":144.15,"height":55.38,"lane_id":null,"ground_height":null,"stop_line_id":null,"att_editor":null},"geometry":{"type":"Polygon","coordinates":[[[-112.272494047157679,33.707892135371097,378.594185493008922],[-112.27249392255078,33.707905133926673,378.594185493008922],[-112.27249392255078,33.707905133926673,378.040338081142863],[-112.272494047157679,33.707892135371097,378.040338081142863],[-112.272494047157679,33.707892135371097,378.594185493008922]]]}},
{"type":"Feature","properties":{"id":7300120.0,"type":"R1-1","creator":null,"traffic_sign_pole_id":null,"text":"STOP","train":null,"width":80.06,"height":84.63,"lane_id":null,"ground_height":null,"stop_line_id":null,"att_editor":null},"geometry":{"type":"Polygon","coordinates":[[[-112.27282109852608,33.70781781637212,379.288893042594452],[-112.272821695226781,33.707810613993644,379.288893042594452],[-112.272821695226781,33.707810613993644,378.442630766113837],[-112.27282109852608,33.70781781637212,378.442630766113837],[-112.27282109852608,33.70781781637212,379.288893042594452]]]}},
{"type":"Feature","properties":{"id":7300122.0,"type":"R3-7R","creator":null,"traffic_sign_pole_id":null,"text":"RIGHT LANE MUST TURN RIGHT","train":null,"width":107.18,"height":90.22,"lane_id":null,"ground_height":null,"stop_line_id":null,"att_editor":null},"geometry":{"type":"Polygon","coordinates":[[[-112.272775823391626,33.707772431428978,379.324185011714235],[-112.272787210631421,33.707774119261188,379.324185011714235],[-112.272787210631421,33.707774119261188,378.422003744716392],[-112.272775823391626,33.707772431428978,378.422003744716392],[-112.272775823391626,33.707772431428978,379.324185011714235]]]}},
{"type":"Feature","properties":{"id":7300124.0,"type":"R1-1","creator":null,"traffic_sign_pole_id":null,"text":"STOP","train":null,"width":94.6,"height":99.79,"lane_id":null,"ground_height":null,"stop_line_id":null,"att_editor":null},"geometry":{"type":"Polygon","coordinates":[[[-112.272248473701538,33.708017996510776,379.57685592424474],[-112.272248399358986,33.708026527501239,379.57685592424474],[-112.272248399358986,33.708026527501239,378.578995117538454],[-112.272248473701538,33.708017996510776,378.578995117538454],[-112.272248473701538,33.708017996510776,379.57685592424474]]]}},
{"type":"Feature","properties":{"id":7300126.0,"type":"OM3-C","creator":null,"traffic_sign_pole_id":null,"text":null,"train":null,"width":44.31,"height":100.62,"lane_id":null,"ground_height":null,"stop_line_id":null,"att_editor":null},"geometry":{"type":"Polygon","coordinates":[[[-112.2726128243403,33.708100930153549,378.852147667465772],[-112.272617601425168,33.708100771805867,378.852147667465772],[-112.272617601425168,33.708100771805867,377.845997637898392],[-112.2726128243403,33.708100930153549,377.845997637898392],[-112.2726128243403,33.708100930153549,378.852147667465772]]]}},
{"type":"Feature","properties":{"id":7300128.0,"type":"R3-7R","creator":null,"traffic_sign_pole_id":null,"text":"RIGHT LANE MUST TURN RIGHT","train":null,"width":119.52,"height":104.42,"lane_id":null,"ground_height":null,"stop_line_id":null,"att_editor":null},"geometry":{"type":"Polygon","coordinates":[[[-112.272776644492097,33.708326554702609,379.605097840848543],[-112.272789524531902,33.708327094274587,379.605097840848543],[-112.272789524531902,33.708327094274587,378.560853208251785],[-112.272776644492097,33.708326554702609,378.560853208251785],[-112.272776644492097,33.708326554702609,379.605097840848543]]]}},
{"type":"Feature","properties":{"id":7300130.0,"type":"R3-7R","creator":null,"traffic_sign_pole_id":null,"text":"RIGHT LANE MUST TURN RIGHT","train":null,"width":138.31,"height":133.02,"lane_id":null,"ground_height":null,"stop_line_id":null,"att_editor":null},"geometry":{"type":"Polygon","coordinates":[[[-112.272286875944516,33.70856278065029,379.995819400041398],[-112.272272347127128,33.708559931882156,379.995819400041398],[-112.272272347127128,33.708559931882156,378.665576387561941],[-112.272286875944516,33.70856278065029,378.665576387561941],[-112.272286875944516,33.70856278065029,379.995819400041398]]]}},
{"type":"Feature","properties":{"id":7300132.0,"type":"W2-1","creator":null,"traffic_sign_pole_id":null,"text":null,"train":null,"width":127.22,"height":135.47,"lane_id":null,"ground_height":null,"stop_line_id":null,"att_editor":null},"geometry":{"type":"Polygon","coordinates":[[[-112.272290582012516,33.708624446078517,380.198738725105272],[-112.272276887820496,33.708623652632035,380.198738725105272],[-112.272276887820496,33.708623652632035,378.844067150040473],[-112.272290582012516,33.708624446078517,378.844067150040473],[-112.272290582012516,33.708624446078517,380.198738725105272]]]}},
{"type":"Feature","properties":{"id":7300134.0,"type":"R4-7","creator":null,"traffic_sign_pole_id":null,"text":null,"train":null,"width":86.16,"height":108.01,"lane_id":null,"ground_height":null,"stop_line_id":null,"att_editor":null},"geometry":{"type":"Polygon","coordinates":[[[-112.272489229505638,33.708753401276901,380.338333988610941],[-112.272479932492615,33.708753384466632,380.338333988610941],[-112.272479932492615,33.708753384466632,379.258283267652473],[-112.272489229505638,33.708753401276901,379.258283267652473],[-112.272489229505638,33.708753401276901,380.338333988610941]]]}},
{"type":"Feature","properties":{"id":7300136.0,"type":"OM3-C","creator":null,"traffic_sign_pole_id":null,"text":null,"train":null,"width":47.45,"height":100.51,"lane_id":null,"ground_height":null,"stop_line_id":null,"att_editor":null},"geometry":{"type":"Polygon","coordinates":[[[-112.272487208415853,33.708753397622552,379.258283267652473],[-112.272482088321723,33.70875338836472,379.258283267652473],[-112.272482088321723,33.70875338836472,378.253149359708345],[-112.272487208415853,33.708753397622552,378.253149359708345],[-112.272487208415853,33.708753397622552,379.258283267652473]]]}},
{"type":"Feature","properties":{"id":7300138.0,"type":"R1-1","creator":null,"traffic_sign_pole_id":null,"text":"STOP","train":null,"width":82.29,"height":76.8,"lane_id":null,"ground_height":null,"stop_line_id":null,"att_editor":null},"geometry":{"type":"Polygon","coordinates":[[[-112.2722343915447,33.709003035177957,380.402756393942695],[-112.272234456125986,33.709010455623478,380.402756393942695],[-112.272234456125986,33.709010455623478,379.634802672694263],[-112.2722343915447,33.709003035177957,379.634802672694263],[-112.2722343915447,33.709003035177957,380.402756393942695]]]}},
{"type":"Feature","properties":{"id":7300140.0,"type":"R6-1R","creator":null,"traffic_sign_pole_id":null,"text":"ONE WAY","train":null,"width":93.6,"height":32.69,"lane_id":null,"ground_height":null,"stop_line_id":null,"att_editor":null},"geometry":{"type":"Polygon","coordinates":[[[-112.272234385569831,33.709002348660533,379.603457622847372],[-112.272234459025555,33.70901078878633,379.603457622847372],[-112.272234459025555,33.70901078878633,379.276573531587132],[-112.272234385569831,33.709002348660533,379.276573531587132],[-112.272234385569831,33.709002348660533,379.603457622847372]]]}},
{"type":"Feature","properties":{"id":7300142.0,"type":"R6-1R","creator":null,"traffic_sign_pole_id":null,"text":"ONE WAY","train":null,"width":99.72,"height":39.89,"lane_id":null,"ground_height":null,"stop_line_id":null,"att_editor":null},"geometry":{"type":"Polygon","coordinates":[[[-112.272492121428172,33.708964257147976,378.975850874615162],[-112.272492587129804,33.708973241516226,378.975850874615162],[-112.272492587129804,33.708973241516226,378.576999126985527],[-112.272492121428172,33.708964257147976,378.576999126985527],[-112.272492121428172,33.708964257147976,378.975850874615162]]]}},
{"type":"Feature","properties":{"id":7300144.0,"type":"OM3-C","creator":null,"traffic_sign_pole_id":null,"text":null,"train":null,"width":47.78,"height":101.03,"lane_id":null,"ground_height":null,"stop_line_id":null,"att_editor":null},"geometry":{"type":"Polygon","coordinates":[[[-112.272613018985808,33.708932212644328,379.513494095509657],[-112.27261817447426,33.708932237849893,379.513494095509657],[-112.27261817447426,33.708932237849893,378.503232492587244],[-112.272613018985808,33.708932212644328,378.503232492587244],[-112.272613018985808,33.708932212644328,379.513494095509657]]]}},
{"type":"Feature","properties":{"id":7300146.0,"type":"R1-1","creator":null,"traffic_sign_pole_id":null,"text":"STOP","train":null,"width":78.34,"height":83.6,"lane_id":null,"ground_height":null,"stop_line_id":null,"att_editor":null},"geometry":{"type":"Polygon","coordinates":[[[-112.272787442197867,33.708730905465309,379.715887644870634],[-112.272789498830733,33.708724053565859,379.715887644870634],[-112.272789498830733,33.708724053565859,378.879881670142993],[-112.272787442197867,33.708730905465309,378.879881670142993],[-112.272787442197867,33.708730905465309,379.715887644870634]]]}},
{"type":"Feature","properties":{"id":7300148.0,"type":"R5-1","creator":null,"traffic_sign_pole_id":null,"text":"DO NOT ENTER","train":null,"width":84.59,"height":90.63,"lane_id":null,"ground_height":null,"stop_line_id":null,"att_editor":null},"geometry":{"type":"Polygon","coordinates":[[[-112.272603573947208,33.708753661167542,380.120409351303749],[-112.272604446086675,33.708746067584954,380.120409351303749],[-112.272604446086675,33.708746067584954,379.214137850667328],[-112.272603573947208,33.708753661167542,379.214137850667328],[-112.272603573947208,33.708753661167542,380.120409351303749]]]}},
{"type":"Feature","properties":{"id":7300150.0,"type":"R3-7R","creator":null,"traffic_sign_pole_id":null,"text":"RIGHT LANE MUST TURN RIGHT","train":null,"width":117.81,"height":104.34,"lane_id":null,"ground_height":null,"stop_line_id":null,"att_editor":null},"geometry":{"type":"Polygon","coordinates":[[[-112.272278176730268,33.70908190339027,380.617168457576554],[-112.272265468273815,33.709082148525496,380.617168457576554],[-112.272265468273815,33.709082148525496,379.573811069974681],[-112.272278176730268,33.70908190339027,379.573811069974681],[-112.272278176730268,33.70908190339027,380.617168457576554]]]}},
{"type":"Feature","properties":{"id":7300152.0,"type":"R1-1","creator":null,"traffic_sign_pole_id":null,"text":"STOP","train":null,"width":78.82,"height":76.28,"lane_id":null,"ground_height":null,"stop_line_id":null,"att_editor":null},"geometry":{"type":"Polygon","coordinates":[[[-112.272226329239217,33.709496360414384,380.78366090924294],[-112.272225938933829,33.70950346030731,380.78366090924294],[-112.272225938933829,33.70950346030731,380.020846553370745],[-112.272226329239217,33.709496360414384,380.020846553370745],[-112.272226329239217,33.709496360414384,380.78366090924294]]]}},
{"type":"Feature","properties":{"id":7300154.0,"type":"R6-1R","creator":null,"traffic_sign_pole_id":null,"text":"ONE WAY","train":null,"width":86.9,"height":32.33,"lane_id":null,"ground_height":null,"stop_line_id":null,"att_editor":null},"geometry":{"type":"Polygon","coordinates":[[[-112.272226344250953,33.709496087341577,380.010743051968461],[-112.272225913914255,33.709503915428677,380.010743051968461],[-112.272225913914255,33.709503915428677,379.68743100709554],[-112.272226344250953,33.709496087341577,379.68743100709554],[-112.272226344250953,33.709496087341577,380.010743051968461]]]}},
{"type":"Feature","properties":{"id":7300156.0,"type":"R3-7R","creator":null,"traffic_sign_pole_id":null,"text":"RIGHT LANE MUST TURN RIGHT","train":null,"width":118.31,"height":98.72,"lane_id":null,"ground_height":null,"stop_line_id":null,"att_editor":null},"geometry":{"type":"Polygon","coordinates":[[[-112.272225809601949,33.710008564314784,381.368261835765111],[-112.272213075381828,33.710007816558893,381.368261835765111],[-112.272213075381828,33.710007816558893,380.381048024224924],[-112.272225809601949,33.710008564314784,380.381048024224924],[-112.272225809601949,33.710008564314784,381.368261835765111]]]}},
{"type":"Feature","properties":{"id":7300158.0,"type":"R3-5L","creator":null,"traffic_sign_pole_id":null,"text":"ONLY","train":null,"width":43.57,"height":70.25,"lane_id":null,"ground_height":null,"stop_line_id":null,"att_editor":null},"geometry":{"type":"Polygon","coordinates":[[[-112.272471935596499,33.710582312745252,381.752920640829132],[-112.272467295493712,33.710581679858635,381.752920640829132],[-112.272467295493712,33.710581679858635,381.050400197919544],[-112.272471935596499,33.710582312745252,381.050400197919544],[-112.272471935596499,33.710582312745252,381.752920640829132]]]}},
{"type":"Feature","properties":{"id":7300160.0,"type":"R3-5L","creator":null,"traffic_sign_pole_id":null,"text":"ONLY","train":null,"width":42.48,"height":69.16,"lane_id":null,"ground_height":null,"stop_line_id":null,"att_editor":null},"geometry":{"type":"Polygon","coordinates":[[[-112.272467295493712,33.710581679858635,381.742028851016585],[-112.272462771393577,33.710581062793977,381.742028851016585],[-112.272462771393577,33.710581062793977,381.050400197919544],[-112.272467295493712,33.710581679858635,381.050400197919544],[-112.272467295493712,33.710581679858635,381.742028851016585]]]}},
{"type":"Feature","properties":{"id":7300162.0,"type":"R3-4","creator":null,"traffic_sign_pole_id":null,"text":null,"train":null,"width":61.0,"height":58.27,"lane_id":null,"ground_height":null,"stop_line_id":null,"att_editor":null},"geometry":{"type":"Polygon","coordinates":[[[-112.272470717569519,33.710582146612524,380.952374089606565],[-112.272464221425679,33.710581260571153,380.952374089606565],[-112.272464221425679,33.710581260571153,380.36966333463505],[-112.272470717569519,33.710582146612524,380.36966333463505],[-112.272470717569519,33.710582146612524,380.952374089606565]]]}},
{"type":"Feature","properties":{"id":7300164.0,"type":"R4-7","creator":null,"traffic_sign_pole_id":null,"text":null,"train":null,"width":64.9,"height":83.33,"lane_id":null,"ground_height":null,"stop_line_id":null,"att_editor":null},"geometry":{"type":"Polygon","coordinates":[[[-112.272463202710128,33.710583882656756,381.777338907263641],[-112.272470166016689,33.710584501981636,381.777338907263641],[-112.272470166016689,33.710584501981636,380.944079335638833],[-112.272463202710128,33.710583882656756,380.944079335638833],[-112.272463202710128,33.710583882656756,381.777338907263641]]]}},
{"type":"Feature","properties":{"id":7300166.0,"type":"OM3-L","creator":null,"traffic_sign_pole_id":null,"text":null,"train":null,"width":37.61,"height":84.8,"lane_id":null,"ground_height":null,"stop_line_id":null,"att_editor":null},"geometry":{"type":"Polygon","coordinates":[[[-112.272465180922211,33.710584058601363,380.361535033352482],[-112.272469216474875,33.710584417528239,380.361535033352482],[-112.272469216474875,33.710584417528239,379.513527504707724],[-112.272465180922211,33.710584058601363,379.513527504707724],[-112.272465180922211,33.710584058601363,380.361535033352482]]]}},
{"type":"Feature","properties":{"id":7300168.0,"type":"R3-17","creator":null,"traffic_sign_pole_id":null,"text":"BIKE LANE","train":null,"width":81.38,"height":58.39,"lane_id":null,"ground_height":null,"stop_line_id":null,"att_editor":null},"geometry":{"type":"Polygon","coordinates":[[[-112.272634661817989,33.710550782101862,381.563834455669564],[-112.272643239447461,33.710552354478402,381.563834455669564],[-112.272643239447461,33.710552354478402,380.979952523170027],[-112.272634661817989,33.710550782101862,380.979952523170027],[-112.272634661817989,33.710550782101862,381.563834455669564]]]}},
{"type":"Feature","properties":{"id":7300170.0,"type":"R3-7R","creator":null,"traffic_sign_pole_id":null,"text":"RIGHT LANE MUST TURN RIGHT","train":null,"width":104.09,"height":92.52,"lane_id":null,"ground_height":null,"stop_line_id":null,"att_editor":null},"geometry":{"type":"Polygon","coordinates":[[[-112.272705724497001,33.710332048766389,381.778578081056594],[-112.272716746240775,33.710333856326002,381.778578081056594],[-112.272716746240775,33.710333856326002,380.853395543183353],[-112.272705724497001,33.710332048766389,380.853395543183353],[-112.272705724497001,33.710332048766389,381.778578081056594]]]}},
{"type":"Feature","properties":{"id":7300172.0,"type":"R1-1","creator":null,"traffic_sign_pole_id":null,"text":"STOP","train":null,"width":76.52,"height":84.43,"lane_id":null,"ground_height":null,"stop_line_id":null,"att_editor":null},"geometry":{"type":"Polygon","coordinates":[[[-112.272777030462763,33.709711763271677,381.159632066468703],[-112.272776376845144,33.709704884637475,381.159632066468703],[-112.272776376845144,33.709704884637475,380.315372019255676],[-112.272777030462763,33.709711763271677,380.315372019255676],[-112.272777030462763,33.709711763271677,381.159632066468703]]]}},
{"type":"Feature","properties":{"id":7300174.0,"type":"R3-7R","creator":null,"traffic_sign_pole_id":null,"text":"RIGHT LANE MUST TURN RIGHT","train":null,"width":99.35,"height":85.98,"lane_id":null,"ground_height":null,"stop_line_id":null,"att_editor":null},"geometry":{"type":"Polygon","coordinates":[[[-112.272787115256435,33.709234562937453,380.563165730160051],[-112.272797809625374,33.709235185202971,380.563165730160051],[-112.272797809625374,33.709235185202971,379.703358527076318],[-112.272787115256435,33.709234562937453,379.703358527076318],[-112.272787115256435,33.709234562937453,380.563165730160051]]]}},
{"type":"Feature","properties":{"id":7300176.0,"type":"R4-7","creator":null,"traffic_sign_pole_id":null,"text":null,"train":null,"width":72.27,"height":96.88,"lane_id":null,"ground_height":null,"stop_line_id":null,"att_editor":null},"geometry":{"type":"Polygon","coordinates":[[[-112.272037776016802,33.710742311560423,381.66943318163294],[-112.272037119883649,33.710735817584549,381.66943318163294],[-112.272037119883649,33.710735817584549,380.700586269901009],[-112.272037776016802,33.710742311560423,380.700586269901009],[-112.272037776016802,33.710742311560423,381.66943318163294]]]}},
{"type":"Feature","properties":{"id":7300178.0,"type":"OM3-L","creator":null,"traffic_sign_pole_id":null,"text":null,"train":null,"width":39.08,"height":100.1,"lane_id":null,"ground_height":null,"stop_line_id":null,"att_editor":null},"geometry":{"type":"Polygon","coordinates":[[[-112.27203767395163,33.710741301386413,380.566767635683846],[-112.272037319153696,33.710737789829047,380.566767635683846],[-112.272037319153696,33.710737789829047,379.565804251739848],[-112.27203767395163,33.710741301386413,379.565804251739848],[-112.27203767395163,33.710741301386413,380.566767635683846]]]}},
{"type":"Feature","properties":{"id":7300180.0,"type":"R10-5","creator":null,"traffic_sign_pole_id":null,"text":"LEFT ON GREEN ARROW ONLY","train":null,"width":68.0,"height":86.08,"lane_id":null,"ground_height":null,"stop_line_id":null,"att_editor":null},"geometry":{"type":"Polygon","coordinates":[[[-112.272091780914167,33.710747798799751,385.041064718460575],[-112.27209219557102,33.710741676167387,385.041064718460575],[-112.27209219557102,33.710741676167387,384.180251899622874],[-112.272091780914167,33.710747798799751,384.180251899622874],[-112.272091780914167,33.710747798799751,385.041064718460575]]]}},
{"type":"Feature","properties":{"id":7300182.0,"type":"R10-5","creator":null,"traffic_sign_pole_id":null,"text":"LEFT ON GREEN ARROW ONLY","train":null,"width":70.25,"height":92.63,"lane_id":null,"ground_height":null,"stop_line_id":null,"att_editor":null},"geometry":{"type":"Polygon","coordinates":[[[-112.272301547720929,33.711049255491808,385.31568461046686],[-112.2722941162735,33.711048008639402,385.31568461046686],[-112.2722941162735,33.711048008639402,384.389351734973161],[-112.272301547720929,33.711049255491808,384.389351734973161],[-112.272301547720929,33.711049255491808,385.31568461046686]]]}},
{"type":"Feature","properties":{"id":7300184.0,"type":"R4-7","creator":null,"traffic_sign_pole_id":null,"text":null,"train":null,"width":77.25,"height":105.65,"lane_id":null,"ground_height":null,"stop_line_id":null,"att_editor":null},"geometry":{"type":"Polygon","coordinates":[[[-112.272287760926901,33.711074411881782,382.016290554134116],[-112.272279775954445,33.711072412770811,382.016290554134116],[-112.272279775954445,33.711072412770811,380.959755090635667],[-112.272287760926901,33.711074411881782,380.959755090635667],[-112.272287760926901,33.711074411881782,382.016290554134116]]]}},
{"type":"Feature","properties":{"id":7300186.0,"type":"OM3-L","creator":null,"traffic_sign_pole_id":null,"text":null,"train":null,"width":40.84,"height":104.77,"lane_id":null,"ground_height":null,"stop_line_id":null,"att_editor":null},"geometry":{"type":"Polygon","coordinates":[[[-112.272285925301034,33.711073952316063,380.720036960262064],[-112.272281703361571,33.711072895314885,380.720036960262064],[-112.272281703361571,33.711072895314885,379.672379946036756],[-112.272285925301034,33.711073952316063,379.672379946036756],[-112.272285925301034,33.711073952316063,380.720036960262064]]]}},
{"type":"Feature","properties":{"id":7300188.0,"type":"R10-5","creator":null,"traffic_sign_pole_id":null,"text":"LEFT ON GREEN ARROW ONLY","train":null,"width":66.82,"height":90.39,"lane_id":null,"ground_height":null,"stop_line_id":null,"att_editor":null},"geometry":{"type":"Polygon","coordinates":[[[-112.272468931743333,33.710600400813412,385.296611289107773],[-112.272476090170755,33.710601117922778,385.296611289107773],[-112.272476090170755,33.710601117922778,384.392716814942617],[-112.272468931743333,33.710600400813412,384.392716814942617],[-112.272468931743333,33.710600400813412,385.296611289107773]]]}},
{"type":"Feature","properties":{"id":7300190.0,"type":"R10-5","creator":null,"traffic_sign_pole_id":null,"text":"LEFT ON GREEN ARROW ONLY","train":null,"width":78.16,"height":103.8,"lane_id":null,"ground_height":null,"stop_line_id":null,"att_editor":null},"geometry":{"type":"Polygon","coordinates":[[[-112.272671191133242,33.710875060880923,385.651701490162793],[-112.27267047433314,33.710882083998428,385.651701490162793],[-112.27267047433314,33.710882083998428,384.61369512358948],[-112.272671191133242,33.710875060880923,384.61369512358948],[-112.272671191133242,33.710875060880923,385.651701490162793]]]}},
{"type":"Feature","properties":{"id":7300192.0,"type":"R10-5","creator":null,"traffic_sign_pole_id":null,"text":"LEFT ON GREEN ARROW ONLY","train":null,"width":76.52,"height":96.68,"lane_id":null,"ground_height":null,"stop_line_id":null,"att_editor":null},"geometry":{"type":"Polygon","coordinates":[[[-112.272774940799408,33.710886944894945,382.05450185617542],[-112.272772621216944,33.710893567471182,382.05450185617542],[-112.272772621216944,33.710893567471182,381.087655128962638],[-112.272774940799408,33.710886944894945,381.087655128962638],[-112.272774940799408,33.710886944894945,382.05450185617542]]]}},
{"type":"Feature","properties":{"id":7300194.0,"type":"OM3-L","creator":null,"traffic_sign_pole_id":null,"text":null,"train":null,"width":37.56,"height":89.73,"lane_id":null,"ground_height":null,"stop_line_id":null,"att_editor":null},"geometry":{"type":"Polygon","coordinates":[[[-112.272774308186044,33.710888751052096,381.052876469710327],[-112.272773169481923,33.710892002134962,381.052876469710327],[-112.272773169481923,33.710892002134962,380.155587061002109],[-112.272774308186044,33.710888751052096,380.155587061002109],[-112.272774308186044,33.710888751052096,381.052876469710327]]]}},
{"type":"Feature","properties":{"id":7300196.0,"type":"R3-4","creator":null,"traffic_sign_pole_id":null,"text":null,"train":null,"width":65.11,"height":66.03,"lane_id":null,"ground_height":null,"stop_line_id":null,"att_editor":null},"geometry":{"type":"Polygon","coordinates":[[[-112.272287041917821,33.711074207717132,381.233572882981605],[-112.272280259454959,33.711072677907516,381.233572882981605],[-112.272280259454959,33.711072677907516,380.573280553912241],[-112.272287041917821,33.711074207717132,380.573280553912241],[-112.272287041917821,33.711074207717132,381.233572882981605]]]}},
{"type":"Feature","properties":{"id":7300198.0,"type":"R3-7R","creator":null,"traffic_sign_pole_id":null,"text":"RIGHT LANE MUST TURN RIGHT","train":null,"width":101.7,"height":95.79,"lane_id":null,"ground_height":null,"stop_line_id":null,"att_editor":null},"geometry":{"type":"Polygon","coordinates":[[[-112.27168964940104,33.710535344545839,381.533536928741398],[-112.271693116535928,33.710526643241423,381.533536928741398],[-112.271693116535928,33.710526643241423,380.575684533482274],[-112.27168964940104,33.710535344545839,380.575684533482274],[-112.27168964940104,33.710535344545839,381.533536928741398]]]}},
{"type":"Feature","properties":{"id":7300200.0,"type":"R1-1","creator":null,"traffic_sign_pole_id":null,"text":"STOP","train":null,"width":77.28,"height":78.71,"lane_id":null,"ground_height":null,"stop_line_id":null,"att_editor":null},"geometry":{"type":"Polygon","coordinates":[[[-112.271327961166961,33.71051392969229,381.990273705754191],[-112.271319682235017,33.710513095096317,381.990273705754191],[-112.271319682235017,33.710513095096317,381.203132326169168],[-112.271327961166961,33.71051392969229,381.203132326169168],[-112.271327961166961,33.71051392969229,381.990273705754191]]]}},
{"type":"Feature","properties":{"id":7300202.0,"type":"R3-5R","creator":null,"traffic_sign_pole_id":null,"text":"ONLY","train":null,"width":72.48,"height":87.35,"lane_id":null,"ground_height":null,"stop_line_id":null,"att_editor":null},"geometry":{"type":"Polygon","coordinates":[[[-112.2713276012134,33.710513893405526,381.164735185701602],[-112.271319836500837,33.710513110647796,381.164735185701602],[-112.271319836500837,33.710513110647796,380.291200240064597],[-112.2713276012134,33.710513893405526,380.291200240064597],[-112.2713276012134,33.710513893405526,381.164735185701602]]]}},
{"type":"Feature","properties":{"id":7300204.0,"type":"R6-1R","creator":null,"traffic_sign_pole_id":null,"text":"ONE WAY","train":null,"width":133.06,"height":43.62,"lane_id":null,"ground_height":null,"stop_line_id":null,"att_editor":null},"geometry":{"type":"Polygon","coordinates":[[[-112.271372400499729,33.710697551168806,380.248508384569789],[-112.271358043719289,33.710697649169646,380.248508384569789],[-112.271358043719289,33.710697649169646,379.812299543862764],[-112.271372400499729,33.710697551168806,379.812299543862764],[-112.271372400499729,33.710697551168806,380.248508384569789]]]}},
{"type":"Feature","properties":{"id":7300206.0,"type":"R3-17","creator":null,"traffic_sign_pole_id":null,"text":"BIKE LANE","train":null,"width":89.31,"height":66.45,"lane_id":null,"ground_height":null,"stop_line_id":null,"att_editor":null},"geometry":{"type":"Polygon","coordinates":[[[-112.271240758539335,33.710547714536347,381.215084103070751],[-112.271241269985978,33.710539672519623,381.215084103070751],[-112.271241269985978,33.710539672519623,380.550552190518431],[-112.271240758539335,33.710547714536347,380.550552190518431],[-112.271240758539335,33.710547714536347,381.215084103070751]]]}},
{"type":"Feature","properties":{"id":7300208.0,"type":"R3-7R","creator":null,"traffic_sign_pole_id":null,"text":"RIGHT LANE MUST TURN RIGHT","train":null,"width":115.47,"height":103.09,"lane_id":null,"ground_height":null,"stop_line_id":null,"att_editor":null},"geometry":{"type":"Polygon","coordinates":[[[-112.271441247476147,33.710912286084614,381.255919222850764],[-112.271440108161542,33.710922655731132,381.255919222850764],[-112.271440108161542,33.710922655731132,380.224996990475972],[-112.271441247476147,33.710912286084614,380.224996990475972],[-112.271441247476147,33.710912286084614,381.255919222850764]]]}},
{"type":"Feature","properties":{"id":7300210.0,"type":"R2-1","creator":null,"traffic_sign_pole_id":null,"text":"SPEED LIMIT 45","train":null,"width":77.23,"height":99.51,"lane_id":null,"ground_height":null,"stop_line_id":null,"att_editor":null},"geometry":{"type":"Polygon","coordinates":[[[-112.27085559287805,33.710542243568,381.481434506210405],[-112.270857399692545,33.710535445113798,381.481434506210405],[-112.270857399692545,33.710535445113798,380.486289432221952],[-112.27085559287805,33.710542243568,380.486289432221952],[-112.27085559287805,33.710542243568,381.481434506210405]]]}},
{"type":"Feature","properties":{"id":7300212.0,"type":"R3-7R","creator":null,"traffic_sign_pole_id":null,"text":"RIGHT LANE MUST TURN RIGHT","train":null,"width":115.9,"height":96.57,"lane_id":null,"ground_height":null,"stop_line_id":null,"att_editor":null},"geometry":{"type":"Polygon","coordinates":[[[-112.270518645025135,33.710508211517613,381.876574723500369],[-112.270520582067519,33.710497885905745,381.876574723500369],[-112.270520582067519,33.710497885905745,380.910825930709848],[-112.270518645025135,33.710508211517613,380.910825930709848],[-112.270518645025135,33.710508211517613,381.876574723500369]]]}},
{"type":"Feature","properties":{"id":7300214.0,"type":"R4-7","creator":null,"traffic_sign_pole_id":null,"text":null,"train":null,"width":70.43,"height":88.87,"lane_id":null,"ground_height":null,"stop_line_id":null,"att_editor":null},"geometry":{"type":"Polygon","coordinates":[[[-112.270093411392736,33.710729535505259,382.159106521324759],[-112.270093689440699,33.710735882799469,382.159106521324759],[-112.270093689440699,33.710735882799469,381.270391094042452],[-112.270093411392736,33.710729535505259,381.270391094042452],[-112.270093411392736,33.710729535505259,382.159106521324759]]]}},
{"type":"Feature","properties":{"id":7300216.0,"type":"OM3-L","creator":null,"traffic_sign_pole_id":null,"text":null,"train":null,"width":36.89,"height":86.64,"lane_id":null,"ground_height":null,"stop_line_id":null,"att_editor":null},"geometry":{"type":"Polygon","coordinates":[[[-112.270093479801361,33.710731097141121,381.259212283636373],[-112.270093625445526,33.710734421914296,381.259212283636373],[-112.270093625445526,33.710734421914296,380.392854477166168],[-112.270093479801361,33.710731097141121,380.392854477166168],[-112.270093479801361,33.710731097141121,381.259212283636373]]]}},
{"type":"Feature","properties":{"id":7300218.0,"type":"R9-3","creator":null,"traffic_sign_pole_id":null,"text":null,"train":null,"width":56.02,"height":58.28,"lane_id":null,"ground_height":null,"stop_line_id":null,"att_editor":null},"geometry":{"type":"Polygon","coordinates":[[[-112.269871469188843,33.710498532588907,381.913373589113803],[-112.269877510818375,33.710498681856471,381.913373589113803],[-112.269877510818375,33.710498681856471,381.330564418131758],[-112.269871469188843,33.710498532588907,381.330564418131758],[-112.269871469188843,33.710498532588907,381.913373589113803]]]}},
{"type":"Feature","properties":{"id":7300220.0,"type":"R9-3bP","creator":null,"traffic_sign_pole_id":null,"text":"USE CROSSWALK","train":null,"width":55.26,"height":31.79,"lane_id":null,"ground_height":null,"stop_line_id":null,"att_editor":null},"geometry":{"type":"Polygon","coordinates":[[[-112.269871632476125,33.710498536623177,381.315426517586729],[-112.269877592462024,33.710498683873574,381.315426517586729],[-112.269877592462024,33.710498683873574,380.997530606141993],[-112.269871632476125,33.710498536623177,380.997530606141993],[-112.269871632476125,33.710498536623177,381.315426517586729]]]}},
{"type":"Feature","properties":{"id":7300222.0,"type":"R4-7","creator":null,"traffic_sign_pole_id":null,"text":null,"train":null,"width":61.25,"height":82.65,"lane_id":null,"ground_height":null,"stop_line_id":null,"att_editor":null},"geometry":{"type":"Polygon","coordinates":[[[-112.269308338338845,33.710679702303629,382.592280111650041],[-112.269308480008206,33.710674179914712,382.592280111650041],[-112.269308480008206,33.710674179914712,381.765817362991811],[-112.269308338338845,33.710679702303629,381.765817362991811],[-112.269308338338845,33.710679702303629,382.592280111650041]]]}},
{"type":"Feature","properties":{"id":7300224.0,"type":"OM3-L","creator":null,"traffic_sign_pole_id":null,"text":null,"train":null,"width":37.64,"height":85.6,"lane_id":null,"ground_height":null,"stop_line_id":null,"att_editor":null},"geometry":{"type":"Polygon","coordinates":[[[-112.269308363941747,33.710678704281506,381.699405177831807],[-112.269308450991602,33.710675311006433,381.699405177831807],[-112.269308450991602,33.710675311006433,380.84342590243574],[-112.269308363941747,33.710678704281506,380.84342590243574],[-112.269308363941747,33.710678704281506,381.699405177831807]]]}},
{"type":"Feature","properties":{"id":7300226.0,"type":"R1-1","creator":null,"traffic_sign_pole_id":null,"text":"STOP","train":null,"width":76.69,"height":76.68,"lane_id":null,"ground_height":null,"stop_line_id":null,"att_editor":null},"geometry":{"type":"Polygon","coordinates":[[[-112.268598875221727,33.710497777396341,383.282448113690123],[-112.268590641933599,33.71049846755654,383.282448113690123],[-112.268590641933599,33.71049846755654,382.515668699534558],[-112.268598875221727,33.710497777396341,382.515668699534558],[-112.268598875221727,33.710497777396341,383.282448113690123]]]}},
{"type":"Feature","properties":{"id":7300228.0,"type":"R3-5R","creator":null,"traffic_sign_pole_id":null,"text":"ONLY","train":null,"width":75.24,"height":86.08,"lane_id":null,"ground_height":null,"stop_line_id":null,"att_editor":null},"geometry":{"type":"Polygon","coordinates":[[[-112.268598797549188,33.710497783907286,382.486733627302272],[-112.268590719606138,33.710498461045567,382.486733627302272],[-112.268590719606138,33.710498461045567,381.625915228391762],[-112.268598797549188,33.710497783907286,381.625915228391762],[-112.268598797549188,33.710497783907286,382.486733627302272]]]}},
{"type":"Feature","properties":{"id":7300230.0,"type":"R6-1R","creator":null,"traffic_sign_pole_id":null,"text":"ONE WAY","train":null,"width":132.94,"height":46.15,"lane_id":null,"ground_height":null,"stop_line_id":null,"att_editor":null},"geometry":{"type":"Polygon","coordinates":[[[-112.268647634724559,33.710682062643926,381.413560244652444],[-112.268633291360132,33.710682209975985,381.413560244652444],[-112.268633291360132,33.710682209975985,380.952015443759194],[-112.268647634724559,33.710682062643926,380.952015443759194],[-112.268647634724559,33.710682062643926,381.413560244652444]]]}},
{"type":"Feature","properties":{"id":7300232.0,"type":"R2-1","creator":null,"traffic_sign_pole_id":null,"text":"SPEED LIMIT 45","train":null,"width":69.27,"height":93.1,"lane_id":null,"ground_height":null,"stop_line_id":null,"att_editor":null},"geometry":{"type":"Polygon","coordinates":[[[-112.268212879381167,33.710537418707275,382.633599147186828],[-112.268213065741563,33.710531173759563,382.633599147186828],[-112.268213065741563,33.710531173759563,381.702604187376949],[-112.268212879381167,33.710537418707275,381.702604187376949],[-112.268212879381167,33.710537418707275,382.633599147186828]]]}},
{"type":"Feature","properties":{"id":7300234.0,"type":"W4-7","creator":null,"traffic_sign_pole_id":null,"text":"THRU TRAFFIC MERGE RIGHT","train":null,"width":125.63,"height":135.94,"lane_id":null,"ground_height":null,"stop_line_id":null,"att_editor":null},"geometry":{"type":"Polygon","coordinates":[[[-112.26801146852722,33.7107215092581,383.64481262877888],[-112.268012383308118,33.710732812598344,383.64481262877888],[-112.268012383308118,33.710732812598344,382.285377297111268],[-112.26801146852722,33.7107215092581,382.285377297111268],[-112.26801146852722,33.7107215092581,383.64481262877888]]]}},
{"type":"Feature","properties":{"id":7300236.0,"type":"OM3-C","creator":null,"traffic_sign_pole_id":null,"text":null,"train":null,"width":44.83,"height":98.49,"lane_id":null,"ground_height":null,"stop_line_id":null,"att_editor":null},"geometry":{"type":"Polygon","coordinates":[[[-112.267490030661563,33.710680842388733,382.185414611809165],[-112.267490523644454,33.710676820991473,382.185414611809165],[-112.267490523644454,33.710676820991473,381.20048859575553],[-112.267490030661563,33.710680842388733,381.20048859575553],[-112.267490030661563,33.710680842388733,382.185414611809165]]]}},
{"type":"Feature","properties":{"id":7300238.0,"type":"R4-7","creator":null,"traffic_sign_pole_id":null,"text":null,"train":null,"width":73.64,"height":95.11,"lane_id":null,"ground_height":null,"stop_line_id":null,"att_editor":null},"geometry":{"type":"Polygon","coordinates":[[[-112.26755627078505,33.710730553809192,383.358577569315401],[-112.267556368361738,33.710737194333852,383.358577569315401],[-112.267556368361738,33.710737194333852,382.407443002783168],[-112.26755627078505,33.710730553809192,382.407443002783168],[-112.26755627078505,33.710730553809192,383.358577569315401]]]}},
{"type":"Feature","properties":{"id":7300240.0,"type":"OM3-L","creator":null,"traffic_sign_pole_id":null,"text":null,"train":null,"width":38.66,"height":92.05,"lane_id":null,"ground_height":null,"stop_line_id":null,"att_editor":null},"geometry":{"type":"Polygon","coordinates":[[[-112.267556295992364,33.710732269278061,382.19267068130813],[-112.267556347220122,33.710735755553507,382.19267068130813],[-112.267556347220122,33.710735755553507,381.272217874986552],[-112.267556295992364,33.710732269278061,381.272217874986552],[-112.267556295992364,33.710732269278061,382.19267068130813]]]}},
{"type":"Feature","properties":{"id":7300242.0,"type":"R6-1R","creator":null,"traffic_sign_pole_id":null,"text":"ONE WAY","train":null,"width":90.3,"height":31.79,"lane_id":null,"ground_height":null,"stop_line_id":null,"att_editor":null},"geometry":{"type":"Polygon","coordinates":[[[-112.267336131734041,33.710729890976822,382.031790101132174],[-112.267345836097846,33.710729161523851,382.031790101132174],[-112.267345836097846,33.710729161523851,381.713933092946831],[-112.267336131734041,33.710729890976822,381.713933092946831],[-112.267336131734041,33.710729890976822,382.031790101132174]]]}},
{"type":"Feature","properties":{"id":7300244.0,"type":"R1-1","creator":null,"traffic_sign_pole_id":null,"text":"STOP","train":null,"width":96.68,"height":102.71,"lane_id":null,"ground_height":null,"stop_line_id":null,"att_editor":null},"geometry":{"type":"Polygon","coordinates":[[[-112.267468769369572,33.710991386790496,383.301278341164277],[-112.267479200771902,33.710991279739368,383.301278341164277],[-112.267479200771902,33.710991279739368,382.274148848854622],[-112.267468769369572,33.710991386790496,382.274148848854622],[-112.267468769369572,33.710991386790496,383.301278341164277]]]}},
{"type":"Feature","properties":{"id":7300246.0,"type":"R3-17","creator":null,"traffic_sign_pole_id":null,"text":"BIKE LANE","train":null,"width":70.6,"height":48.25,"lane_id":null,"ground_height":null,"stop_line_id":null,"att_editor":null},"geometry":{"type":"Polygon","coordinates":[[[-112.267535876496012,33.710869949689972,382.600026501200205],[-112.267535613622414,33.710876312490612,382.600026501200205],[-112.267535613622414,33.710876312490612,382.117554386592474],[-112.267535876496012,33.710869949689972,382.117554386592474],[-112.267535876496012,33.710869949689972,382.600026501200205]]]}},
{"type":"Feature","properties":{"id":7300248.0,"type":"R3-7R","creator":null,"traffic_sign_pole_id":null,"text":"RIGHT LANE MUST TURN RIGHT","train":null,"width":107.28,"height":89.1,"lane_id":null,"ground_height":null,"stop_line_id":null,"att_editor":null},"geometry":{"type":"Polygon","coordinates":[[[-112.268126785300623,33.710906638883245,382.720606132398473],[-112.268126132518148,33.710916297935981,382.720606132398473],[-112.268126132518148,33.710916297935981,381.829564209991759],[-112.268126785300623,33.710906638883245,381.829564209991759],[-112.268126785300623,33.710906638883245,382.720606132398473]]]}},
{"type":"Feature","properties":{"id":7300250.0,"type":"R6-1R","creator":null,"traffic_sign_pole_id":null,"text":"ONE WAY","train":null,"width":131.97,"height":45.9,"lane_id":null,"ground_height":null,"stop_line_id":null,"att_editor":null},"geometry":{"type":"Polygon","coordinates":[[[-112.268583497725203,33.710718090498105,381.564038143730613],[-112.268597736179217,33.710717944249339,381.564038143730613],[-112.268597736179217,33.710717944249339,381.105072563783494],[-112.268583497725203,33.710718090498105,381.105072563783494],[-112.268583497725203,33.710718090498105,381.564038143730613]]]}},
{"type":"Feature","properties":{"id":7300252.0,"type":"R3-7R","creator":null,"traffic_sign_pole_id":null,"text":"RIGHT LANE MUST TURN RIGHT","train":null,"width":97.14,"height":93.08,"lane_id":null,"ground_height":null,"stop_line_id":null,"att_editor":null},"geometry":{"type":"Polygon","coordinates":[[[-112.269112953590081,33.710905347415576,382.167327244025103],[-112.269112384923488,33.710914094362046,382.167327244025103],[-112.269112384923488,33.710914094362046,381.236498623265959],[-112.269112953590081,33.710905347415576,381.236498623265959],[-112.269112953590081,33.710905347415576,382.167327244025103]]]}},
{"type":"Feature","properties":{"id":7300254.0,"type":"R1-1","creator":null,"traffic_sign_pole_id":null,"text":"STOP","train":null,"width":82.81,"height":85.0,"lane_id":null,"ground_height":null,"stop_line_id":null,"att_editor":null},"geometry":{"type":"Polygon","coordinates":[[[-112.265935361553005,33.710481114876202,383.764005363158276],[-112.265926427264759,33.710481004705677,383.764005363158276],[-112.265926427264759,33.710481004705677,382.914022851786001],[-112.265935361553005,33.710481114876202,382.914022851786001],[-112.265935361553005,33.710481114876202,383.764005363158276]]]}},
{"type":"Feature","properties":{"id":7300256.0,"type":"R4-7","creator":null,"traffic_sign_pole_id":null,"text":null,"train":null,"width":67.24,"height":90.85,"lane_id":null,"ground_height":null,"stop_line_id":null,"att_editor":null},"geometry":{"type":"Polygon","coordinates":[[[-112.264013427478474,33.710681509251586,385.258891410211163],[-112.26401287634917,33.710687555725436,385.258891410211163],[-112.26401287634917,33.710687555725436,384.350409009781117],[-112.264013427478474,33.710681509251586,384.350409009781117],[-112.264013427478474,33.710681509251586,385.258891410211163]]]}},
{"type":"Feature","properties":{"id":7300258.0,"type":"OM3-L","creator":null,"traffic_sign_pole_id":null,"text":null,"train":null,"width":38.5,"height":94.95,"lane_id":null,"ground_height":null,"stop_line_id":null,"att_editor":null},"geometry":{"type":"Polygon","coordinates":[[[-112.264013305472758,33.710682847783993,384.273418975846369],[-112.26401298994071,33.710686309505626,384.273418975846369],[-112.26401298994071,33.710686309505626,383.32387522398443],[-112.264013305472758,33.710682847783993,383.32387522398443],[-112.264013305472758,33.710682847783993,384.273418975846369]]]}},
{"type":"Feature","properties":{"id":7300260.0,"type":"R2-1","creator":null,"traffic_sign_pole_id":null,"text":"SPEED LIMIT 45","train":null,"width":81.39,"height":105.32,"lane_id":null,"ground_height":null,"stop_line_id":null,"att_editor":null},"geometry":{"type":"Polygon","coordinates":[[[-112.264731395075941,33.710813542416453,385.12506174178975],[-112.264730643052047,33.71082085518686,385.12506174178975],[-112.264730643052047,33.71082085518686,384.071864335809664],[-112.264731395075941,33.710813542416453,384.071864335809664],[-112.264731395075941,33.710813542416453,385.12506174178975]]]}},
{"type":"Feature","properties":{"id":7300262.0,"type":"R3-17","creator":null,"traffic_sign_pole_id":null,"text":"BIKE LANE","train":null,"width":73.94,"height":44.15,"lane_id":null,"ground_height":null,"stop_line_id":null,"att_editor":null},"geometry":{"type":"Polygon","coordinates":[[[-112.264731365584822,33.710813829191764,384.008034189992657],[-112.264730682373553,33.710820472819783,384.008034189992657],[-112.264730682373553,33.710820472819783,383.5665423480919],[-112.264731365584822,33.710813829191764,383.5665423480919],[-112.264731365584822,33.710813829191764,384.008034189992657]]]}},
{"type":"Feature","properties":{"id":7300264.0,"type":"R3-7R","creator":null,"traffic_sign_pole_id":null,"text":"RIGHT LANE MUST TURN RIGHT","train":null,"width":106.83,"height":94.25,"lane_id":null,"ground_height":null,"stop_line_id":null,"att_editor":null},"geometry":{"type":"Polygon","coordinates":[[[-112.266968187121222,33.710900897611694,383.157165635590673],[-112.266967597870945,33.710910518872851,383.157165635590673],[-112.266967597870945,33.710910518872851,382.214627801636823],[-112.266968187121222,33.710900897611694,382.214627801636823],[-112.266968187121222,33.710900897611694,383.157165635590673]]]}},
{"type":"Feature","properties":{"id":7300266.0,"type":"R4-7","creator":null,"traffic_sign_pole_id":null,"text":null,"train":null,"width":73.37,"height":94.08,"lane_id":null,"ground_height":null,"stop_line_id":null,"att_editor":null},"geometry":{"type":"Polygon","coordinates":[[[-112.263724427509672,33.710295864553515,385.825682299756807],[-112.263732344146575,33.710295783550883,385.825682299756807],[-112.263732344146575,33.710295783550883,384.884866210162215],[-112.263724427509672,33.710295864553515,384.884866210162215],[-112.263724427509672,33.710295864553515,385.825682299756807]]]}},
{"type":"Feature","properties":{"id":7300268.0,"type":"OM3-L","creator":null,"traffic_sign_pole_id":null,"text":null,"train":null,"width":37.98,"height":80.27,"lane_id":null,"ground_height":null,"stop_line_id":null,"att_editor":null},"geometry":{"type":"Polygon","coordinates":[[[-112.263726103973966,33.710295847400062,384.84170950880474],[-112.263730201997774,33.710295805469293,384.84170950880474],[-112.263730201997774,33.710295805469293,384.038994863554308],[-112.263726103973966,33.710295847400062,384.038994863554308],[-112.263726103973966,33.710295847400062,384.84170950880474]]]}},
{"type":"Feature","properties":{"id":7300270.0,"type":"R4-7","creator":null,"traffic_sign_pole_id":null,"text":null,"train":null,"width":68.31,"height":96.08,"lane_id":null,"ground_height":null,"stop_line_id":null,"att_editor":null},"geometry":{"type":"Polygon","coordinates":[[[-112.263499142218663,33.710650604742135,385.621558386594188],[-112.2634985412394,33.710644464975296,385.621558386594188],[-112.2634985412394,33.710644464975296,384.660776883658514],[-112.263499142218663,33.710650604742135,384.660776883658514],[-112.263499142218663,33.710650604742135,385.621558386594188]]]}},
{"type":"Feature","properties":{"id":7300272.0,"type":"OM3-L","creator":null,"traffic_sign_pole_id":null,"text":null,"train":null,"width":37.53,"height":90.82,"lane_id":null,"ground_height":null,"stop_line_id":null,"att_editor":null},"geometry":{"type":"Polygon","coordinates":[[[-112.263499023343641,33.710649390282796,384.608234145216727],[-112.263498693135247,33.710646016784487,384.608234145216727],[-112.263498693135247,33.710646016784487,383.699995380722783],[-112.263499023343641,33.710649390282796,383.699995380722783],[-112.263499023343641,33.710649390282796,384.608234145216727]]]}},
{"type":"Feature","properties":{"id":7300274.0,"type":"R2-1","creator":null,"traffic_sign_pole_id":null,"text":"SPEED LIMIT 45","train":null,"width":76.49,"height":95.92,"lane_id":null,"ground_height":null,"stop_line_id":null,"att_editor":null},"geometry":{"type":"Polygon","coordinates":[[[-112.262845357197023,33.710515449561754,386.134520593861964],[-112.262845494543342,33.710508552799539,386.134520593861964],[-112.262845494543342,33.710508552799539,385.175356739607366],[-112.262845357197023,33.710515449561754,385.175356739607366],[-112.262845357197023,33.710515449561754,386.134520593861964]]]}},
{"type":"Feature","properties":{"id":7300276.0,"type":"R3-17","creator":null,"traffic_sign_pole_id":null,"text":"BIKE LANE","train":null,"width":63.32,"height":42.0,"lane_id":null,"ground_height":null,"stop_line_id":null,"att_editor":null},"geometry":{"type":"Polygon","coordinates":[[[-112.262845371832285,33.710514714660853,385.156549605210216],[-112.262845485537014,33.710509005046219,385.156549605210216],[-112.262845485537014,33.710509005046219,384.736523603673902],[-112.262845371832285,33.710514714660853,384.736523603673902],[-112.262845371832285,33.710514714660853,385.156549605210216]]]}},
{"type":"Feature","properties":{"id":7300278.0,"type":"R3-7R","creator":null,"traffic_sign_pole_id":null,"text":"RIGHT LANE MUST TURN RIGHT","train":null,"width":83.83,"height":73.88,"lane_id":null,"ground_height":null,"stop_line_id":null,"att_editor":null},"geometry":{"type":"Polygon","coordinates":[[[-112.273026871207733,33.710741339675344,382.047510222121389],[-112.273030167145834,33.710734299357803,382.047510222121389],[-112.273030167145834,33.710734299357803,381.308705903270777],[-112.273026871207733,33.710741339675344,381.308705903270777],[-112.273026871207733,33.710741339675344,382.047510222121389]]]}},
{"type":"Feature","properties":{"id":7300280.0,"type":"R3-17","creator":null,"traffic_sign_pole_id":null,"text":"BIKE LANE","train":null,"width":81.15,"height":56.27,"lane_id":null,"ground_height":null,"stop_line_id":null,"att_editor":null},"geometry":{"type":"Polygon","coordinates":[[[-112.272820724031021,33.711032447177153,381.439209452483169],[-112.272817899226666,33.711039373829166,381.439209452483169],[-112.272817899226666,33.711039373829166,380.876548546511344],[-112.272820724031021,33.711032447177153,380.876548546511344],[-112.272820724031021,33.711032447177153,381.439209452483169]]]}},
{"type":"Feature","properties":{"id":7300282.0,"type":"R4-7","creator":null,"traffic_sign_pole_id":null,"text":null,"train":null,"width":69.14,"height":93.99,"lane_id":null,"ground_height":null,"stop_line_id":null,"att_editor":null},"geometry":{"type":"Polygon","coordinates":[[[-112.272547103356857,33.703287471981739,377.541917141518525],[-112.27255455948773,33.703287673235366,377.541917141518525],[-112.27255455948773,33.703287673235366,376.601987294339892],[-112.272547103356857,33.703287471981739,376.601987294339892],[-112.272547103356857,33.703287471981739,377.541917141518525]]]}},
{"type":"Feature","properties":{"id":7300284.0,"type":"OM3-L","creator":null,"traffic_sign_pole_id":null,"text":null,"train":null,"width":32.63,"height":95.55,"lane_id":null,"ground_height":null,"stop_line_id":null,"att_editor":null},"geometry":{"type":"Polygon","coordinates":[[[-112.272549030222137,33.703287523991186,376.44662698902107],[-112.272552548845695,33.703287618964758,376.44662698902107],[-112.272552548845695,33.703287618964758,375.491161111310475],[-112.272549030222137,33.703287523991186,375.491161111310475],[-112.272549030222137,33.703287523991186,376.44662698902107]]]}},
{"type":"Feature","properties":{"id":7300286.0,"type":"R3-17","creator":null,"traffic_sign_pole_id":null,"text":"BIKE LANE","train":null,"width":76.57,"height":60.72,"lane_id":null,"ground_height":null,"stop_line_id":null,"att_editor":null},"geometry":{"type":"Polygon","coordinates":[[[-112.272710284127299,33.703238862696885,376.912778234002701],[-112.272718475187062,33.703239762030584,376.912778234002701],[-112.272718475187062,33.703239762030584,376.305558827117181],[-112.272710284127299,33.703238862696885,376.305558827117181],[-112.272710284127299,33.703238862696885,376.912778234002701]]]}},
{"type":"Feature","properties":{"id":7300288.0,"type":"W1-2R","creator":null,"traffic_sign_pole_id":null,"text":null,"train":null,"width":122.62,"height":133.16,"lane_id":null,"ground_height":null,"stop_line_id":null,"att_editor":null},"geometry":{"type":"Polygon","coordinates":[[[-112.272710402860781,33.702733141684888,377.42186127621801],[-112.27272347838786,33.702734824759311,377.42186127621801],[-112.27272347838786,33.702734824759311,376.090244522252874],[-112.272710402860781,33.702733141684888,376.090244522252874],[-112.272710402860781,33.702733141684888,377.42186127621801]]]}},
{"type":"Feature","properties":{"id":7300290.0,"type":"R1-1","creator":null,"traffic_sign_pole_id":null,"text":"STOP","train":null,"width":74.42,"height":73.72,"lane_id":null,"ground_height":null,"stop_line_id":null,"att_editor":null},"geometry":{"type":"Polygon","coordinates":[[[-112.27285689478974,33.701542803108303,375.447956846814577],[-112.272855919805679,33.701536141630875,375.447956846814577],[-112.272855919805679,33.701536141630875,374.710710722826548],[-112.27285689478974,33.701542803108303,374.710710722826548],[-112.27285689478974,33.701542803108303,375.447956846814577]]]}},
{"type":"Feature","properties":{"id":7300292.0,"type":"R1-1","creator":null,"traffic_sign_pole_id":null,"text":"STOP","train":null,"width":88.8,"height":93.96,"lane_id":null,"ground_height":null,"stop_line_id":null,"att_editor":null},"geometry":{"type":"Polygon","coordinates":[[[-112.272262126177282,33.701602460643386,377.534646701876966],[-112.272260007956064,33.701610270280312,377.534646701876966],[-112.272260007956064,33.701610270280312,376.595012118458953],[-112.272262126177282,33.701602460643386,376.595012118458953],[-112.272262126177282,33.701602460643386,377.534646701876966]]]}},
{"type":"Feature","properties":{"id":7300294.0,"type":"R6-1R","creator":null,"traffic_sign_pole_id":null,"text":"ONE WAY","train":null,"width":134.65,"height":49.86,"lane_id":null,"ground_height":null,"stop_line_id":null,"att_editor":null},"geometry":{"type":"Polygon","coordinates":[[[-112.272609742547061,33.701570641296613,375.634893559044997],[-112.272608667468859,33.701558532344727,375.634893559044997],[-112.272608667468859,33.701558532344727,375.136248397406803],[-112.272609742547061,33.701570641296613,375.136248397406803],[-112.272609742547061,33.701570641296613,375.634893559044997]]]}},
{"type":"Feature","properties":{"id":7300296.0,"type":"R6-1R","creator":null,"traffic_sign_pole_id":null,"text":"ONE WAY","train":null,"width":134.85,"height":48.54,"lane_id":null,"ground_height":null,"stop_line_id":null,"att_editor":null},"geometry":{"type":"Polygon","coordinates":[[[-112.272510722203663,33.701545003223337,375.656798296241391],[-112.272511221859446,33.701557156361773,375.656798296241391],[-112.272511221859446,33.701557156361773,375.171394092385356],[-112.272510722203663,33.701545003223337,375.171394092385356],[-112.272510722203663,33.701545003223337,375.656798296241391]]]}},
{"type":"Feature","properties":{"id":7300298.0,"type":"W2-2R","creator":null,"traffic_sign_pole_id":null,"text":null,"train":null,"width":107.67,"height":109.83,"lane_id":null,"ground_height":null,"stop_line_id":null,"att_editor":null},"geometry":{"type":"Polygon","coordinates":[[[-112.272852549655013,33.701181607395412,376.041641553079103],[-112.272863545464006,33.701184739511838,376.041641553079103],[-112.272863545464006,33.701184739511838,374.94335610830575],[-112.272852549655013,33.701181607395412,374.94335610830575],[-112.272852549655013,33.701181607395412,376.041641553079103]]]}},
{"type":"Feature","properties":{"id":7300300.0,"type":"R2-1","creator":null,"traffic_sign_pole_id":null,"text":"SPEED LIMIT 45","train":null,"width":65.38,"height":80.84,"lane_id":null,"ground_height":null,"stop_line_id":null,"att_editor":null},"geometry":{"type":"Polygon","coordinates":[[[-112.273054893850883,33.700644282984648,375.159258003829052],[-112.27306121057029,33.700646907704062,375.159258003829052],[-112.27306121057029,33.700646907704062,374.350835959824053],[-112.273054893850883,33.700644282984648,374.350835959824053],[-112.273054893850883,33.700644282984648,375.159258003829052]]]}},
{"type":"Feature","properties":{"id":7300302.0,"type":"R3-17","creator":null,"traffic_sign_pole_id":null,"text":"BIKE LANE","train":null,"width":75.18,"height":50.3,"lane_id":null,"ground_height":null,"stop_line_id":null,"att_editor":null},"geometry":{"type":"Polygon","coordinates":[[[-112.27307240350649,33.699752562626998,374.344100710070961],[-112.273066163355509,33.699748230876672,374.344100710070961],[-112.273066163355509,33.699748230876672,373.84111828266856],[-112.27307240350649,33.699752562626998,373.84111828266856],[-112.27307240350649,33.699752562626998,374.344100710070961]]]}},
{"type":"Feature","properties":{"id":7300304.0,"type":"R3-7R","creator":null,"traffic_sign_pole_id":null,"text":"RIGHT LANE MUST TURN RIGHT","train":null,"width":102.23,"height":93.99,"lane_id":null,"ground_height":null,"stop_line_id":null,"att_editor":null},"geometry":{"type":"Polygon","coordinates":[[[-112.272363336301893,33.701170492667295,376.524969936935406],[-112.27235288501717,33.701167547052698,376.524969936935406],[-112.27235288501717,33.701167547052698,375.58503771612817],[-112.272363336301893,33.701170492667295,375.58503771612817],[-112.272363336301893,33.701170492667295,376.524969936935406]]]}},
{"type":"Feature","properties":{"id":7300306.0,"type":"R1-1","creator":null,"traffic_sign_pole_id":null,"text":"STOP","train":null,"width":74.56,"height":78.65,"lane_id":null,"ground_height":null,"stop_line_id":null,"att_editor":null},"geometry":{"type":"Polygon","coordinates":[[[-112.273599560841973,33.699741770818243,374.505183458874512],[-112.27360265735723,33.699735565124513,374.505183458874512],[-112.27360265735723,33.699735565124513,373.71868079666433],[-112.273599560841973,33.699741770818243,373.71868079666433],[-112.273599560841973,33.699741770818243,374.505183458874512]]]}},
{"type":"Feature","properties":{"id":7300308.0,"type":"R6-1R","creator":null,"traffic_sign_pole_id":null,"text":"ONE WAY","train":null,"width":92.13,"height":33.38,"lane_id":null,"ground_height":null,"stop_line_id":null,"att_editor":null},"geometry":{"type":"Polygon","coordinates":[[[-112.273384041353353,33.699726569703707,373.426521977888399],[-112.273388234258917,33.69971903654703,373.426521977888399],[-112.273388234258917,33.69971903654703,373.0927360611484],[-112.273384041353353,33.699726569703707,373.0927360611484],[-112.273384041353353,33.699726569703707,373.426521977888399]]]}},
{"type":"Feature","properties":{"id":7300310.0,"type":"R3-17","creator":null,"traffic_sign_pole_id":null,"text":"BIKE LANE","train":null,"width":72.5,"height":55.39,"lane_id":null,"ground_height":null,"stop_line_id":null,"att_editor":null},"geometry":{"type":"Polygon","coordinates":[[[-112.273595712350883,33.699669810999254,374.203930978849428],[-112.273602713899052,33.69967272607191,374.203930978849428],[-112.273602713899052,33.69967272607191,373.650045310859525],[-112.273595712350883,33.699669810999254,373.650045310859525],[-112.273595712350883,33.699669810999254,374.203930978849428]]]}},
{"type":"Feature","properties":{"id":7300312.0,"type":"R4-7","creator":null,"traffic_sign_pole_id":null,"text":null,"train":null,"width":74.14,"height":88.41,"lane_id":null,"ground_height":null,"stop_line_id":null,"att_editor":null},"geometry":{"type":"Polygon","coordinates":[[[-112.273378830310406,33.69950796694318,374.762486560063337],[-112.273371378731497,33.699505537114959,374.762486560063337],[-112.273371378731497,33.699505537114959,373.878423449134914],[-112.273378830310406,33.69950796694318,373.878423449134914],[-112.273378830310406,33.69950796694318,374.762486560063337]]]}},
{"type":"Feature","properties":{"id":7300314.0,"type":"OM3-C","creator":null,"traffic_sign_pole_id":null,"text":null,"train":null,"width":40.64,"height":91.7,"lane_id":null,"ground_height":null,"stop_line_id":null,"att_editor":null},"geometry":{"type":"Polygon","coordinates":[[[-112.273377284797704,33.699507462978858,373.84547699779597],[-112.273373200228519,33.699506131073029,373.84547699779597],[-112.273373200228519,33.699506131073029,372.928467435528603],[-112.273377284797704,33.699507462978858,372.928467435528603],[-112.273377284797704,33.699507462978858,373.84547699779597]]]}},
{"type":"Feature","properties":{"id":7300316.0,"type":"R2-1","creator":null,"traffic_sign_pole_id":null,"text":"SPEED LIMIT 45","train":null,"width":71.97,"height":99.11,"lane_id":null,"ground_height":null,"stop_line_id":null,"att_editor":null},"geometry":{"type":"Polygon","coordinates":[[[-112.273595355605366,33.698790220838021,374.042930316427146],[-112.273588655435191,33.698786940381709,374.042930316427146],[-112.273588655435191,33.698786940381709,373.051822998875934],[-112.273595355605366,33.698790220838021,373.051822998875934],[-112.273595355605366,33.698790220838021,374.042930316427146]]]}},
{"type":"Feature","properties":{"id":7300318.0,"type":"W2-2L","creator":null,"traffic_sign_pole_id":null,"text":null,"train":null,"width":122.98,"height":127.74,"lane_id":null,"ground_height":null,"stop_line_id":null,"att_editor":null},"geometry":{"type":"Polygon","coordinates":[[[-112.273871825178688,33.698288774792459,374.206624235404661],[-112.273860119669195,33.698283553443261,374.206624235404661],[-112.273860119669195,33.698283553443261,372.929189702382075],[-112.273871825178688,33.698288774792459,372.929189702382075],[-112.273871825178688,33.698288774792459,374.206624235404661]]]}},
{"type":"Feature","properties":{"id":7300320.0,"type":"W2-1","creator":null,"traffic_sign_pole_id":null,"text":null,"train":null,"width":105.65,"height":105.64,"lane_id":null,"ground_height":null,"stop_line_id":null,"att_editor":null},"geometry":{"type":"Polygon","coordinates":[[[-112.27439431003593,33.698194783701894,373.771157749766758],[-112.274404395165277,33.698199224108372,373.771157749766758],[-112.274404395165277,33.698199224108372,372.714720675400201],[-112.27439431003593,33.698194783701894,372.714720675400201],[-112.27439431003593,33.698194783701894,373.771157749766758]]]}},
{"type":"Feature","properties":{"id":7300322.0,"type":"W14-2","creator":null,"traffic_sign_pole_id":null,"text":"NO OUTLET","train":null,"width":113.75,"height":121.51,"lane_id":null,"ground_height":null,"stop_line_id":null,"att_editor":null},"geometry":{"type":"Polygon","coordinates":[[[-112.274519250543108,33.698097117161147,373.434693334529243],[-112.274514764203786,33.698106664818752,373.434693334529243],[-112.274514764203786,33.698106664818752,372.219545899262187],[-112.274519250543108,33.698097117161147,372.219545899262187],[-112.274519250543108,33.698097117161147,373.434693334529243]]]}},
{"type":"Feature","properties":{"id":7300324.0,"type":"R1-1","creator":null,"traffic_sign_pole_id":null,"text":"STOP","train":null,"width":87.09,"height":90.34,"lane_id":null,"ground_height":null,"stop_line_id":null,"att_editor":null},"geometry":{"type":"Polygon","coordinates":[[[-112.274567730290585,33.697940555279622,373.012562226357545],[-112.274571096286664,33.697933223076753,373.012562226357545],[-112.274571096286664,33.697933223076753,372.109210704414124],[-112.274567730290585,33.697940555279622,372.109210704414124],[-112.274567730290585,33.697940555279622,373.012562226357545]]]}},
{"type":"Feature","properties":{"id":7300326.0,"type":"R6-1R","creator":null,"traffic_sign_pole_id":null,"text":"ONE WAY","train":null,"width":89.78,"height":34.91,"lane_id":null,"ground_height":null,"stop_line_id":null,"att_editor":null},"geometry":{"type":"Polygon","coordinates":[[[-112.274313765125157,33.697990771172819,372.126778732999469],[-112.274316855990975,33.697983097896561,372.126778732999469],[-112.274316855990975,33.697983097896561,371.777654105021156],[-112.274313765125157,33.697990771172819,371.777654105021156],[-112.274313765125157,33.697990771172819,372.126778732999469]]]}},
{"type":"Feature","properties":{"id":7300328.0,"type":"R3-7R","creator":null,"traffic_sign_pole_id":null,"text":"RIGHT LANE MUST TURN RIGHT","train":null,"width":114.55,"height":94.9,"lane_id":null,"ground_height":null,"stop_line_id":null,"att_editor":null},"geometry":{"type":"Polygon","coordinates":[[[-112.274734077407686,33.69766584250165,372.990676995272395],[-112.274743919165417,33.69767208967567,372.990676995272395],[-112.274743919165417,33.69767208967567,372.0416748553925],[-112.274734077407686,33.69766584250165,372.0416748553925],[-112.274734077407686,33.69766584250165,372.990676995272395]]]}},
{"type":"Feature","properties":{"id":7300330.0,"type":"R1-1","creator":null,"traffic_sign_pole_id":null,"text":"STOP","train":null,"width":90.02,"height":99.61,"lane_id":null,"ground_height":null,"stop_line_id":null,"att_editor":null},"geometry":{"type":"Polygon","coordinates":[[[-112.275017506054539,33.697228441799183,372.399273784891022],[-112.275022449511582,33.697221454658909,372.399273784891022],[-112.275022449511582,33.697221454658909,371.403189828409722],[-112.275017506054539,33.697228441799183,371.403189828409722],[-112.275017506054539,33.697228441799183,372.399273784891022]]]}},
{"type":"Feature","properties":{"id":7300332.0,"type":"R14-1","creator":null,"traffic_sign_pole_id":null,"text":"TRUCK ROUTE","train":null,"width":64.17,"height":82.24,"lane_id":null,"ground_height":null,"stop_line_id":null,"att_editor":null},"geometry":{"type":"Polygon","coordinates":[[[-112.275210437273444,33.696725132083088,371.650339174444014],[-112.275216425512767,33.696728036461039,371.650339174444014],[-112.275216425512767,33.696728036461039,370.827923280731625],[-112.275210437273444,33.696725132083088,370.827923280731625],[-112.275210437273444,33.696725132083088,371.650339174444014]]]}},
{"type":"Feature","properties":{"id":7300334.0,"type":"R4-7","creator":null,"traffic_sign_pole_id":null,"text":null,"train":null,"width":64.62,"height":89.27,"lane_id":null,"ground_height":null,"stop_line_id":null,"att_editor":null},"geometry":{"type":"Polygon","coordinates":[[[-112.275083071884026,33.696417738469115,371.566945384113751],[-112.275076696546336,33.696415379757497,371.566945384113751],[-112.275076696546336,33.696415379757497,370.674295126973107],[-112.275083071884026,33.696417738469115,370.674295126973107],[-112.275083071884026,33.696417738469115,371.566945384113751]]]}},
{"type":"Feature","properties":{"id":7300336.0,"type":"OM3-L","creator":null,"traffic_sign_pole_id":null,"text":null,"train":null,"width":39.31,"height":84.6,"lane_id":null,"ground_height":null,"stop_line_id":null,"att_editor":null},"geometry":{"type":"Polygon","coordinates":[[[-112.275081954556782,33.696417325086699,370.607679436141723],[-112.275078076774037,33.696415890406435,370.607679436141723],[-112.275078076774037,33.696415890406435,369.761660162583098],[-112.275081954556782,33.696417325086699,369.761660162583098],[-112.275081954556782,33.696417325086699,370.607679436141723]]]}},
{"type":"Feature","properties":{"id":7300338.0,"type":"R10-12a","creator":null,"traffic_sign_pole_id":null,"text":"LEFT TURN YIELD ON FLASHING YELLOW ARROW","train":null,"width":77.96,"height":102.86,"lane_id":null,"ground_height":null,"stop_line_id":null,"att_editor":null},"geometry":{"type":"Polygon","coordinates":[[[-112.275087022703559,33.696465880565455,375.946201839941921],[-112.27507928420988,33.696463126006108,375.946201839941921],[-112.27507928420988,33.696463126006108,374.917637588821378],[-112.275087022703559,33.696465880565455,374.917637588821378],[-112.275087022703559,33.696465880565455,375.946201839941921]]]}},
{"type":"Feature","properties":{"id":7300340.0,"type":"R10-12a","creator":null,"traffic_sign_pole_id":null,"text":"LEFT TURN YIELD ON FLASHING YELLOW ARROW","train":null,"width":72.65,"height":94.37,"lane_id":null,"ground_height":null,"stop_line_id":null,"att_editor":null},"geometry":{"type":"Polygon","coordinates":[[[-112.274939298717555,33.696189691968613,374.831442284247601],[-112.274942138445113,33.696183586014513,374.831442284247601],[-112.274942138445113,33.696183586014513,373.887706161106507],[-112.274939298717555,33.696189691968613,373.887706161106507],[-112.274939298717555,33.696189691968613,374.831442284247601]]]}},
{"type":"Feature","properties":{"id":7300342.0,"type":"R10-12a","creator":null,"traffic_sign_pole_id":null,"text":"LEFT TURN YIELD ON FLASHING YELLOW ARROW","train":null,"width":75.48,"height":102.43,"lane_id":null,"ground_height":null,"stop_line_id":null,"att_editor":null},"geometry":{"type":"Polygon","coordinates":[[[-112.275338279528569,33.696098568370921,374.912696334530551],[-112.275345852781768,33.69610107092101,374.912696334530551],[-112.275345852781768,33.69610107092101,373.888372298277488],[-112.275338279528569,33.696098568370921,373.888372298277488],[-112.275338279528569,33.696098568370921,374.912696334530551]]]}},
{"type":"Feature","properties":{"id":7300344.0,"type":"R10-12a","creator":null,"traffic_sign_pole_id":null,"text":"LEFT TURN YIELD ON FLASHING YELLOW ARROW","train":null,"width":73.8,"height":94.55,"lane_id":null,"ground_height":null,"stop_line_id":null,"att_editor":null},"geometry":{"type":"Polygon","coordinates":[[[-112.275474110483785,33.696331425679411,375.309872511905667],[-112.275470837003354,33.696337492560907,375.309872511905667],[-112.275470837003354,33.696337492560907,374.364371372034725],[-112.275474110483785,33.696331425679411,374.364371372034725],[-112.275474110483785,33.696331425679411,375.309872511905667]]]}},
{"type":"Feature","properties":{"id":7300346.0,"type":"R4-7","creator":null,"traffic_sign_pole_id":null,"text":null,"train":null,"width":68.87,"height":86.87,"lane_id":null,"ground_height":null,"stop_line_id":null,"att_editor":null},"geometry":{"type":"Polygon","coordinates":[[[-112.275346128511828,33.69611087739802,371.362158275519221],[-112.275353133178058,33.696112949654641,371.362158275519221],[-112.275353133178058,33.696112949654641,370.493494117706518],[-112.275346128511828,33.69611087739802,370.493494117706518],[-112.275346128511828,33.69611087739802,371.362158275519221]]]}},
{"type":"Feature","properties":{"id":7300348.0,"type":"OM3-L","creator":null,"traffic_sign_pole_id":null,"text":null,"train":null,"width":40.7,"height":104.87,"lane_id":null,"ground_height":null,"stop_line_id":null,"att_editor":null},"geometry":{"type":"Polygon","coordinates":[[[-112.275347481685955,33.696111277720341,370.391758675800531],[-112.275351620806902,33.696112502235664,370.391758675800531],[-112.275351620806902,33.696112502235664,369.343101043846389],[-112.275347481685955,33.696111277720341,369.343101043846389],[-112.275347481685955,33.696111277720341,370.391758675800531]]]}},
{"type":"Feature","properties":{"id":7300350.0,"type":"R3-17","creator":null,"traffic_sign_pole_id":null,"text":"BIKE LANE","train":null,"width":79.03,"height":56.35,"lane_id":null,"ground_height":null,"stop_line_id":null,"att_editor":null},"geometry":{"type":"Polygon","coordinates":[[[-112.27489797750205,33.696397287876465,371.27607749611218],[-112.274890604091667,33.696393709343653,371.27607749611218],[-112.274890604091667,33.696393709343653,370.712613532173179],[-112.27489797750205,33.696397287876465,370.712613532173179],[-112.27489797750205,33.696397287876465,371.27607749611218]]]}},
{"type":"Feature","properties":{"id":7300352.0,"type":"R2-1","creator":null,"traffic_sign_pole_id":null,"text":"SPEED LIMIT 25","train":null,"width":105.03,"height":124.42,"lane_id":null,"ground_height":null,"stop_line_id":null,"att_editor":null},"geometry":{"type":"Polygon","coordinates":[[[-112.2759267609662,33.696447976571086,370.772638377889109],[-112.275924490709926,33.696457255673643,370.772638377889109],[-112.275924490709926,33.696457255673643,369.528416061479675],[-112.2759267609662,33.696447976571086,369.528416061479675],[-112.2759267609662,33.696447976571086,370.772638377889109]]]}},
{"type":"Feature","properties":{"id":7300354.0,"type":"R5-2","creator":null,"traffic_sign_pole_id":null,"text":null,"train":null,"width":93.8,"height":98.94,"lane_id":null,"ground_height":null,"stop_line_id":null,"att_editor":null},"geometry":{"type":"Polygon","coordinates":[[[-112.274807113062238,33.696044601635506,371.232216769717581],[-112.274809782019958,33.696036442588102,371.232216769717581],[-112.274809782019958,33.696036442588102,370.242794143820106],[-112.274807113062238,33.696044601635506,370.242794143820106],[-112.274807113062238,33.696044601635506,371.232216769717581]]]}},
{"type":"Feature","properties":{"id":7300356.0,"type":"R3-17","creator":null,"traffic_sign_pole_id":null,"text":"BIKE LANE","train":null,"width":81.43,"height":47.41,"lane_id":null,"ground_height":null,"stop_line_id":null,"att_editor":null},"geometry":{"type":"Polygon","coordinates":[[[-112.274807201049853,33.696044332655951,370.191261715387952],[-112.27480951805714,33.69603724952686,370.191261715387952],[-112.27480951805714,33.69603724952686,369.717163373812014],[-112.274807201049853,33.696044332655951,369.717163373812014],[-112.274807201049853,33.696044332655951,370.191261715387952]]]}},
{"type":"Feature","properties":{"id":7300358.0,"type":"R3-7R","creator":null,"traffic_sign_pole_id":null,"text":"RIGHT LANE MUST TURN RIGHT","train":null,"width":116.45,"height":99.58,"lane_id":null,"ground_height":null,"stop_line_id":null,"att_editor":null},"geometry":{"type":"Polygon","coordinates":[[[-112.275671608563883,33.695974950861462,370.746760085092376],[-112.275681248057708,33.695981685670191,370.746760085092376],[-112.275681248057708,33.695981685670191,369.750994096788872],[-112.275671608563883,33.695974950861462,369.750994096788872],[-112.275671608563883,33.695974950861462,370.746760085092376]]]}},
{"type":"Feature","properties":{"id":7300360.0,"type":"R2-1","creator":null,"traffic_sign_pole_id":null,"text":"SPEED LIMIT 45","train":null,"width":72.9,"height":101.7,"lane_id":null,"ground_height":null,"stop_line_id":null,"att_editor":null},"geometry":{"type":"Polygon","coordinates":[[[-112.276035156045197,33.695234626944234,370.92420507746715],[-112.276042243912855,33.695237476005467,370.92420507746715],[-112.276042243912855,33.695237476005467,369.907220496224454],[-112.276035156045197,33.695234626944234,369.907220496224454],[-112.276035156045197,33.695234626944234,370.92420507746715]]]}},
{"type":"Feature","properties":{"id":7300362.0,"type":"R3-17","creator":null,"traffic_sign_pole_id":null,"text":"BIKE LANE","train":null,"width":69.96,"height":44.09,"lane_id":null,"ground_height":null,"stop_line_id":null,"att_editor":null},"geometry":{"type":"Polygon","coordinates":[[[-112.276035327525861,33.695234695873154,369.889584925451402],[-112.276042129592412,33.695237430052885,369.889584925451402],[-112.276042129592412,33.695237430052885,369.448695656126517],[-112.276035327525861,33.695234695873154,369.448695656126517],[-112.276035327525861,33.695234695873154,369.889584925451402]]]}},
{"type":"Feature","properties":{"id":7300364.0,"type":"W11-8","creator":null,"traffic_sign_pole_id":null,"text":null,"train":null,"width":133.15,"height":131.43,"lane_id":null,"ground_height":null,"stop_line_id":null,"att_editor":null},"geometry":{"type":"Polygon","coordinates":[[[-112.276344860068178,33.694657261138538,371.093073598588603],[-112.276357082946603,33.694663568571578,371.093073598588603],[-112.276357082946603,33.694663568571578,369.778788645325506],[-112.276344860068178,33.694657261138538,369.778788645325506],[-112.276344860068178,33.694657261138538,371.093073598588603]]]}},
{"type":"Feature","properties":{"id":7300366.0,"type":"W11-12P","creator":null,"traffic_sign_pole_id":null,"text":"EMERGENCY SIGNAL AHEAD","train":null,"width":111.81,"height":71.69,"lane_id":null,"ground_height":null,"stop_line_id":null,"att_editor":null},"geometry":{"type":"Polygon","coordinates":[[[-112.276346035344872,33.694657867622546,369.667842512907214],[-112.276356299428699,33.694663164248979,369.667842512907214],[-112.276356299428699,33.694663164248979,368.950959811127348],[-112.276346035344872,33.694657867622546,368.950959811127348],[-112.276346035344872,33.694657867622546,369.667842512907214]]]}},
{"type":"Feature","properties":{"id":7300368.0,"type":"R3-7R","creator":null,"traffic_sign_pole_id":null,"text":"RIGHT LANE MUST TURN RIGHT","train":null,"width":122.03,"height":105.64,"lane_id":null,"ground_height":null,"stop_line_id":null,"att_editor":null},"geometry":{"type":"Polygon","coordinates":[[[-112.275557916847504,33.695132851053891,370.403195898171873],[-112.275546567333862,33.695127275448264,370.403195898171873],[-112.275546567333862,33.695127275448264,369.346840299674227],[-112.275557916847504,33.695132851053891,369.346840299674227],[-112.275557916847504,33.695132851053891,370.403195898171873]]]}},
{"type":"Feature","properties":{"id":7300370.0,"type":"R14-1","creator":null,"traffic_sign_pole_id":null,"text":"TRUCK ROUTE","train":null,"width":69.31,"height":87.29,"lane_id":null,"ground_height":null,"stop_line_id":null,"att_editor":null},"geometry":{"type":"Polygon","coordinates":[[[-112.275533052558487,33.695169034331769,370.82009301586163],[-112.27552670357737,33.695165731986279,370.82009301586163],[-112.27552670357737,33.695165731986279,369.947143326905405],[-112.275533052558487,33.695169034331769,369.947143326905405],[-112.275533052558487,33.695169034331769,370.82009301586163]]]}},
{"type":"Feature","properties":{"id":7300372.0,"type":"R1-1","creator":null,"traffic_sign_pole_id":null,"text":"STOP","train":null,"width":84.09,"height":90.33,"lane_id":null,"ground_height":null,"stop_line_id":null,"att_editor":null},"geometry":{"type":"Polygon","coordinates":[[[-112.275330491636566,33.695466534543542,371.152755129348066],[-112.275326144227591,33.695473189985066,371.152755129348066],[-112.275326144227591,33.695473189985066,370.249419994683649],[-112.275330491636566,33.695466534543542,370.249419994683649],[-112.275330491636566,33.695466534543542,371.152755129348066]]]}},
{"type":"Feature","properties":{"id":7300374.0,"type":"R6-1R","creator":null,"traffic_sign_pole_id":null,"text":"ONE WAY","train":null,"width":136.77,"height":58.14,"lane_id":null,"ground_height":null,"stop_line_id":null,"att_editor":null},"geometry":{"type":"Polygon","coordinates":[[[-112.275658421576111,33.695539737108859,369.676827644494267],[-112.275651965383034,33.6955508276518,369.676827644494267],[-112.275651965383034,33.6955508276518,369.095438957255908],[-112.275658421576111,33.695539737108859,369.095438957255908],[-112.275658421576111,33.695539737108859,369.676827644494267]]]}},
{"type":"Feature","properties":{"id":7300376.0,"type":"R3-7R","creator":null,"traffic_sign_pole_id":null,"text":"RIGHT LANE MUST TURN RIGHT","train":null,"width":96.71,"height":83.0,"lane_id":null,"ground_height":null,"stop_line_id":null,"att_editor":null},"geometry":{"type":"Polygon","coordinates":[[[-112.275275537414146,33.695625755747486,370.367471156115755],[-112.275266095900449,33.695622043920899,370.367471156115755],[-112.275266095900449,33.695622043920899,369.537507978078906],[-112.275275537414146,33.695625755747486,369.537507978078906],[-112.275275537414146,33.695625755747486,370.367471156115755]]]}},
{"type":"Feature","properties":{"id":7300378.0,"type":"R3-7R","creator":null,"traffic_sign_pole_id":null,"text":"RIGHT LANE MUST TURN RIGHT","train":null,"width":132.13,"height":113.06,"lane_id":null,"ground_height":null,"stop_line_id":null,"att_editor":null},"geometry":{"type":"Polygon","coordinates":[[[-112.276653024349955,33.694162006939045,369.711609231819295],[-112.27666486343962,33.69416864333764,369.711609231819295],[-112.27666486343962,33.69416864333764,368.580976917176315],[-112.276653024349955,33.694162006939045,368.580976917176315],[-112.276653024349955,33.694162006939045,369.711609231819295]]]}},
{"type":"Feature","properties":{"id":7300380.0,"type":"R3-4","creator":null,"traffic_sign_pole_id":null,"text":null,"train":null,"width":103.84,"height":101.45,"lane_id":null,"ground_height":null,"stop_line_id":null,"att_editor":null},"geometry":{"type":"Polygon","coordinates":[[[-112.276856581890314,33.693413127015646,369.418292483187145],[-112.276867041112723,33.693416480412566,369.418292483187145],[-112.276867041112723,33.693416480412566,368.403791829307409],[-112.276856581890314,33.693413127015646,368.403791829307409],[-112.276856581890314,33.693413127015646,369.418292483187145]]]}},
{"type":"Feature","properties":{"id":7300382.0,"type":"R1-1","creator":null,"traffic_sign_pole_id":null,"text":"STOP","train":null,"width":87.93,"height":96.33,"lane_id":null,"ground_height":null,"stop_line_id":null,"att_editor":null},"geometry":{"type":"Polygon","coordinates":[[[-112.277160685300842,33.693354079246198,368.990881480440635],[-112.277165054999529,33.693347041081594,368.990881480440635],[-112.277165054999529,33.693347041081594,368.02760437179893],[-112.277160685300842,33.693354079246198,368.02760437179893],[-112.277160685300842,33.693354079246198,368.990881480440635]]]}},
{"type":"Feature","properties":{"id":7300384.0,"type":"R6-1R","creator":null,"traffic_sign_pole_id":null,"text":"ONE WAY","train":null,"width":138.3,"height":47.1,"lane_id":null,"ground_height":null,"stop_line_id":null,"att_editor":null},"geometry":{"type":"Polygon","coordinates":[[[-112.27694289699788,33.693278377491566,368.028661912928442],[-112.276949678800236,33.693267268365688,368.028661912928442],[-112.276949678800236,33.693267268365688,367.557631014731612],[-112.27694289699788,33.693278377491566,367.557631014731612],[-112.27694289699788,33.693278377491566,368.028661912928442]]]}},
{"type":"Feature","properties":{"id":7300386.0,"type":"R4-7","creator":null,"traffic_sign_pole_id":null,"text":null,"train":null,"width":71.5,"height":88.65,"lane_id":null,"ground_height":null,"stop_line_id":null,"att_editor":null},"geometry":{"type":"Polygon","coordinates":[[[-112.276922702360423,33.693279128834114,369.256389632891057],[-112.276930075836233,33.693281021004857,369.256389632891057],[-112.276930075836233,33.693281021004857,368.369922436700108],[-112.276922702360423,33.693279128834114,368.369922436700108],[-112.276922702360423,33.693279128834114,369.256389632891057]]]}},
{"type":"Feature","properties":{"id":7300388.0,"type":"OM3-L","creator":null,"traffic_sign_pole_id":null,"text":null,"train":null,"width":33.77,"height":84.43,"lane_id":null,"ground_height":null,"stop_line_id":null,"att_editor":null},"geometry":{"type":"Polygon","coordinates":[[[-112.276924766933632,33.693279658641956,367.777582605144005],[-112.276928250023147,33.693280552467392,367.777582605144005],[-112.276928250023147,33.693280552467392,366.933328132581266],[-112.276924766933632,33.693279658641956,366.933328132581266],[-112.276924766933632,33.693279658641956,367.777582605144005]]]}},
{"type":"Feature","properties":{"id":7300390.0,"type":"R4-7","creator":null,"traffic_sign_pole_id":null,"text":null,"train":null,"width":71.66,"height":84.35,"lane_id":null,"ground_height":null,"stop_line_id":null,"att_editor":null},"geometry":{"type":"Polygon","coordinates":[[[-112.276814353956553,33.69319805345264,369.32334905469105],[-112.276807294934272,33.693195418340473,369.32334905469105],[-112.276807294934272,33.693195418340473,368.479820027005815],[-112.276814353956553,33.69319805345264,368.479820027005815],[-112.276814353956553,33.69319805345264,369.32334905469105]]]}},
{"type":"Feature","properties":{"id":7300392.0,"type":"OM3-L","creator":null,"traffic_sign_pole_id":null,"text":null,"train":null,"width":32.66,"height":83.45,"lane_id":null,"ground_height":null,"stop_line_id":null,"att_editor":null},"geometry":{"type":"Polygon","coordinates":[[[-112.276812030733979,33.693197186200564,367.908397137283544],[-112.276808813964351,33.693195985389949,367.908397137283544],[-112.276808813964351,33.693195985389949,367.073938314197051],[-112.276812030733979,33.693197186200564,367.073938314197051],[-112.276812030733979,33.693197186200564,367.908397137283544]]]}},
{"type":"Feature","properties":{"id":7300394.0,"type":"R3-17","creator":null,"traffic_sign_pole_id":null,"text":"BIKE LANE","train":null,"width":85.12,"height":60.79,"lane_id":null,"ground_height":null,"stop_line_id":null,"att_editor":null},"geometry":{"type":"Polygon","coordinates":[[[-112.27664176038833,33.693209193186803,368.770874319370137],[-112.276634160547403,33.693204885035854,368.770874319370137],[-112.276634160547403,33.693204885035854,368.162950320254879],[-112.27664176038833,33.693209193186803,368.162950320254879],[-112.27664176038833,33.693209193186803,368.770874319370137]]]}},
{"type":"Feature","properties":{"id":7300396.0,"type":"W4-1L","creator":null,"traffic_sign_pole_id":null,"text":null,"train":null,"width":126.6,"height":132.87,"lane_id":null,"ground_height":null,"stop_line_id":null,"att_editor":null},"geometry":{"type":"Polygon","coordinates":[[[-112.276712651360199,33.693391382698493,369.813173420615783],[-112.276700291003635,33.693386526003501,369.813173420615783],[-112.276700291003635,33.693386526003501,368.484449955530067],[-112.276712651360199,33.693391382698493,368.484449955530067],[-112.276712651360199,33.693391382698493,369.813173420615783]]]}},
{"type":"Feature","properties":{"id":7300398.0,"type":"W2-1","creator":null,"traffic_sign_pole_id":null,"text":null,"train":null,"width":122.62,"height":127.85,"lane_id":null,"ground_height":null,"stop_line_id":null,"att_editor":null},"geometry":{"type":"Polygon","coordinates":[[[-112.276368570675686,33.693715618835569,370.044935241795145],[-112.27635663087554,33.693710858202202,370.044935241795145],[-112.27635663087554,33.693710858202202,368.766395682808309],[-112.276368570675686,33.693715618835569,368.766395682808309],[-112.276368570675686,33.693715618835569,370.044935241795145]]]}},
{"type":"Feature","properties":{"id":7300400.0,"type":"R10-6","creator":null,"traffic_sign_pole_id":null,"text":"STOP HERE ON RED","train":null,"width":80.32,"height":102.27,"lane_id":null,"ground_height":null,"stop_line_id":null,"att_editor":null},"geometry":{"type":"Polygon","coordinates":[[[-112.277353105320529,33.692820509988252,368.657681954217992],[-112.277360622934168,33.692824111576449,368.657681954217992],[-112.277360622934168,33.692824111576449,367.634979753139191],[-112.277353105320529,33.692820509988252,367.634979753139191],[-112.277353105320529,33.692820509988252,368.657681954217992]]]}},
{"type":"Feature","properties":{"id":7300402.0,"type":"R3-2","creator":null,"traffic_sign_pole_id":null,"text":null,"train":null,"width":87.55,"height":88.98,"lane_id":null,"ground_height":null,"stop_line_id":null,"att_editor":null},"geometry":{"type":"Polygon","coordinates":[[[-112.277213014271666,33.692766265716514,369.014099495240714],[-112.277221812970524,33.692769137058725,369.014099495240714],[-112.277221812970524,33.692769137058725,368.124288381492534],[-112.277213014271666,33.692766265716514,368.124288381492534],[-112.277213014271666,33.692766265716514,369.014099495240714]]]}},
{"type":"Feature","properties":{"id":7300404.0,"type":"R1-1","creator":null,"traffic_sign_pole_id":null,"text":"STOP","train":null,"width":62.4,"height":62.4,"lane_id":null,"ground_height":null,"stop_line_id":null,"att_editor":null},"geometry":{"type":"Polygon","coordinates":[[[-112.277487362274854,33.692601892870826,368.702743324749008],[-112.277491485587475,33.692597444314217,368.702743324749008],[-112.277491485587475,33.692597444314217,368.078754824290058],[-112.277487362274854,33.692601892870826,368.078754824290058],[-112.277487362274854,33.692601892870826,368.702743324749008]]]}},
{"type":"Feature","properties":{"id":7300406.0,"type":"R3-2","creator":null,"traffic_sign_pole_id":null,"text":null,"train":null,"width":61.73,"height":60.53,"lane_id":null,"ground_height":null,"stop_line_id":null,"att_editor":null},"geometry":{"type":"Polygon","coordinates":[[[-112.277298985081927,33.692617863469586,368.832828080422985],[-112.27730208037643,33.69261293461863,368.832828080422985],[-112.27730208037643,33.69261293461863,368.227573706812393],[-112.277298985081927,33.692617863469586,368.227573706812393],[-112.277298985081927,33.692617863469586,368.832828080422985]]]}},
{"type":"Feature","properties":{"id":7300408.0,"type":"R9-200","creator":null,"traffic_sign_pole_id":null,"text":"EXCEPT EMERGENCY VEHICLES","train":null,"width":60.53,"height":43.75,"lane_id":null,"ground_height":null,"stop_line_id":null,"att_editor":null},"geometry":{"type":"Polygon","coordinates":[[[-112.277299015133323,33.692617815616664,368.209595854130896],[-112.277302050325019,33.692612982471559,368.209595854130896],[-112.277302050325019,33.692612982471559,367.772134772214258],[-112.277299015133323,33.692617815616664,367.772134772214258],[-112.277299015133323,33.692617815616664,368.209595854130896]]]}},
{"type":"Feature","properties":{"id":7300410.0,"type":"R3-17","creator":null,"traffic_sign_pole_id":null,"text":"BIKE LANE","train":null,"width":70.34,"height":49.94,"lane_id":null,"ground_height":null,"stop_line_id":null,"att_editor":null},"geometry":{"type":"Polygon","coordinates":[[[-112.277731644452928,33.692113990965858,367.849283551812846],[-112.277738450249004,33.692116796297121,367.849283551812846],[-112.277738450249004,33.692116796297121,367.349919214542524],[-112.277731644452928,33.692113990965858,367.349919214542524],[-112.277731644452928,33.692113990965858,367.849283551812846]]]}},
{"type":"Feature","properties":{"id":7300412.0,"type":"R10-6","creator":null,"traffic_sign_pole_id":null,"text":"STOP HERE ON RED","train":null,"width":74.03,"height":96.58,"lane_id":null,"ground_height":null,"stop_line_id":null,"att_editor":null},"geometry":{"type":"Polygon","coordinates":[[[-112.277038517939346,33.692497795677511,368.650482708619109],[-112.277031429801553,33.692494719531332,368.650482708619109],[-112.277031429801553,33.692494719531332,367.684648486191463],[-112.277038517939346,33.692497795677511,367.684648486191463],[-112.277038517939346,33.692497795677511,368.650482708619109]]]}},
{"type":"Feature","properties":{"id":7300414.0,"type":"R10-6","creator":null,"traffic_sign_pole_id":null,"text":"STOP HERE ON RED","train":null,"width":71.12,"height":96.03,"lane_id":null,"ground_height":null,"stop_line_id":null,"att_editor":null},"geometry":{"type":"Polygon","coordinates":[[[-112.277185071611399,33.692552363067712,368.676283773472449],[-112.277177950105624,33.692549977504363,368.676283773472449],[-112.277177950105624,33.692549977504363,367.715942101486689],[-112.277185071611399,33.692552363067712,367.715942101486689],[-112.277185071611399,33.692552363067712,368.676283773472449]]]}},
{"type":"Feature","properties":{"id":7300416.0,"type":"R1-1","creator":null,"traffic_sign_pole_id":null,"text":"STOP","train":null,"width":76.88,"height":73.53,"lane_id":null,"ground_height":null,"stop_line_id":null,"att_editor":null},"geometry":{"type":"Polygon","coordinates":[[[-112.273817284971244,33.7107861204831,382.445782329214865],[-112.273809240336263,33.710784429500031,382.445782329214865],[-112.273809240336263,33.710784429500031,381.710517660838207],[-112.273817284971244,33.7107861204831,381.710517660838207],[-112.273817284971244,33.7107861204831,382.445782329214865]]]}},
{"type":"Feature","properties":{"id":7300418.0,"type":"R3-5R","creator":null,"traffic_sign_pole_id":null,"text":"ONLY","train":null,"width":75.2,"height":88.57,"lane_id":null,"ground_height":null,"stop_line_id":null,"att_editor":null},"geometry":{"type":"Polygon","coordinates":[[[-112.273817226676769,33.710786108229634,381.64367541825851],[-112.273809356925156,33.710784454007062,381.64367541825851],[-112.273809356925156,33.710784454007062,380.758015704077536],[-112.273817226676769,33.710786108229634,380.758015704077536],[-112.273817226676769,33.710786108229634,381.64367541825851]]]}},
{"type":"Feature","properties":{"id":7300420.0,"type":"R3-7R","creator":null,"traffic_sign_pole_id":null,"text":"RIGHT LANE MUST TURN RIGHT","train":null,"width":109.23,"height":96.16,"lane_id":null,"ground_height":null,"stop_line_id":null,"att_editor":null},"geometry":{"type":"Polygon","coordinates":[[[-112.274277635183878,33.711389305314263,380.804021505434093],[-112.274272191724279,33.711398042348051,380.804021505434093],[-112.274272191724279,33.711398042348051,379.842386842320764],[-112.274277635183878,33.711389305314263,379.842386842320764],[-112.274277635183878,33.711389305314263,380.804021505434093]]]}},
{"type":"Feature","properties":{"id":7300422.0,"type":"R2-1","creator":null,"traffic_sign_pole_id":null,"text":"SPEED LIMIT 45","train":null,"width":73.55,"height":95.07,"lane_id":null,"ground_height":null,"stop_line_id":null,"att_editor":null},"geometry":{"type":"Polygon","coordinates":[[[-112.273747086672032,33.711225243466203,381.340178223268822],[-112.273744357982721,33.711231471694767,381.340178223268822],[-112.273744357982721,33.711231471694767,380.389503213805654],[-112.273747086672032,33.711225243466203,380.389503213805654],[-112.273747086672032,33.711225243466203,381.340178223268822]]]}},
{"type":"Feature","properties":{"id":7300424.0,"type":"R1-1","creator":null,"traffic_sign_pole_id":null,"text":"STOP","train":null,"width":79.19,"height":71.21,"lane_id":null,"ground_height":null,"stop_line_id":null,"att_editor":null},"geometry":{"type":"Polygon","coordinates":[[[-112.274719004412347,33.711593222427609,381.100140111356211],[-112.274726654130191,33.711596405105837,381.100140111356211],[-112.274726654130191,33.711596405105837,380.388043752977296],[-112.274719004412347,33.711593222427609,380.388043752977296],[-112.274719004412347,33.711593222427609,381.100140111356211]]]}},
{"type":"Feature","properties":{"id":7300426.0,"type":"R3-5R","creator":null,"traffic_sign_pole_id":null,"text":"ONLY","train":null,"width":74.07,"height":90.58,"lane_id":null,"ground_height":null,"stop_line_id":null,"att_editor":null},"geometry":{"type":"Polygon","coordinates":[[[-112.27471933461598,33.711593359809413,380.342469586040977],[-112.274726489028367,33.711596336414942,380.342469586040977],[-112.274726489028367,33.711596336414942,379.436683018182976],[-112.27471933461598,33.711593359809413,379.436683018182976],[-112.27471933461598,33.711593359809413,380.342469586040977]]]}},
{"type":"Feature","properties":{"id":7300428.0,"type":"OM3-C","creator":null,"traffic_sign_pole_id":null,"text":null,"train":null,"width":40.78,"height":100.42,"lane_id":null,"ground_height":null,"stop_line_id":null,"att_editor":null},"geometry":{"type":"Polygon","coordinates":[[[-112.274653900292236,33.711313308946124,380.550059681935409],[-112.274652637088096,33.711316831324311,380.550059681935409],[-112.274652637088096,33.711316831324311,379.545837903212885],[-112.274653900292236,33.711313308946124,379.545837903212885],[-112.274653900292236,33.711313308946124,380.550059681935409]]]}},
{"type":"Feature","properties":{"id":7300430.0,"type":"R6-1R","creator":null,"traffic_sign_pole_id":null,"text":"ONE WAY","train":null,"width":139.38,"height":53.73,"lane_id":null,"ground_height":null,"stop_line_id":null,"att_editor":null},"geometry":{"type":"Polygon","coordinates":[[[-112.27478913925151,33.711340119407232,380.506230506559689],[-112.274802835159591,33.711345312754219,380.506230506559689],[-112.274802835159591,33.711345312754219,379.96891123387968],[-112.27478913925151,33.711340119407232,379.96891123387968],[-112.27478913925151,33.711340119407232,380.506230506559689]]]}},
{"type":"Feature","properties":{"id":7300432.0,"type":"R4-7","creator":null,"traffic_sign_pole_id":null,"text":null,"train":null,"width":72.64,"height":93.87,"lane_id":null,"ground_height":null,"stop_line_id":null,"att_editor":null},"geometry":{"type":"Polygon","coordinates":[[[-112.274916326347892,33.711399892481815,380.837363680785984],[-112.274913910765946,33.711406124414886,380.837363680785984],[-112.274913910765946,33.711406124414886,379.898690379664799],[-112.274916326347892,33.711399892481815,379.898690379664799],[-112.274916326347892,33.711399892481815,380.837363680785984]]]}},
{"type":"Feature","properties":{"id":7300434.0,"type":"OM3-L","creator":null,"traffic_sign_pole_id":null,"text":null,"train":null,"width":37.44,"height":86.6,"lane_id":null,"ground_height":null,"stop_line_id":null,"att_editor":null},"geometry":{"type":"Polygon","coordinates":[[[-112.274915861812929,33.711401090930515,379.887515697508604],[-112.274914616859164,33.711404302772927,379.887515697508604],[-112.274914616859164,33.711404302772927,379.02147783040283],[-112.274915861812929,33.711401090930515,379.02147783040283],[-112.274915861812929,33.711401090930515,379.887515697508604]]]}},
{"type":"Feature","properties":{"id":7300436.0,"type":"OM3-C","creator":null,"traffic_sign_pole_id":null,"text":null,"train":null,"width":42.07,"height":102.36,"lane_id":null,"ground_height":null,"stop_line_id":null,"att_editor":null},"geometry":{"type":"Polygon","coordinates":[[[-112.274897984232268,33.711332047068659,380.559593886216646],[-112.274899366579234,33.711328433475124,380.559593886216646],[-112.274899366579234,33.711328433475124,379.535995064686119],[-112.274897984232268,33.711332047068659,379.535995064686119],[-112.274897984232268,33.711332047068659,380.559593886216646]]]}},
{"type":"Feature","properties":{"id":7300438.0,"type":"R6-1R","creator":null,"traffic_sign_pole_id":null,"text":"ONE WAY","train":null,"width":137.96,"height":54.34,"lane_id":null,"ground_height":null,"stop_line_id":null,"att_editor":null},"geometry":{"type":"Polygon","coordinates":[[[-112.274770360961881,33.711297584686477,380.593841196969549],[-112.274756804312943,33.71129244560224,380.593841196969549],[-112.274756804312943,33.71129244560224,380.050427422635209],[-112.274770360961881,33.711297584686477,380.050427422635209],[-112.274770360961881,33.711297584686477,380.593841196969549]]]}},
{"type":"Feature","properties":{"id":7300440.0,"type":"R1-1","creator":null,"traffic_sign_pole_id":null,"text":"STOP","train":null,"width":77.22,"height":75.7,"lane_id":null,"ground_height":null,"stop_line_id":null,"att_editor":null},"geometry":{"type":"Polygon","coordinates":[[[-112.274811658512135,33.711050196389998,381.349703924008224],[-112.274811658512135,33.711050196389998,380.59271730409597],[-112.274803990815457,33.711047471060851,380.59271730409597],[-112.274803990815457,33.711047471060851,381.349703924008224],[-112.274811658512135,33.711050196389998,381.349703924008224]]]}},
{"type":"Feature","properties":{"id":7300442.0,"type":"R3-5R","creator":null,"traffic_sign_pole_id":null,"text":"ONLY","train":null,"width":74.95,"height":87.81,"lane_id":null,"ground_height":null,"stop_line_id":null,"att_editor":null},"geometry":{"type":"Polygon","coordinates":[[[-112.274811658512135,33.711050196389998,380.532158374503013],[-112.274804216335951,33.711047551217604,380.532158374503013],[-112.274804216335951,33.711047551217604,379.654053895404729],[-112.274811658512135,33.711050196389998,379.654053895404729],[-112.274811658512135,33.711050196389998,380.532158374503013]]]}},
{"type":"Feature","properties":{"id":7300444.0,"type":"R4-7","creator":null,"traffic_sign_pole_id":null,"text":null,"train":null,"width":67.43,"height":88.49,"lane_id":null,"ground_height":null,"stop_line_id":null,"att_editor":null},"geometry":{"type":"Polygon","coordinates":[[[-112.274581196933241,33.711239862654629,381.087243961271895],[-112.274582777443655,33.711233927454806,381.087243961271895],[-112.274582777443655,33.711233927454806,380.202354761215474],[-112.274581196933241,33.711239862654629,380.202354761215474],[-112.274581196933241,33.711239862654629,381.087243961271895]]]}},
{"type":"Feature","properties":{"id":7300446.0,"type":"OM3-L","creator":null,"traffic_sign_pole_id":null,"text":null,"train":null,"width":34.92,"height":80.66,"lane_id":null,"ground_height":null,"stop_line_id":null,"att_editor":null},"geometry":{"type":"Polygon","coordinates":[[[-112.274581620284266,33.711238272868982,380.136138562571773],[-112.274582438762877,33.711235199283344,380.136138562571773],[-112.274582438762877,33.711235199283344,379.329504870003404],[-112.274581620284266,33.711238272868982,379.329504870003404],[-112.274581620284266,33.711238272868982,380.136138562571773]]]}},
{"type":"Feature","properties":{"id":7300448.0,"type":"R3-7R","creator":null,"traffic_sign_pole_id":null,"text":"RIGHT LANE MUST TURN RIGHT","train":null,"width":109.1,"height":104.51,"lane_id":null,"ground_height":null,"stop_line_id":null,"att_editor":null},"geometry":{"type":"Polygon","coordinates":[[[-112.274433446996795,33.710986249685533,382.122234975382582],[-112.27443950266597,33.710977813055493,382.122234975382582],[-112.27443950266597,33.710977813055493,381.077140852876482],[-112.274433446996795,33.710986249685533,381.077140852876482],[-112.274433446996795,33.710986249685533,382.122234975382582]]]}},
{"type":"Feature","properties":{"id":7300450.0,"type":"R3-17","creator":null,"traffic_sign_pole_id":null,"text":"BIKE LANE","train":null,"width":80.78,"height":57.49,"lane_id":null,"ground_height":null,"stop_line_id":null,"att_editor":null},"geometry":{"type":"Polygon","coordinates":[[[-112.276170439545879,33.711670853718353,379.306834736140672],[-112.276174279593221,33.711664313832905,379.306834736140672],[-112.276174279593221,33.711664313832905,378.731947807988661],[-112.276170439545879,33.711670853718353,378.731947807988661],[-112.276170439545879,33.711670853718353,379.306834736140672]]]}},
{"type":"Feature","properties":{"id":7300452.0,"type":"W4-7","creator":null,"traffic_sign_pole_id":null,"text":"THRU TRAFFIC MERGE LEFT","train":null,"width":134.33,"height":142.48,"lane_id":null,"ground_height":null,"stop_line_id":null,"att_editor":null},"geometry":{"type":"Polygon","coordinates":[[[-112.275949676566341,33.711587042043703,380.140660525881401],[-112.275956602239916,33.711576401051644,380.140660525881401],[-112.275956602239916,33.711576401051644,378.71585332069219],[-112.275949676566341,33.711587042043703,378.71585332069219],[-112.275949676566341,33.711587042043703,380.140660525881401]]]}},
{"type":"Feature","properties":{"id":7300454.0,"type":"R4-7","creator":null,"traffic_sign_pole_id":null,"text":null,"train":null,"width":73.12,"height":93.86,"lane_id":null,"ground_height":null,"stop_line_id":null,"att_editor":null},"geometry":{"type":"Polygon","coordinates":[[[-112.276297459738444,33.711857578613298,379.835781835098601],[-112.276300913573095,33.711851650458065,379.835781835098601],[-112.276300913573095,33.711851650458065,378.897211607757527],[-112.276297459738444,33.711857578613298,378.897211607757527],[-112.276297459738444,33.711857578613298,379.835781835098601]]]}},
{"type":"Feature","properties":{"id":7300456.0,"type":"OM3-L","creator":null,"traffic_sign_pole_id":null,"text":null,"train":null,"width":37.55,"height":84.97,"lane_id":null,"ground_height":null,"stop_line_id":null,"att_editor":null},"geometry":{"type":"Polygon","coordinates":[[[-112.276298253186994,33.711856216739804,378.828053801532405],[-112.276300026777747,33.711853172551997,378.828053801532405],[-112.276300026777747,33.711853172551997,377.978400753623646],[-112.276298253186994,33.711856216739804,377.978400753623646],[-112.276298253186994,33.711856216739804,378.828053801532405]]]}},
{"type":"Feature","properties":{"id":7300458.0,"type":"R4-7","creator":null,"traffic_sign_pole_id":null,"text":null,"train":null,"width":74.05,"height":89.55,"lane_id":null,"ground_height":null,"stop_line_id":null,"att_editor":null},"geometry":{"type":"Polygon","coordinates":[[[-112.276655575332398,33.712057034176922,379.504106340733927],[-112.276651840839733,33.712062938105035,379.504106340733927],[-112.276651840839733,33.712062938105035,378.608649646590607],[-112.276655575332398,33.712057034176922,378.608649646590607],[-112.276655575332398,33.712057034176922,379.504106340733927]]]}},
{"type":"Feature","properties":{"id":7300460.0,"type":"OM3-L","creator":null,"traffic_sign_pole_id":null,"text":null,"train":null,"width":37.03,"height":88.68,"lane_id":null,"ground_height":null,"stop_line_id":null,"att_editor":null},"geometry":{"type":"Polygon","coordinates":[[[-112.276654576572781,33.712058613134445,378.539768362425775],[-112.276652709326456,33.712061565098502,378.539768362425775],[-112.276652709326456,33.712061565098502,377.652921828803073],[-112.276654576572781,33.712058613134445,377.652921828803073],[-112.276654576572781,33.712058613134445,378.539768362425775]]]}},
{"type":"Feature","properties":{"id":7300462.0,"type":"R10-12a","creator":null,"traffic_sign_pole_id":null,"text":"LEFT TURN YIELD ON FLASHING YELLOW ARROW","train":null,"width":80.52,"height":113.45,"lane_id":null,"ground_height":null,"stop_line_id":null,"att_editor":null},"geometry":{"type":"Polygon","coordinates":[[[-112.276290763141944,33.711880916340647,383.447325117205082],[-112.276294530066536,33.711874372922388,383.447325117205082],[-112.276294530066536,33.711874372922388,382.312805237749615],[-112.276290763141944,33.711880916340647,382.312805237749615],[-112.276290763141944,33.711880916340647,383.447325117205082]]]}},
{"type":"Feature","properties":{"id":7300464.0,"type":"R10-12a","creator":null,"traffic_sign_pole_id":null,"text":"LEFT TURN YIELD ON FLASHING YELLOW ARROW","train":null,"width":66.23,"height":91.17,"lane_id":null,"ground_height":null,"stop_line_id":null,"att_editor":null},"geometry":{"type":"Polygon","coordinates":[[[-112.276616563236715,33.712056194211954,382.999060965976525],[-112.276613517839536,33.712061596823276,382.999060965976525],[-112.276613517839536,33.712061596823276,382.087349678055716],[-112.276616563236715,33.712056194211954,382.087349678055716],[-112.276616563236715,33.712056194211954,382.999060965976525]]]}},
{"type":"Feature","properties":{"id":7300466.0,"type":"R3-7R","creator":null,"traffic_sign_pole_id":null,"text":"RIGHT LANE MUST TURN RIGHT","train":null,"width":112.27,"height":99.05,"lane_id":null,"ground_height":null,"stop_line_id":null,"att_editor":null},"geometry":{"type":"Polygon","coordinates":[[[-112.276867407192597,33.712307978315934,378.907634082356367],[-112.276861351956668,33.712316747443417,378.907634082356367],[-112.276861351956668,33.712316747443417,377.917089715713985],[-112.276867407192597,33.712307978315934,377.917089715713985],[-112.276867407192597,33.712307978315934,378.907634082356367]]]}},
{"type":"Feature","properties":{"id":7300468.0,"type":"R6-1R","creator":null,"traffic_sign_pole_id":null,"text":"ONE WAY","train":null,"width":136.78,"height":52.07,"lane_id":null,"ground_height":null,"stop_line_id":null,"att_editor":null},"geometry":{"type":"Polygon","coordinates":[[[-112.277477822865677,33.712372719710565,378.42439448279174],[-112.277464269686064,33.712367836967132,378.42439448279174],[-112.277464269686064,33.712367836967132,377.903665067546854],[-112.277477822865677,33.712372719710565,377.903665067546854],[-112.277477822865677,33.712372719710565,378.42439448279174]]]}},
{"type":"Feature","properties":{"id":7300470.0,"type":"R3-7R","creator":null,"traffic_sign_pole_id":null,"text":"RIGHT LANE MUST TURN RIGHT","train":null,"width":116.47,"height":103.21,"lane_id":null,"ground_height":null,"stop_line_id":null,"att_editor":null},"geometry":{"type":"Polygon","coordinates":[[[-112.277336957313068,33.712057170439095,378.785676244547744],[-112.27734604778351,33.712049917411711,378.785676244547744],[-112.27734604778351,33.712049917411711,377.753605590035704],[-112.277336957313068,33.712057170439095,377.753605590035704],[-112.277336957313068,33.712057170439095,378.785676244547744]]]}},
{"type":"Feature","properties":{"id":7300472.0,"type":"R1-1","creator":null,"traffic_sign_pole_id":null,"text":"STOP","train":null,"width":80.04,"height":79.42,"lane_id":null,"ground_height":null,"stop_line_id":null,"att_editor":null},"geometry":{"type":"Polygon","coordinates":[[[-112.277365864360746,33.712600213173054,378.824321332442878],[-112.277373690535015,33.712603266281263,378.824321332442878],[-112.277373690535015,33.712603266281263,378.030097961639683],[-112.277365864360746,33.712600213173054,378.030097961639683],[-112.277365864360746,33.712600213173054,378.824321332442878]]]}},
{"type":"Feature","properties":{"id":7300474.0,"type":"R3-7R","creator":null,"traffic_sign_pole_id":null,"text":"RIGHT LANE MUST TURN RIGHT","train":null,"width":109.34,"height":98.69,"lane_id":null,"ground_height":null,"stop_line_id":null,"att_editor":null},"geometry":{"type":"Polygon","coordinates":[[[-112.277881627433459,33.712710650730813,378.084859643547304],[-112.277875718054318,33.712719185278054,378.084859643547304],[-112.277875718054318,33.712719185278054,377.097957428840004],[-112.277881627433459,33.712710650730813,377.097957428840004],[-112.277881627433459,33.712710650730813,378.084859643547304]]]}},
{"type":"Feature","properties":{"id":7300476.0,"type":"R1-1","creator":null,"traffic_sign_pole_id":null,"text":"STOP","train":null,"width":77.26,"height":81.41,"lane_id":null,"ground_height":null,"stop_line_id":null,"att_editor":null},"geometry":{"type":"Polygon","coordinates":[[[-112.278397003633756,33.712984667719425,377.34341383636081],[-112.278404275755634,33.712988073930724,377.34341383636081],[-112.278404275755634,33.712988073930724,376.529328489637635],[-112.278397003633756,33.712984667719425,376.529328489637635],[-112.278397003633756,33.712984667719425,377.34341383636081]]]}},
{"type":"Feature","properties":{"id":7300478.0,"type":"R4-7","creator":null,"traffic_sign_pole_id":null,"text":null,"train":null,"width":70.77,"height":87.93,"lane_id":null,"ground_height":null,"stop_line_id":null,"att_editor":null},"geometry":{"type":"Polygon","coordinates":[[[-112.278617458173699,33.712819629676211,377.789969055941185],[-112.27861492394446,33.712825649884699,377.789969055941185],[-112.27861492394446,33.712825649884699,376.910635091949644],[-112.278617458173699,33.712819629676211,376.910635091949644],[-112.278617458173699,33.712819629676211,377.789969055941185]]]}},
{"type":"Feature","properties":{"id":7300480.0,"type":"OM3-L","creator":null,"traffic_sign_pole_id":null,"text":null,"train":null,"width":38.51,"height":95.74,"lane_id":null,"ground_height":null,"stop_line_id":null,"att_editor":null},"geometry":{"type":"Polygon","coordinates":[[[-112.278616899152581,33.712820957663396,376.86380665599745],[-112.278615520233728,33.712824233365069,376.86380665599745],[-112.278615520233728,33.712824233365069,375.906425298752254],[-112.278616899152581,33.712820957663396,375.906425298752254],[-112.278616899152581,33.712820957663396,376.86380665599745]]]}},
{"type":"Feature","properties":{"id":7300482.0,"type":"R6-1R","creator":null,"traffic_sign_pole_id":null,"text":"ONE WAY","train":null,"width":142.11,"height":52.01,"lane_id":null,"ground_height":null,"stop_line_id":null,"att_editor":null},"geometry":{"type":"Polygon","coordinates":[[[-112.278488487619398,33.712714729546981,377.383284331315394],[-112.278501980582533,33.712720817980561,377.383284331315394],[-112.278501980582533,33.712720817980561,376.863204728674418],[-112.278488487619398,33.712714729546981,376.863204728674418],[-112.278488487619398,33.712714729546981,377.383284331315394]]]}},
{"type":"Feature","properties":{"id":7300484.0,"type":"R5-1","creator":null,"traffic_sign_pole_id":null,"text":"DO NOT ENTER","train":null,"width":83.47,"height":88.99,"lane_id":null,"ground_height":null,"stop_line_id":null,"att_editor":null},"geometry":{"type":"Polygon","coordinates":[[[-112.278534790434435,33.712725346416505,377.65484869847802],[-112.278543589609583,33.712726955004619,377.65484869847802],[-112.278543589609583,33.712726955004619,376.764962872814692],[-112.278534790434435,33.712725346416505,376.764962872814692],[-112.278534790434435,33.712725346416505,377.65484869847802]]]}},
{"type":"Feature","properties":{"id":7300486.0,"type":"OM3-C","creator":null,"traffic_sign_pole_id":null,"text":null,"train":null,"width":39.36,"height":88.56,"lane_id":null,"ground_height":null,"stop_line_id":null,"att_editor":null},"geometry":{"type":"Polygon","coordinates":[[[-112.278670815952324,33.712770845438932,376.607647122762955],[-112.278672478496006,33.712767578838736,376.607647122762955],[-112.278672478496006,33.712767578838736,375.72203226225156],[-112.278670815952324,33.712770845438932,375.72203226225156],[-112.278670815952324,33.712770845438932,376.607647122762955]]]}},
{"type":"Feature","properties":{"id":7300488.0,"type":"R3-17","creator":null,"traffic_sign_pole_id":null,"text":"BIKE LANE","train":null,"width":77.31,"height":53.98,"lane_id":null,"ground_height":null,"stop_line_id":null,"att_editor":null},"geometry":{"type":"Polygon","coordinates":[[[-112.278354549926632,33.712508766656477,377.307428761849508],[-112.278358523683849,33.712502636672617,377.307428761849508],[-112.278358523683849,33.712502636672617,376.767637160130505],[-112.278354549926632,33.712508766656477,376.767637160130505],[-112.278354549926632,33.712508766656477,377.307428761849508]]]}},
{"type":"Feature","properties":{"id":7300490.0,"type":"R3-17","creator":null,"traffic_sign_pole_id":null,"text":"BIKE LANE","train":null,"width":74.83,"height":55.02,"lane_id":null,"ground_height":null,"stop_line_id":null,"att_editor":null},"geometry":{"type":"Polygon","coordinates":[[[-112.278530621050109,33.712937720657202,376.977379811556489],[-112.278527305268696,33.712943873829111,376.977379811556489],[-112.278527305268696,33.712943873829111,376.427185746916223],[-112.278530621050109,33.712937720657202,376.427185746916223],[-112.278530621050109,33.712937720657202,376.977379811556489]]]}},
{"type":"Feature","properties":{"id":7300492.0,"type":"R3-7R","creator":null,"traffic_sign_pole_id":null,"text":"RIGHT LANE MUST TURN RIGHT","train":null,"width":116.98,"height":98.4,"lane_id":null,"ground_height":null,"stop_line_id":null,"att_editor":null},"geometry":{"type":"Polygon","coordinates":[[[-112.280277637811636,33.713589200833574,375.85764945946903],[-112.280270443937866,33.713597868784987,375.85764945946903],[-112.280270443937866,33.713597868784987,374.873648579296514],[-112.280277637811636,33.713589200833574,374.873648579296514],[-112.280277637811636,33.713589200833574,375.85764945946903]]]}},
{"type":"Feature","properties":{"id":7300494.0,"type":"R1-1","creator":null,"traffic_sign_pole_id":null,"text":"STOP","train":null,"width":69.18,"height":67.34,"lane_id":null,"ground_height":null,"stop_line_id":null,"att_editor":null},"geometry":{"type":"Polygon","coordinates":[[[-112.281009475123525,33.713819886850445,374.350295329627045],[-112.281016724062553,33.713821375293939,374.350295329627045],[-112.281016724062553,33.713821375293939,373.676928743699818],[-112.281009475123525,33.713819886850445,373.676928743699818],[-112.281009475123525,33.713819886850445,374.350295329627045]]]}},
{"type":"Feature","properties":{"id":7300496.0,"type":"R3-4","creator":null,"traffic_sign_pole_id":null,"text":null,"train":null,"width":61.71,"height":88.75,"lane_id":null,"ground_height":null,"stop_line_id":null,"att_editor":null},"geometry":{"type":"Polygon","coordinates":[[[-112.281133613411328,33.713621592304492,374.19757726057162],[-112.281132001321026,33.713626991759689,374.19757726057162],[-112.281132001321026,33.713626991759689,373.310034815962752],[-112.281133613411328,33.713621592304492,373.310034815962752],[-112.281133613411328,33.713621592304492,374.19757726057162]]]}},
{"type":"Feature","properties":{"id":7300498.0,"type":"OM3-L","creator":null,"traffic_sign_pole_id":null,"text":null,"train":null,"width":33.81,"height":88.75,"lane_id":null,"ground_height":null,"stop_line_id":null,"att_editor":null},"geometry":{"type":"Polygon","coordinates":[[[-112.281133260076487,33.713622775746742,373.20014860853496],[-112.281132376739336,33.713625734352313,373.20014860853496],[-112.281132376739336,33.713625734352313,372.312606163926091],[-112.281133260076487,33.713622775746742,372.312606163926091],[-112.281133260076487,33.713622775746742,373.20014860853496]]]}},
{"type":"Feature","properties":{"id":7300500.0,"type":"R4-7","creator":null,"traffic_sign_pole_id":null,"text":null,"train":null,"width":68.05,"height":83.03,"lane_id":null,"ground_height":null,"stop_line_id":null,"att_editor":null},"geometry":{"type":"Polygon","coordinates":[[[-112.280890140240629,33.713573834441235,374.574614948707506],[-112.280891401211449,33.713567788574878,374.574614948707506],[-112.280891401211449,33.713567788574878,373.744304233369235],[-112.280890140240629,33.713573834441235,373.744304233369235],[-112.280890140240629,33.713573834441235,374.574614948707506]]]}},
{"type":"Feature","properties":{"id":7300502.0,"type":"OM3-L","creator":null,"traffic_sign_pole_id":null,"text":null,"train":null,"width":34.96,"height":80.53,"lane_id":null,"ground_height":null,"stop_line_id":null,"att_editor":null},"geometry":{"type":"Polygon","coordinates":[[[-112.280890498865361,33.71357211497466,373.675631918566808],[-112.280891146703595,33.713569008841482,373.675631918566808],[-112.280891146703595,33.713569008841482,372.870292954065803],[-112.280890498865361,33.71357211497466,372.870292954065803],[-112.280890498865361,33.71357211497466,373.675631918566808]]]}},
{"type":"Feature","properties":{"id":7300504.0,"type":"R3-17","creator":null,"traffic_sign_pole_id":null,"text":"BIKE LANE","train":null,"width":77.22,"height":58.71,"lane_id":null,"ground_height":null,"stop_line_id":null,"att_editor":null},"geometry":{"type":"Polygon","coordinates":[[[-112.280292642642436,33.713209391075281,374.638268113259471],[-112.280296630696,33.713203277410358,374.638268113259471],[-112.280296630696,33.713203277410358,374.051168174871805],[-112.280292642642436,33.713209391075281,374.051168174871805],[-112.280292642642436,33.713209391075281,374.638268113259471]]]}},
{"type":"Feature","properties":{"id":7300506.0,"type":"R2-1","creator":null,"traffic_sign_pole_id":null,"text":"SPEED LIMIT 45","train":null,"width":86.72,"height":98.47,"lane_id":null,"ground_height":null,"stop_line_id":null,"att_editor":null},"geometry":{"type":"Polygon","coordinates":[[[-112.281390519547571,33.713814784829651,374.747281975524345],[-112.281387488791239,33.713822183861453,374.747281975524345],[-112.281387488791239,33.713822183861453,373.762551439475885],[-112.281390519547571,33.713814784829651,373.762551439475885],[-112.281390519547571,33.713814784829651,374.747281975524345]]]}},
{"type":"Feature","properties":{"id":7300508.0,"type":"R3-17","creator":null,"traffic_sign_pole_id":null,"text":"BIKE LANE","train":null,"width":82.31,"height":66.87,"lane_id":null,"ground_height":null,"stop_line_id":null,"att_editor":null},"geometry":{"type":"Polygon","coordinates":[[[-112.281390468178813,33.713814910236962,373.740505233444935],[-112.281387591528727,33.713821933046823,373.740505233444935],[-112.281387591528727,33.713821933046823,373.071770317173275],[-112.281390468178813,33.713814910236962,373.071770317173275],[-112.281390468178813,33.713814910236962,373.740505233444935]]]}},
{"type":"Feature","properties":{"id":7300510.0,"type":"R14-1","creator":null,"traffic_sign_pole_id":null,"text":"TRUCK ROUTE","train":null,"width":81.17,"height":92.45,"lane_id":null,"ground_height":null,"stop_line_id":null,"att_editor":null},"geometry":{"type":"Polygon","coordinates":[[[-112.282528677276687,33.713954050726549,371.767004674956127],[-112.282526670120717,33.713961175582561,371.767004674956127],[-112.282526670120717,33.713961175582561,370.842473277229715],[-112.282528677276687,33.713954050726549,370.842473277229715],[-112.282528677276687,33.713954050726549,371.767004674956127]]]}},
{"type":"Feature","properties":{"id":7300512.0,"type":"R2-1","creator":null,"traffic_sign_pole_id":null,"text":"SPEED LIMIT 45","train":null,"width":81.17,"height":103.67,"lane_id":null,"ground_height":null,"stop_line_id":null,"att_editor":null},"geometry":{"type":"Polygon","coordinates":[[[-112.282829367676342,33.713790500298828,370.898039447094163],[-112.282830339062102,33.713797775258065,370.898039447094163],[-112.282830339062102,33.713797775258065,369.861360222698863],[-112.282829367676342,33.713790500298828,369.861360222698863],[-112.282829367676342,33.713790500298828,370.898039447094163]]]}},
{"type":"Feature","properties":{"id":7300514.0,"type":"R3-7R","creator":null,"traffic_sign_pole_id":null,"text":"RIGHT LANE MUST TURN RIGHT","train":null,"width":94.78,"height":84.16,"lane_id":null,"ground_height":null,"stop_line_id":null,"att_editor":null},"geometry":{"type":"Polygon","coordinates":[[[-112.284260336993583,33.714012628910325,367.430260149057858],[-112.284259716215715,33.714021160535054,367.430260149057858],[-112.284259716215715,33.714021160535054,366.588662160660078],[-112.284260336993583,33.714012628910325,366.588662160660078],[-112.284260336993583,33.714012628910325,367.430260149057858]]]}},
{"type":"Feature","properties":{"id":7300516.0,"type":"R5-3","creator":null,"traffic_sign_pole_id":null,"text":"NO MOTOR VEHICLES","train":null,"width":72.58,"height":75.03,"lane_id":null,"ground_height":null,"stop_line_id":null,"att_editor":null},"geometry":{"type":"Polygon","coordinates":[[[-112.281555016071096,33.713494247512102,372.811718897846788],[-112.281562699298561,33.713495516100899,372.811718897846788],[-112.281562699298561,33.713495516100899,372.061399088659698],[-112.281555016071096,33.713494247512102,372.061399088659698],[-112.281555016071096,33.713494247512102,372.811718897846788]]]}},
{"type":"Feature","properties":{"id":7300518.0,"type":"R4-7","creator":null,"traffic_sign_pole_id":null,"text":null,"train":null,"width":71.52,"height":86.94,"lane_id":null,"ground_height":null,"stop_line_id":null,"att_editor":null},"geometry":{"type":"Polygon","coordinates":[[[-112.28486573210175,33.713779534046573,366.382769951129887],[-112.284866756946371,33.713773141941623,366.382769951129887],[-112.284866756946371,33.713773141941623,365.513332772887964],[-112.28486573210175,33.713779534046573,365.513332772887964],[-112.28486573210175,33.713779534046573,366.382769951129887]]]}},
{"type":"Feature","properties":{"id":7300520.0,"type":"OM3-L","creator":null,"traffic_sign_pole_id":null,"text":null,"train":null,"width":37.56,"height":90.03,"lane_id":null,"ground_height":null,"stop_line_id":null,"att_editor":null},"geometry":{"type":"Polygon","coordinates":[[[-112.284865982783174,33.713777970510115,365.431019193882832],[-112.284866521010926,33.713774613505365,365.431019193882832],[-112.284866521010926,33.713774613505365,364.530714423514041],[-112.284865982783174,33.713777970510115,364.530714423514041],[-112.284865982783174,33.713777970510115,365.431019193882832]]]}},
{"type":"Feature","properties":{"id":7300522.0,"type":"R3-17","creator":null,"traffic_sign_pole_id":null,"text":"BIKE LANE","train":null,"width":70.76,"height":50.05,"lane_id":null,"ground_height":null,"stop_line_id":null,"att_editor":null},"geometry":{"type":"Polygon","coordinates":[[[-112.284617903053345,33.713631448960363,366.154486412828874],[-112.284618829884309,33.713625114804593,366.154486412828874],[-112.284618829884309,33.713625114804593,365.654009091794251],[-112.284617903053345,33.713631448960363,365.654009091794251],[-112.284617903053345,33.713631448960363,366.154486412828874]]]}},
{"type":"Feature","properties":{"id":7300524.0,"type":"R4-7","creator":null,"traffic_sign_pole_id":null,"text":null,"train":null,"width":73.32,"height":89.32,"lane_id":null,"ground_height":null,"stop_line_id":null,"att_editor":null},"geometry":{"type":"Polygon","coordinates":[[[-112.285562619447205,33.713826113715527,364.622474597142684],[-112.285562371208087,33.713832722392858,364.622474597142684],[-112.285562371208087,33.713832722392858,363.729282485456622],[-112.285562619447205,33.713826113715527,363.729282485456622],[-112.285562619447205,33.713826113715527,364.622474597142684]]]}},
{"type":"Feature","properties":{"id":7300526.0,"type":"OM3-L","creator":null,"traffic_sign_pole_id":null,"text":null,"train":null,"width":40.79,"height":91.9,"lane_id":null,"ground_height":null,"stop_line_id":null,"att_editor":null},"geometry":{"type":"Polygon","coordinates":[[[-112.285562565254153,33.713827556454973,363.605371441060868],[-112.285562427149301,33.71383123311346,363.605371441060868],[-112.285562427149301,33.71383123311346,362.686364528459023],[-112.285562565254153,33.713827556454973,362.686364528459023],[-112.285562565254153,33.713827556454973,363.605371441060868]]]}},
{"type":"Feature","properties":{"id":7300528.0,"type":"R4-7","creator":null,"traffic_sign_pole_id":null,"text":null,"train":null,"width":77.95,"height":98.24,"lane_id":null,"ground_height":null,"stop_line_id":null,"att_editor":null},"geometry":{"type":"Polygon","coordinates":[[[-112.285282529700851,33.713492525145078,365.051574844220511],[-112.285290668353284,33.713494300093096,365.051574844220511],[-112.285290668353284,33.713494300093096,364.069186009701752],[-112.285282529700851,33.713492525145078,364.069186009701752],[-112.285282529700851,33.713492525145078,365.051574844220511]]]}},
{"type":"Feature","properties":{"id":7300530.0,"type":"OM3-L","creator":null,"traffic_sign_pole_id":null,"text":null,"train":null,"width":37.35,"height":93.37,"lane_id":null,"ground_height":null,"stop_line_id":null,"att_editor":null},"geometry":{"type":"Polygon","coordinates":[[[-112.285284818696809,33.713493024349283,363.963640101860847],[-112.285288718467783,33.713493874845184,363.963640101860847],[-112.285288718467783,33.713493874845184,363.029964763268651],[-112.285284818696809,33.713493024349283,363.029964763268651],[-112.285284818696809,33.713493024349283,363.963640101860847]]]}},
{"type":"Feature","properties":{"id":7300532.0,"type":"R3-17","creator":null,"traffic_sign_pole_id":null,"text":"BIKE LANE","train":null,"width":86.4,"height":69.41,"lane_id":null,"ground_height":null,"stop_line_id":null,"att_editor":null},"geometry":{"type":"Polygon","coordinates":[[[-112.285520803133053,33.713360101887055,364.343221719522774],[-112.285529202862193,33.713363482011225,364.343221719522774],[-112.285529202862193,33.713363482011225,363.649157980901578],[-112.285520803133053,33.713360101887055,363.649157980901578],[-112.285520803133053,33.713360101887055,364.343221719522774]]]}},
{"type":"Feature","properties":{"id":7300534.0,"type":"R4-7","creator":null,"traffic_sign_pole_id":null,"text":null,"train":null,"width":71.55,"height":89.04,"lane_id":null,"ground_height":null,"stop_line_id":null,"att_editor":null},"geometry":{"type":"Polygon","coordinates":[[[-112.285192418477024,33.714110357705664,365.0174999548654],[-112.285184719410537,33.714109868545002,365.0174999548654],[-112.285184719410537,33.714109868545002,364.12712633339936],[-112.285192418477024,33.714110357705664,364.12712633339936],[-112.285192418477024,33.714110357705664,365.0174999548654]]]}},
{"type":"Feature","properties":{"id":7300536.0,"type":"OM3-L","creator":null,"traffic_sign_pole_id":null,"text":null,"train":null,"width":34.19,"height":93.01,"lane_id":null,"ground_height":null,"stop_line_id":null,"att_editor":null},"geometry":{"type":"Polygon","coordinates":[[[-112.285190536482986,33.714110238133088,363.936331985942388],[-112.285186858040106,33.714110004423013,363.936331985942388],[-112.285186858040106,33.714110004423013,363.006209542089493],[-112.285190536482986,33.714110238133088,363.006209542089493],[-112.285190536482986,33.714110238133088,363.936331985942388]]]}},
{"type":"Feature","properties":{"id":7300538.0,"type":"R5-2b","creator":null,"traffic_sign_pole_id":null,"text":"NO THRU TRUCKS","train":null,"width":77.87,"height":85.44,"lane_id":null,"ground_height":null,"stop_line_id":null,"att_editor":null},"geometry":{"type":"Polygon","coordinates":[[[-112.28500573615554,33.714149702266845,365.264719822131383],[-112.284997333665331,33.714149668644851,365.264719822131383],[-112.284997333665331,33.714149668644851,364.410315939577288],[-112.28500573615554,33.714149702266845,364.410315939577288],[-112.28500573615554,33.714149702266845,365.264719822131383]]]}},
{"type":"Feature","properties":{"id":7300540.0,"type":"R3-17","creator":null,"traffic_sign_pole_id":null,"text":"BIKE LANE","train":null,"width":76.49,"height":49.61,"lane_id":null,"ground_height":null,"stop_line_id":null,"att_editor":null},"geometry":{"type":"Polygon","coordinates":[[[-112.285005661797229,33.714149701969312,364.389644877902583],[-112.284997408023642,33.714149668942405,364.389644877902583],[-112.284997408023642,33.714149668942405,363.893539397709844],[-112.285005661797229,33.714149701969312,363.893539397709844],[-112.285005661797229,33.714149701969312,364.389644877902583]]]}},
{"type":"Feature","properties":{"id":7300542.0,"type":"R3-17","creator":null,"traffic_sign_pole_id":null,"text":"BIKE LANE","train":null,"width":78.68,"height":55.35,"lane_id":null,"ground_height":null,"stop_line_id":null,"att_editor":null},"geometry":{"type":"Polygon","coordinates":[[[-112.285578437766816,33.71396923359174,363.914824312415533],[-112.285577006029058,33.713976227462375,363.914824312415533],[-112.285577006029058,33.713976227462375,363.361350054700154],[-112.285578437766816,33.71396923359174,363.361350054700154],[-112.285578437766816,33.71396923359174,363.914824312415533]]]}},
{"type":"Feature","properties":{"id":7300544.0,"type":"R2-1","creator":null,"traffic_sign_pole_id":null,"text":"SPEED LIMIT 45","train":null,"width":72.82,"height":86.14,"lane_id":null,"ground_height":null,"stop_line_id":null,"att_editor":null},"geometry":{"type":"Polygon","coordinates":[[[-112.28663501638664,33.713968967196422,361.917578380535872],[-112.286634416237874,33.713975514349229,361.917578380535872],[-112.286634416237874,33.713975514349229,361.056182464044809],[-112.28663501638664,33.713968967196422,361.056182464044809],[-112.28663501638664,33.713968967196422,361.917578380535872]]]}},
{"type":"Feature","properties":{"id":7300546.0,"type":"R14-1","creator":null,"traffic_sign_pole_id":null,"text":"TRUCK ROUTE","train":null,"width":72.52,"height":95.41,"lane_id":null,"ground_height":null,"stop_line_id":null,"att_editor":null},"geometry":{"type":"Polygon","coordinates":[[[-112.287512630589973,33.713618705375211,359.772856325652867],[-112.287513540394173,33.713612209980056,359.772856325652867],[-112.287513540394173,33.713612209980056,358.818729575198518],[-112.287512630589973,33.713618705375211,358.818729575198518],[-112.287512630589973,33.713618705375211,359.772856325652867]]]}},
{"type":"Feature","properties":{"id":7300548.0,"type":"R3-17","creator":null,"traffic_sign_pole_id":null,"text":"BIKE LANE","train":null,"width":81.29,"height":63.22,"lane_id":null,"ground_height":null,"stop_line_id":null,"att_editor":null},"geometry":{"type":"Polygon","coordinates":[[[-112.28989029703007,33.713638268207994,356.189110526821878],[-112.289893041039917,33.713631305358561,356.189110526821878],[-112.289893041039917,33.713631305358561,355.556897856242585],[-112.28989029703007,33.713638268207994,355.556897856242585],[-112.28989029703007,33.713638268207994,356.189110526821878]]]}},
{"type":"Feature","properties":{"id":7300550.0,"type":"OM3-L","creator":null,"traffic_sign_pole_id":null,"text":null,"train":null,"width":41.12,"height":90.21,"lane_id":null,"ground_height":null,"stop_line_id":null,"att_editor":null},"geometry":{"type":"Polygon","coordinates":[[[-112.290269271057227,33.713814036643022,355.812136407981825],[-112.2902693265208,33.713817744285819,355.812136407981825],[-112.2902693265208,33.713817744285819,354.91008018013639],[-112.290269271057227,33.713814036643022,354.91008018013639],[-112.290269271057227,33.713814036643022,355.812136407981825]]]}},
{"type":"Feature","properties":{"id":7300552.0,"type":"OM3-L","creator":null,"traffic_sign_pole_id":null,"text":null,"train":null,"width":39.34,"height":93.41,"lane_id":null,"ground_height":null,"stop_line_id":null,"att_editor":null},"geometry":{"type":"Polygon","coordinates":[[[-112.290169559981351,33.713781986296823,355.958733179062278],[-112.290169829348883,33.713778446197338,355.958733179062278],[-112.290169829348883,33.713778446197338,355.024587537851744],[-112.290169559981351,33.713781986296823,355.024587537851744],[-112.290169559981351,33.713781986296823,355.958733179062278]]]}},
{"type":"Feature","properties":{"id":7300554.0,"type":"R6-1R","creator":null,"traffic_sign_pole_id":null,"text":"ONE WAY","train":null,"width":134.72,"height":49.48,"lane_id":null,"ground_height":null,"stop_line_id":null,"att_editor":null},"geometry":{"type":"Polygon","coordinates":[[[-112.29034956052665,33.713785362912539,356.086622795350763],[-112.290335023909236,33.713785414810616,356.086622795350763],[-112.290335023909236,33.713785414810616,355.591796018958064],[-112.29034956052665,33.713785362912539,355.591796018958064],[-112.29034956052665,33.713785362912539,356.086622795350763]]]}},
{"type":"Feature","properties":{"id":7300556.0,"type":"R1-1","creator":null,"traffic_sign_pole_id":null,"text":"STOP","train":null,"width":76.53,"height":77.82,"lane_id":null,"ground_height":null,"stop_line_id":null,"att_editor":null},"geometry":{"type":"Polygon","coordinates":[[[-112.290262571603776,33.71355391525239,356.260743665100506],[-112.290254483045672,33.713552525036967,356.260743665100506],[-112.290254483045672,33.713552525036967,355.482569350607832],[-112.290262571603776,33.71355391525239,355.482569350607832],[-112.290262571603776,33.71355391525239,356.260743665100506]]]}},
{"type":"Feature","properties":{"id":7300558.0,"type":"R3-17","creator":null,"traffic_sign_pole_id":null,"text":"BIKE LANE","train":null,"width":84.11,"height":54.88,"lane_id":null,"ground_height":null,"stop_line_id":null,"att_editor":null},"geometry":{"type":"Polygon","coordinates":[[[-112.290781095171596,33.713944324522188,355.890678371682782],[-112.290781064609178,33.713951909110527,355.890678371682782],[-112.290781064609178,33.713951909110527,355.341893005875079],[-112.290781095171596,33.713944324522188,355.341893005875079],[-112.290781095171596,33.713944324522188,355.890678371682782]]]}},
{"type":"Feature","properties":{"id":7300560.0,"type":"D11-1","creator":null,"traffic_sign_pole_id":null,"text":"BIKE ROUTE","train":null,"width":79.35,"height":63.03,"lane_id":null,"ground_height":null,"stop_line_id":null,"att_editor":null},"geometry":{"type":"Polygon","coordinates":[[[-112.291369742837745,33.71394164546345,356.393525920261652],[-112.291368843466998,33.713948761369821,356.393525920261652],[-112.291368843466998,33.713948761369821,355.763245392148235],[-112.291369742837745,33.71394164546345,355.763245392148235],[-112.291369742837745,33.71394164546345,356.393525920261652]]]}},
{"type":"Feature","properties":{"id":7300562.0,"type":"M6-2R","creator":null,"traffic_sign_pole_id":null,"text":null,"train":null,"width":71.19,"height":48.2,"lane_id":null,"ground_height":null,"stop_line_id":null,"att_editor":null},"geometry":{"type":"Polygon","coordinates":[[[-112.291369717621734,33.713941844974855,355.770660457184874],[-112.291368910709679,33.713948229339429,355.770660457184874],[-112.291368910709679,33.713948229339429,355.28868122980407],[-112.291369717621734,33.713941844974855,355.28868122980407],[-112.291369717621734,33.713941844974855,355.770660457184874]]]}},
{"type":"Feature","properties":{"id":7300564.0,"type":"R20-H1","creator":null,"traffic_sign_pole_id":null,"text":"NO ENGINE BRAKE","train":null,"width":88.98,"height":96.59,"lane_id":null,"ground_height":null,"stop_line_id":null,"att_editor":null},"geometry":{"type":"Polygon","coordinates":[[[-112.292258081752365,33.713658817820168,357.03678021792598],[-112.292259166278257,33.713650845490783,357.03678021792598],[-112.292259166278257,33.713650845490783,356.070843246774473],[-112.292258081752365,33.713658817820168,356.070843246774473],[-112.292258081752365,33.713658817820168,357.03678021792598]]]}},
{"type":"Feature","properties":{"id":7300566.0,"type":"R2-1","creator":null,"traffic_sign_pole_id":null,"text":"SPEED LIMIT 45","train":null,"width":82.09,"height":102.13,"lane_id":null,"ground_height":null,"stop_line_id":null,"att_editor":null},"geometry":{"type":"Polygon","coordinates":[[[-112.291666545938625,33.713650385078601,356.651398288464748],[-112.291668975034696,33.713643266025791,356.651398288464748],[-112.291668975034696,33.713643266025791,355.630124545677518],[-112.291666545938625,33.713650385078601,355.630124545677518],[-112.291666545938625,33.713650385078601,356.651398288464748]]]}},
{"type":"Feature","properties":{"id":7300568.0,"type":"D11-1","creator":null,"traffic_sign_pole_id":null,"text":"BIKE ROUTE","train":null,"width":68.51,"height":56.27,"lane_id":null,"ground_height":null,"stop_line_id":null,"att_editor":null},"geometry":{"type":"Polygon","coordinates":[[[-112.297776300673291,33.713652103218301,356.519687700275938],[-112.297776946481363,33.713645949038387,356.519687700275938],[-112.297776946481363,33.713645949038387,355.957004736037788],[-112.297776300673291,33.713652103218301,355.957004736037788],[-112.297776300673291,33.713652103218301,356.519687700275938]]]}},
{"type":"Feature","properties":{"id":7300570.0,"type":"M6-2R","creator":null,"traffic_sign_pole_id":null,"text":null,"train":null,"width":69.12,"height":42.81,"lane_id":null,"ground_height":null,"stop_line_id":null,"att_editor":null},"geometry":{"type":"Polygon","coordinates":[[[-112.297776294907152,33.713652158166319,355.938656378508256],[-112.297776946481363,33.713645949038387,355.938656378508256],[-112.297776946481363,33.713645949038387,355.510528036153175],[-112.297776294907152,33.713652158166319,355.510528036153175],[-112.297776294907152,33.713652158166319,355.938656378508256]]]}},
{"type":"Feature","properties":{"id":7300572.0,"type":"R2-1","creator":null,"traffic_sign_pole_id":null,"text":"SPEED LIMIT 45","train":null,"width":89.83,"height":107.37,"lane_id":null,"ground_height":null,"stop_line_id":null,"att_editor":null},"geometry":{"type":"Polygon","coordinates":[[[-112.29933858954314,33.713903356102044,355.487183081193052],[-112.299337967782733,33.713911439665154,355.487183081193052],[-112.299337967782733,33.713911439665154,354.413508612332862],[-112.29933858954314,33.713903356102044,354.413508612332862],[-112.29933858954314,33.713903356102044,355.487183081193052]]]}},
{"type":"Feature","properties":{"id":7300574.0,"type":"R3-17","creator":null,"traffic_sign_pole_id":null,"text":"BIKE LANE","train":null,"width":73.68,"height":58.5,"lane_id":null,"ground_height":null,"stop_line_id":null,"att_editor":null},"geometry":{"type":"Polygon","coordinates":[[[-112.301894519689128,33.713875850881472,354.340277527665307],[-112.301893747769967,33.713882463463257,354.340277527665307],[-112.301893747769967,33.713882463463257,353.755253945849461],[-112.301894519689128,33.713875850881472,353.755253945849461],[-112.301894519689128,33.713875850881472,354.340277527665307]]]}},
{"type":"Feature","properties":{"id":7300576.0,"type":"R1-1","creator":null,"traffic_sign_pole_id":null,"text":"STOP","train":null,"width":93.45,"height":98.36,"lane_id":null,"ground_height":null,"stop_line_id":null,"att_editor":null},"geometry":{"type":"Polygon","coordinates":[[[-112.301629449290857,33.713512640486549,354.878721650467639],[-112.301619365226358,33.713512624646889,354.878721650467639],[-112.301619365226358,33.713512624646889,353.89510711243264],[-112.301629449290857,33.713512640486549,353.89510711243264],[-112.301629449290857,33.713512640486549,354.878721650467639]]]}},
{"type":"Feature","properties":{"id":7300578.0,"type":"R2-1","creator":null,"traffic_sign_pole_id":null,"text":"SPEED LIMIT 45","train":null,"width":80.7,"height":111.55,"lane_id":null,"ground_height":null,"stop_line_id":null,"att_editor":null},"geometry":{"type":"Polygon","coordinates":[[[-112.304433115116893,33.713531570500834,359.443239751945384],[-112.304433615449327,33.713524305185935,359.443239751945384],[-112.304433615449327,33.713524305185935,358.327783999104383],[-112.304433115116893,33.713531570500834,358.327783999104383],[-112.304433115116893,33.713531570500834,359.443239751945384]]]}},
{"type":"Feature","properties":{"id":7300580.0,"type":"R3-17","creator":null,"traffic_sign_pole_id":null,"text":"BIKE LANE","train":null,"width":79.62,"height":63.5,"lane_id":null,"ground_height":null,"stop_line_id":null,"att_editor":null},"geometry":{"type":"Polygon","coordinates":[[[-112.30607443520357,33.713507196420451,362.550539091255644],[-112.306077059672717,33.713500359978596,362.550539091255644],[-112.306077059672717,33.713500359978596,361.915559174169061],[-112.30607443520357,33.713507196420451,361.915559174169061],[-112.30607443520357,33.713507196420451,362.550539091255644]]]}},
{"type":"Feature","properties":{"id":7300582.0,"type":"R4-7","creator":null,"traffic_sign_pole_id":null,"text":null,"train":null,"width":62.36,"height":88.5,"lane_id":null,"ground_height":null,"stop_line_id":null,"att_editor":null},"geometry":{"type":"Polygon","coordinates":[[[-112.306124248238476,33.71367981233044,363.329370169941569],[-112.306124242567947,33.713674189189319,363.329370169941569],[-112.306124242567947,33.713674189189319,362.444394642837267],[-112.306124248238476,33.71367981233044,362.444394642837267],[-112.306124248238476,33.71367981233044,363.329370169941569]]]}},
{"type":"Feature","properties":{"id":7300584.0,"type":"OM3-L","creator":null,"traffic_sign_pole_id":null,"text":null,"train":null,"width":32.18,"height":81.46,"lane_id":null,"ground_height":null,"stop_line_id":null,"att_editor":null},"geometry":{"type":"Polygon","coordinates":[[[-112.306124246866574,33.713678451893081,362.363942322191406],[-112.306124243939848,33.713675549626672,362.363942322191406],[-112.306124243939848,33.713675549626672,361.549362575652253],[-112.306124246866574,33.713678451893081,361.549362575652253],[-112.306124246866574,33.713678451893081,362.363942322191406]]]}},
{"type":"Feature","properties":{"id":7300586.0,"type":"R10-12a","creator":null,"traffic_sign_pole_id":null,"text":"LEFT TURN YIELD ON FLASHING YELLOW ARROW","train":null,"width":79.71,"height":102.47,"lane_id":null,"ground_height":null,"stop_line_id":null,"att_editor":null},"geometry":{"type":"Polygon","coordinates":[[[-112.306134645915236,33.713688240325553,367.266822779905283],[-112.306135233529218,33.713681069242973,367.266822779905283],[-112.306135233529218,33.713681069242973,366.242100348938436],[-112.306134645915236,33.713688240325553,366.242100348938436],[-112.306134645915236,33.713688240325553,367.266822779905283]]]}},
{"type":"Feature","properties":{"id":7300588.0,"type":"R4-7","creator":null,"traffic_sign_pole_id":null,"text":null,"train":null,"width":68.9,"height":90.02,"lane_id":null,"ground_height":null,"stop_line_id":null,"att_editor":null},"geometry":{"type":"Polygon","coordinates":[[[-112.306571418332865,33.713734128404596,364.589881000473213],[-112.306571416304308,33.713740341512889,364.589881000473213],[-112.306571416304308,33.713740341512889,363.689689411398433],[-112.306571418332865,33.713734128404596,363.689689411398433],[-112.306571418332865,33.713734128404596,364.589881000473213]]]}},
{"type":"Feature","properties":{"id":7300590.0,"type":"OM3-L","creator":null,"traffic_sign_pole_id":null,"text":null,"train":null,"width":36.75,"height":82.67,"lane_id":null,"ground_height":null,"stop_line_id":null,"att_editor":null},"geometry":{"type":"Polygon","coordinates":[[[-112.306571417846015,33.713735619550583,363.597833126798946],[-112.306571416764115,33.713738933208326,363.597833126798946],[-112.306571416764115,33.713738933208326,362.771126565403733],[-112.306571417846015,33.713735619550583,362.771126565403733],[-112.306571417846015,33.713735619550583,363.597833126798946]]]}},
{"type":"Feature","properties":{"id":7300592.0,"type":"R10-12a","creator":null,"traffic_sign_pole_id":null,"text":"LEFT TURN YIELD ON FLASHING YELLOW ARROW","train":null,"width":68.73,"height":100.94,"lane_id":null,"ground_height":null,"stop_line_id":null,"att_editor":null},"geometry":{"type":"Polygon","coordinates":[[[-112.306474324145157,33.713731219538687,367.669857310440534],[-112.306474019447933,33.713737412588095,367.669857310440534],[-112.306474019447933,33.713737412588095,366.660417565242426],[-112.306474324145157,33.713731219538687,366.660417565242426],[-112.306474324145157,33.713731219538687,367.669857310440534]]]}},
{"type":"Feature","properties":{"id":7300594.0,"type":"R3-17","creator":null,"traffic_sign_pole_id":null,"text":"BIKE LANE","train":null,"width":77.4,"height":60.03,"lane_id":null,"ground_height":null,"stop_line_id":null,"att_editor":null},"geometry":{"type":"Polygon","coordinates":[[[-112.306574088879302,33.713884465413535,363.473970840692061],[-112.306573388863043,33.713891420982847,363.473970840692061],[-112.306573388863043,33.713891420982847,362.873647395674993],[-112.306574088879302,33.713884465413535,362.873647395674993],[-112.306574088879302,33.713884465413535,363.473970840692061]]]}},
{"type":"Feature","properties":{"id":7300596.0,"type":"R3-7R","creator":null,"traffic_sign_pole_id":null,"text":"RIGHT LANE MUST TURN RIGHT","train":null,"width":120.61,"height":94.42,"lane_id":null,"ground_height":null,"stop_line_id":null,"att_editor":null},"geometry":{"type":"Polygon","coordinates":[[[-112.307056790270153,33.713487210876856,364.728959700075734],[-112.307057066483466,33.713476337194429,364.728959700075734],[-112.307057066483466,33.713476337194429,363.784752337857071],[-112.307056790270153,33.713487210876856,363.784752337857071],[-112.307056790270153,33.713487210876856,364.728959700075734]]]}},
{"type":"Feature","properties":{"id":7300598.0,"type":"R2-1","creator":null,"traffic_sign_pole_id":null,"text":"SPEED LIMIT 45","train":null,"width":78.52,"height":99.74,"lane_id":null,"ground_height":null,"stop_line_id":null,"att_editor":null},"geometry":{"type":"Polygon","coordinates":[[[-112.307255302241728,33.713716199760526,365.601815354300641],[-112.307255377936599,33.713723280449273,365.601815354300641],[-112.307255377936599,33.713723280449273,364.604459254827475],[-112.307255302241728,33.713716199760526,364.604459254827475],[-112.307255302241728,33.713716199760526,365.601815354300641]]]}},
{"type":"Feature","properties":{"id":7300600.0,"type":"R2-1","creator":null,"traffic_sign_pole_id":null,"text":"SPEED LIMIT 45","train":null,"width":85.26,"height":102.48,"lane_id":null,"ground_height":null,"stop_line_id":null,"att_editor":null},"geometry":{"type":"Polygon","coordinates":[[[-112.30812570839737,33.713872658429381,366.05943259394013],[-112.308124427823415,33.713880272310497,366.05943259394013],[-112.308124427823415,33.713880272310497,365.034660325432753],[-112.30812570839737,33.713872658429381,365.034660325432753],[-112.30812570839737,33.713872658429381,366.05943259394013]]]}},
{"type":"Feature","properties":{"id":7300602.0,"type":"R2-1","creator":null,"traffic_sign_pole_id":null,"text":"SPEED LIMIT 45","train":null,"width":80.23,"height":104.29,"lane_id":null,"ground_height":null,"stop_line_id":null,"att_editor":null},"geometry":{"type":"Polygon","coordinates":[[[-112.308542133554809,33.713667521979609,366.901612373556077],[-112.308541613769648,33.713660300312206,366.901612373556077],[-112.308541613769648,33.713660300312206,365.858751202520864],[-112.308542133554809,33.713667521979609,365.858751202520864],[-112.308542133554809,33.713667521979609,366.901612373556077]]]}},
{"type":"Feature","properties":{"id":7300604.0,"type":"R2-1","creator":null,"traffic_sign_pole_id":null,"text":"SPEED LIMIT 45","train":null,"width":84.54,"height":116.56,"lane_id":null,"ground_height":null,"stop_line_id":null,"att_editor":null},"geometry":{"type":"Polygon","coordinates":[[[-112.308543740384067,33.713502500347715,366.630445954605136],[-112.308544762118629,33.713494924912268,366.630445954605136],[-112.308544762118629,33.713494924912268,365.464822914381557],[-112.308543740384067,33.713502500347715,365.464822914381557],[-112.308543740384067,33.713502500347715,366.630445954605136]]]}},
{"type":"Feature","properties":{"id":7300606.0,"type":"R3-5R","creator":null,"traffic_sign_pole_id":null,"text":"ONLY","train":null,"width":79.65,"height":102.53,"lane_id":null,"ground_height":null,"stop_line_id":null,"att_editor":null},"geometry":{"type":"Polygon","coordinates":[[[-112.309206927239302,33.713886304434425,367.411840547693146],[-112.309206523355925,33.713893478757896,367.411840547693146],[-112.309206523355925,33.713893478757896,366.38649604252754],[-112.309206927239302,33.713886304434425,366.38649604252754],[-112.309206927239302,33.713886304434425,367.411840547693146]]]}},
{"type":"Feature","properties":{"id":7300608.0,"type":"R3-5bPI","creator":null,"traffic_sign_pole_id":null,"text":"RIGHT LANE","train":null,"width":76.66,"height":21.9,"lane_id":null,"ground_height":null,"stop_line_id":null,"att_editor":null},"geometry":{"type":"Polygon","coordinates":[[[-112.309206922190782,33.713886394113466,366.376541241506573],[-112.309206533453008,33.713893299399778,366.376541241506573],[-112.309206533453008,33.713893299399778,366.157535619043983],[-112.309206922190782,33.713886394113466,366.157535619043983],[-112.309206922190782,33.713886394113466,366.376541241506573]]]}},
{"type":"Feature","properties":{"id":7300610.0,"type":"R3-5bPI","creator":null,"traffic_sign_pole_id":null,"text":"RIGHT LANE","train":null,"width":82.65,"height":24.19,"lane_id":null,"ground_height":null,"stop_line_id":null,"att_editor":null},"geometry":{"type":"Polygon","coordinates":[[[-112.309866455556929,33.713875588463658,368.161010686948771],[-112.309865972897654,33.713883030715266,368.161010686948771],[-112.309865972897654,33.713883030715266,367.919130515248355],[-112.309866455556929,33.713875588463658,367.919130515248355],[-112.309866455556929,33.713875588463658,368.161010686948771]]]}},
{"type":"Feature","properties":{"id":7300612.0,"type":"R3-5R","creator":null,"traffic_sign_pole_id":null,"text":"ONLY","train":null,"width":83.66,"height":94.74,"lane_id":null,"ground_height":null,"stop_line_id":null,"att_editor":null},"geometry":{"type":"Polygon","coordinates":[[[-112.309866467329101,33.713875406945327,367.878817153298257],[-112.309865978783748,33.7138829399561,367.878817153298257],[-112.309865978783748,33.7138829399561,366.931453147471416],[-112.309866467329101,33.713875406945327,366.931453147471416],[-112.309866467329101,33.713875406945327,367.878817153298257]]]}},
{"type":"Feature","properties":{"id":7300614.0,"type":"R6-1R","creator":null,"traffic_sign_pole_id":null,"text":"ONE WAY","train":null,"width":150.24,"height":58.15,"lane_id":null,"ground_height":null,"stop_line_id":null,"att_editor":null},"geometry":{"type":"Polygon","coordinates":[[[-112.310314863423173,33.713825776779728,368.178704689864674],[-112.310315175177948,33.713839322278226,368.178704689864674],[-112.310315175177948,33.713839322278226,367.597195586293594],[-112.310314863423173,33.713825776779728,367.597195586293594],[-112.310314863423173,33.713825776779728,368.178704689864674]]]}},
{"type":"Feature","properties":{"id":7300616.0,"type":"R6-1L","creator":null,"traffic_sign_pole_id":null,"text":"ONE WAY","train":null,"width":134.69,"height":49.83,"lane_id":null,"ground_height":null,"stop_line_id":null,"att_editor":null},"geometry":{"type":"Polygon","coordinates":[[[-112.310320193733702,33.713838733749398,368.140256103943045],[-112.310319539353088,33.713826600184994,368.140256103943045],[-112.310319539353088,33.713826600184994,367.641954328478562],[-112.310320193733702,33.713838733749398,367.641954328478562],[-112.310320193733702,33.713838733749398,368.140256103943045]]]}},
{"type":"Feature","properties":{"id":7300618.0,"type":"R6-1R","creator":null,"traffic_sign_pole_id":null,"text":"ONE WAY","train":null,"width":93.81,"height":31.27,"lane_id":null,"ground_height":null,"stop_line_id":null,"att_editor":null},"geometry":{"type":"Polygon","coordinates":[[[-112.310188091798153,33.713634738551256,367.992457271526234],[-112.310177968850098,33.713634694900556,367.992457271526234],[-112.310177968850098,33.713634694900556,367.679774386715337],[-112.310188091798153,33.713634738551256,367.679774386715337],[-112.310188091798153,33.713634738551256,367.992457271526234]]]}},
{"type":"Feature","properties":{"id":7300620.0,"type":"R3-5L","creator":null,"traffic_sign_pole_id":null,"text":"ONLY","train":null,"width":42.41,"height":66.98,"lane_id":null,"ground_height":null,"stop_line_id":null,"att_editor":null},"geometry":{"type":"Polygon","coordinates":[[[-112.310390320880799,33.713631116454295,368.67147556346265],[-112.31039040046069,33.713634940175886,368.67147556346265],[-112.31039040046069,33.713634940175886,368.001674676199059],[-112.310390320880799,33.713631116454295,368.001674676199059],[-112.310390320880799,33.713631116454295,368.67147556346265]]]}},
{"type":"Feature","properties":{"id":7300622.0,"type":"R3-5L","creator":null,"traffic_sign_pole_id":null,"text":"ONLY","train":null,"width":42.41,"height":65.53,"lane_id":null,"ground_height":null,"stop_line_id":null,"att_editor":null},"geometry":{"type":"Polygon","coordinates":[[[-112.31039040226932,33.713635027078631,368.657019429205207],[-112.310390481849225,33.713638850800201,368.657019429205207],[-112.310390481849225,33.713638850800201,368.001674676199059],[-112.31039040226932,33.713635027078631,368.001674676199059],[-112.31039040226932,33.713635027078631,368.657019429205207]]]}},
{"type":"Feature","properties":{"id":7300624.0,"type":"R5-10a","creator":null,"traffic_sign_pole_id":null,"text":"PEDESTRIAN BICYCLES MOTOR-DRIVEN CYCLES PROHIBITED","train":null,"width":80.16,"height":101.0,"lane_id":null,"ground_height":null,"stop_line_id":null,"att_editor":null},"geometry":{"type":"Polygon","coordinates":[[[-112.310348533154951,33.713935135950628,368.13778134445738],[-112.310343161037437,33.713929470791577,368.13778134445738],[-112.310343161037437,33.713929470791577,367.127764260807851],[-112.310348533154951,33.713935135950628,367.127764260807851],[-112.310348533154951,33.713935135950628,368.13778134445738]]]}},
{"type":"Feature","properties":{"id":7300626.0,"type":"R1-2","creator":null,"traffic_sign_pole_id":null,"text":"YIELD","train":null,"width":94.88,"height":83.3,"lane_id":null,"ground_height":null,"stop_line_id":null,"att_editor":null},"geometry":{"type":"Polygon","coordinates":[[[-112.310278431977835,33.713969958280508,367.844529383892564],[-112.310268786970354,33.713972827573627,367.844529383892564],[-112.310268786970354,33.713972827573627,367.011538657803158],[-112.310278431977835,33.713969958280508,367.011538657803158],[-112.310278431977835,33.713969958280508,367.844529383892564]]]}},
{"type":"Feature","properties":{"id":7300628.0,"type":"R1-2","creator":null,"traffic_sign_pole_id":null,"text":"YIELD","train":null,"width":98.58,"height":92.3,"lane_id":null,"ground_height":null,"stop_line_id":null,"att_editor":null},"geometry":{"type":"Polygon","coordinates":[[[-112.310115637212803,33.71401546344179,367.50744703079431],[-112.310105230013434,33.714017302080251,367.50744703079431],[-112.310105230013434,33.714017302080251,366.584486494785267],[-112.310115637212803,33.71401546344179,366.584486494785267],[-112.310115637212803,33.71401546344179,367.50744703079431]]]}},
{"type":"Feature","properties":{"id":7300630.0,"type":"R5-1","creator":null,"traffic_sign_pole_id":null,"text":"DO NOT ENTER","train":null,"width":137.94,"height":143.23,"lane_id":null,"ground_height":null,"stop_line_id":null,"att_editor":null},"geometry":{"type":"Polygon","coordinates":[[[-112.310160918377406,33.713420519071825,368.014033406440774],[-112.310173245508224,33.713427490496159,368.014033406440774],[-112.310173245508224,33.713427490496159,366.581723862069566],[-112.310160918377406,33.713420519071825,366.581723862069566],[-112.310160918377406,33.713420519071825,368.014033406440774]]]}},
{"type":"Feature","properties":{"id":7300632.0,"type":"R5-1a","creator":null,"traffic_sign_pole_id":null,"text":"WRONG WAY","train":null,"width":134.76,"height":83.82,"lane_id":null,"ground_height":null,"stop_line_id":null,"att_editor":null},"geometry":{"type":"Polygon","coordinates":[[[-112.310160823553332,33.713420465445481,366.549894761083522],[-112.310172866211872,33.713427275990817,366.549894761083522],[-112.310172866211872,33.713427275990817,365.711728435118118],[-112.310160823553332,33.713420465445481,365.711728435118118],[-112.310160823553332,33.713420465445481,366.549894761083522]]]}},
{"type":"Feature","properties":{"id":7300634.0,"type":"R5-1","creator":null,"traffic_sign_pole_id":null,"text":"DO NOT ENTER","train":null,"width":135.32,"height":136.36,"lane_id":null,"ground_height":null,"stop_line_id":null,"att_editor":null},"geometry":{"type":"Polygon","coordinates":[[[-112.310328640068505,33.713447110558469,368.324470373449174],[-112.310338512621541,33.713456101194524,368.324470373449174],[-112.310338512621541,33.713456101194524,366.960852908605148],[-112.310328640068505,33.713447110558469,366.960852908605148],[-112.310328640068505,33.713447110558469,368.324470373449174]]]}},
{"type":"Feature","properties":{"id":7300636.0,"type":"R5-1a","creator":null,"traffic_sign_pole_id":null,"text":"WRONG WAY","train":null,"width":134.26,"height":81.39,"lane_id":null,"ground_height":null,"stop_line_id":null,"att_editor":null},"geometry":{"type":"Polygon","coordinates":[[[-112.310328485809876,33.713446970079794,366.897428840472855],[-112.31033828123357,33.713455890476496,366.897428840472855],[-112.31033828123357,33.713455890476496,366.083486632775248],[-112.310328485809876,33.713446970079794,366.083486632775248],[-112.310328485809876,33.713446970079794,366.897428840472855]]]}},
{"type":"Feature","properties":{"id":7300638.0,"type":"R1-2","creator":null,"traffic_sign_pole_id":null,"text":"YIELD","train":null,"width":78.63,"height":77.85,"lane_id":null,"ground_height":null,"stop_line_id":null,"att_editor":null},"geometry":{"type":"Polygon","coordinates":[[[-112.310181603499956,33.713412118695892,367.788315371476813],[-112.310173476442884,33.713410083359072,367.788315371476813],[-112.310173476442884,33.713410083359072,367.009843970437998],[-112.310181603499956,33.713412118695892,367.009843970437998],[-112.310181603499956,33.713412118695892,367.788315371476813]]]}},
{"type":"Feature","properties":{"id":7300640.0,"type":"R1-2","creator":null,"traffic_sign_pole_id":null,"text":"YIELD","train":null,"width":81.14,"height":77.2,"lane_id":null,"ground_height":null,"stop_line_id":null,"att_editor":null},"geometry":{"type":"Polygon","coordinates":[[[-112.310348558149798,33.713428462528263,368.027782162398239],[-112.310340070020018,33.713426667237762,368.027782162398239],[-112.310340070020018,33.713426667237762,367.255771948117342],[-112.310348558149798,33.713428462528263,367.255771948117342],[-112.310348558149798,33.713428462528263,368.027782162398239]]]}},
{"type":"Feature","properties":{"id":7300642.0,"type":"R3-5L","creator":null,"traffic_sign_pole_id":null,"text":"ONLY","train":null,"width":54.77,"height":76.32,"lane_id":null,"ground_height":null,"stop_line_id":null,"att_editor":null},"geometry":{"type":"Polygon","coordinates":[[[-112.310703357595727,33.713353886815518,368.381281210027282],[-112.310699094425061,33.713357307733197,368.381281210027282],[-112.310699094425061,33.713357307733197,367.618037748009669],[-112.310703357595727,33.713353886815518,367.618037748009669],[-112.310703357595727,33.713353886815518,368.381281210027282]]]}},
{"type":"Feature","properties":{"id":7300644.0,"type":"R3-5L","creator":null,"traffic_sign_pole_id":null,"text":"ONLY","train":null,"width":50.11,"height":78.07,"lane_id":null,"ground_height":null,"stop_line_id":null,"att_editor":null},"geometry":{"type":"Polygon","coordinates":[[[-112.310699049072184,33.713357344125946,368.398760067936109],[-112.31069514872425,33.713360473901574,368.398760067936109],[-112.31069514872425,33.713360473901574,367.618037748009669],[-112.310699049072184,33.713357344125946,367.618037748009669],[-112.310699049072184,33.713357344125946,368.398760067936109]]]}},
{"type":"Feature","properties":{"id":7300646.0,"type":"R3-5L","creator":null,"traffic_sign_pole_id":null,"text":"ONLY","train":null,"width":54.19,"height":77.82,"lane_id":null,"ground_height":null,"stop_line_id":null,"att_editor":null},"geometry":{"type":"Polygon","coordinates":[[[-112.310595457713234,33.713436901902007,368.399157716196953],[-112.31059084388454,33.713439904578081,368.399157716196953],[-112.31059084388454,33.713439904578081,367.620917480461117],[-112.310595457713234,33.713436901902007,367.620917480461117],[-112.310595457713234,33.713436901902007,368.399157716196953]]]}},
{"type":"Feature","properties":{"id":7300648.0,"type":"R3-5L","creator":null,"traffic_sign_pole_id":null,"text":"ONLY","train":null,"width":50.73,"height":78.98,"lane_id":null,"ground_height":null,"stop_line_id":null,"att_editor":null},"geometry":{"type":"Polygon","coordinates":[[[-112.310590942051121,33.71343984069135,368.410687201170845],[-112.310586622721843,33.713442651707084,368.410687201170845],[-112.310586622721843,33.713442651707084,367.620917480461117],[-112.310590942051121,33.71343984069135,367.620917480461117],[-112.310590942051121,33.71343984069135,368.410687201170845]]]}},
{"type":"Feature","properties":{"id":7300650.0,"type":"R5-1","creator":null,"traffic_sign_pole_id":null,"text":"DO NOT ENTER","train":null,"width":146.96,"height":135.49,"lane_id":null,"ground_height":null,"stop_line_id":null,"att_editor":null},"geometry":{"type":"Polygon","coordinates":[[[-112.310583613140736,33.713447144218037,368.696405128949948],[-112.310596571652283,33.713439504940062,368.696405128949948],[-112.310596571652283,33.713439504940062,367.341550959991139],[-112.310583613140736,33.713447144218037,367.341550959991139],[-112.310583613140736,33.713447144218037,368.696405128949948]]]}},
{"type":"Feature","properties":{"id":7300652.0,"type":"R5-1a","creator":null,"traffic_sign_pole_id":null,"text":"WRONG WAY","train":null,"width":142.79,"height":88.59,"lane_id":null,"ground_height":null,"stop_line_id":null,"att_editor":null},"geometry":{"type":"Polygon","coordinates":[[[-112.310583980758125,33.713446927500939,367.320707049699479],[-112.310596571652283,33.713439504940062,367.320707049699479],[-112.310596571652283,33.713439504940062,366.434840862303361],[-112.310583980758125,33.713446927500939,366.434840862303361],[-112.310583980758125,33.713446927500939,367.320707049699479]]]}},
{"type":"Feature","properties":{"id":7300654.0,"type":"R5-1","creator":null,"traffic_sign_pole_id":null,"text":"DO NOT ENTER","train":null,"width":139.67,"height":138.76,"lane_id":null,"ground_height":null,"stop_line_id":null,"att_editor":null},"geometry":{"type":"Polygon","coordinates":[[[-112.310698202721852,33.713361120308576,368.505564631921231],[-112.310708839640796,33.713352197900619,368.505564631921231],[-112.310708839640796,33.713352197900619,367.117919997932745],[-112.310698202721852,33.713361120308576,367.117919997932745],[-112.310698202721852,33.713361120308576,368.505564631921231]]]}},
{"type":"Feature","properties":{"id":7300656.0,"type":"R5-1a","creator":null,"traffic_sign_pole_id":null,"text":"WRONG WAY","train":null,"width":138.78,"height":87.17,"lane_id":null,"ground_height":null,"stop_line_id":null,"att_editor":null},"geometry":{"type":"Polygon","coordinates":[[[-112.310698338224029,33.713361006647332,367.109024840022528],[-112.310708907391884,33.713352141069997,367.109024840022528],[-112.310708907391884,33.713352141069997,366.237299364824594],[-112.310698338224029,33.713361006647332,366.237299364824594],[-112.310698338224029,33.713361006647332,367.109024840022528]]]}},
{"type":"Feature","properties":{"id":7300658.0,"type":"R6-1L","creator":null,"traffic_sign_pole_id":null,"text":"ONE WAY","train":null,"width":151.44,"height":59.68,"lane_id":null,"ground_height":null,"stop_line_id":null,"att_editor":null},"geometry":{"type":"Polygon","coordinates":[[[-112.310547497129974,33.71351297928905,368.409537204121648],[-112.310548286131137,33.713499338860885,368.409537204121648],[-112.310548286131137,33.713499338860885,367.812746072444895],[-112.310547497129974,33.71351297928905,367.812746072444895],[-112.310547497129974,33.71351297928905,368.409537204121648]]]}},
{"type":"Feature","properties":{"id":7300660.0,"type":"R6-1R","creator":null,"traffic_sign_pole_id":null,"text":"ONE WAY","train":null,"width":144.76,"height":62.03,"lane_id":null,"ground_height":null,"stop_line_id":null,"att_editor":null},"geometry":{"type":"Polygon","coordinates":[[[-112.310542483592329,33.713499409036089,368.378777924400197],[-112.310543602724152,33.713512429638008,368.378777924400197],[-112.310543602724152,33.713512429638008,367.758432736386169],[-112.310542483592329,33.713499409036089,367.758432736386169],[-112.310542483592329,33.713499409036089,368.378777924400197]]]}},
{"type":"Feature","properties":{"id":7300662.0,"type":"R4-7","creator":null,"traffic_sign_pole_id":null,"text":null,"train":null,"width":63.81,"height":84.34,"lane_id":null,"ground_height":null,"stop_line_id":null,"att_editor":null},"geometry":{"type":"Polygon","coordinates":[[[-112.310391540556196,33.713638003380588,368.735255949681289],[-112.310391686833512,33.713632250288576,368.735255949681289],[-112.310391686833512,33.713632250288576,367.891844335216092],[-112.310391540556196,33.713638003380588,367.891844335216092],[-112.310391540556196,33.713638003380588,368.735255949681289]]]}},
{"type":"Feature","properties":{"id":7300664.0,"type":"R3-2","creator":null,"traffic_sign_pole_id":null,"text":null,"train":null,"width":76.03,"height":76.02,"lane_id":null,"ground_height":null,"stop_line_id":null,"att_editor":null},"geometry":{"type":"Polygon","coordinates":[[[-112.310904267617275,33.713494242684312,368.656270246377119],[-112.310905428471344,33.713487455959537,368.656270246377119],[-112.310905428471344,33.713487455959537,367.896094083358037],[-112.310904267617275,33.713494242684312,367.896094083358037],[-112.310904267617275,33.713494242684312,368.656270246377119]]]}},
{"type":"Feature","properties":{"id":7300666.0,"type":"R3-2","creator":null,"traffic_sign_pole_id":null,"text":null,"train":null,"width":74.89,"height":76.54,"lane_id":null,"ground_height":null,"stop_line_id":null,"att_editor":null},"geometry":{"type":"Polygon","coordinates":[[[-112.311038367559433,33.713832904700894,368.731635202613688],[-112.311037315574879,33.713839600288154,368.731635202613688],[-112.311037315574879,33.713839600288154,367.966201669742816],[-112.311038367559433,33.713832904700894,367.966201669742816],[-112.311038367559433,33.713832904700894,368.731635202613688]]]}},
{"type":"Feature","properties":{"id":7300668.0,"type":"R5-1","creator":null,"traffic_sign_pole_id":null,"text":"DO NOT ENTER","train":null,"width":137.92,"height":129.06,"lane_id":null,"ground_height":null,"stop_line_id":null,"att_editor":null},"geometry":{"type":"Polygon","coordinates":[[[-112.311257534167709,33.713974523970371,369.101642711791158],[-112.311246554522555,33.713982920370597,369.101642711791158],[-112.311246554522555,33.713982920370597,367.811039827331797],[-112.311257534167709,33.713974523970371,367.811039827331797],[-112.311257534167709,33.713974523970371,369.101642711791158]]]}},
{"type":"Feature","properties":{"id":7300670.0,"type":"R5-1a","creator":null,"traffic_sign_pole_id":null,"text":"WRONG WAY","train":null,"width":135.71,"height":87.02,"lane_id":null,"ground_height":null,"stop_line_id":null,"att_editor":null},"geometry":{"type":"Polygon","coordinates":[[[-112.311257475453004,33.71397456887091,367.766790585578917],[-112.311246671951935,33.71398283056952,367.766790585578917],[-112.311246671951935,33.71398283056952,366.896555497772056],[-112.311257475453004,33.71397456887091,366.896555497772056],[-112.311257475453004,33.71397456887091,367.766790585578917]]]}},
{"type":"Feature","properties":{"id":7300672.0,"type":"R5-1","creator":null,"traffic_sign_pole_id":null,"text":"DO NOT ENTER","train":null,"width":131.1,"height":124.85,"lane_id":null,"ground_height":null,"stop_line_id":null,"att_editor":null},"geometry":{"type":"Polygon","coordinates":[[[-112.311368770592821,33.713879285049607,369.652604505191903],[-112.311357854993233,33.713886805234822,369.652604505191903],[-112.311357854993233,33.713886805234822,368.404144749622048],[-112.311368770592821,33.713879285049607,368.404144749622048],[-112.311368770592821,33.713879285049607,369.652604505191903]]]}},
{"type":"Feature","properties":{"id":7300674.0,"type":"R5-1a","creator":null,"traffic_sign_pole_id":null,"text":"WRONG WAY","train":null,"width":124.86,"height":84.62,"lane_id":null,"ground_height":null,"stop_line_id":null,"att_editor":null},"geometry":{"type":"Polygon","coordinates":[[[-112.311368424065876,33.713879523785671,368.362529424436389],[-112.311358028256734,33.713886685866811,368.362529424436389],[-112.311358028256734,33.713886685866811,367.516351145661247],[-112.311368424065876,33.713879523785671,367.516351145661247],[-112.311368424065876,33.713879523785671,368.362529424436389]]]}},
{"type":"Feature","properties":{"id":7300676.0,"type":"R3-5L","creator":null,"traffic_sign_pole_id":null,"text":"ONLY","train":null,"width":45.34,"height":66.43,"lane_id":null,"ground_height":null,"stop_line_id":null,"att_editor":null},"geometry":{"type":"Polygon","coordinates":[[[-112.311252287353682,33.713981102046283,368.873385038284482],[-112.311256027206326,33.713978465290673,368.873385038284482],[-112.311256027206326,33.713978465290673,368.209093463266186],[-112.311252287353682,33.713981102046283,368.209093463266186],[-112.311252287353682,33.713981102046283,368.873385038284482]]]}},
{"type":"Feature","properties":{"id":7300678.0,"type":"R3-5L","creator":null,"traffic_sign_pole_id":null,"text":"ONLY","train":null,"width":43.24,"height":65.37,"lane_id":null,"ground_height":null,"stop_line_id":null,"att_editor":null},"geometry":{"type":"Polygon","coordinates":[[[-112.311256201152958,33.713978342650883,368.868112882927164],[-112.311259767058758,33.713975828534949,368.868112882927164],[-112.311259767058758,33.713975828534949,368.214365618623503],[-112.311256201152958,33.713978342650883,368.214365618623503],[-112.311256201152958,33.713978342650883,368.868112882927164]]]}},
{"type":"Feature","properties":{"id":7300680.0,"type":"R6-1L","creator":null,"traffic_sign_pole_id":null,"text":"ONE WAY","train":null,"width":141.27,"height":48.71,"lane_id":null,"ground_height":null,"stop_line_id":null,"att_editor":null},"geometry":{"type":"Polygon","coordinates":[[[-112.311370663727004,33.713814865320685,369.333156466036371],[-112.311370485639713,33.713827604030101,369.333156466036371],[-112.311370485639713,33.713827604030101,368.846055655290456],[-112.311370663727004,33.713814865320685,368.846055655290456],[-112.311370663727004,33.713814865320685,369.333156466036371]]]}},
{"type":"Feature","properties":{"id":7300682.0,"type":"R6-1R","creator":null,"traffic_sign_pole_id":null,"text":"ONE WAY","train":null,"width":143.84,"height":53.04,"lane_id":null,"ground_height":null,"stop_line_id":null,"att_editor":null},"geometry":{"type":"Polygon","coordinates":[[[-112.311373053352241,33.713828246354964,369.34013460824616],[-112.311373198003452,33.713815275902682,369.34013460824616],[-112.311373198003452,33.713815275902682,368.809778234340627],[-112.311373053352241,33.713828246354964,368.809778234340627],[-112.311373053352241,33.713828246354964,369.34013460824616]]]}},
{"type":"Feature","properties":{"id":7300684.0,"type":"R1-2","creator":null,"traffic_sign_pole_id":null,"text":"YIELD","train":null,"width":74.61,"height":68.81,"lane_id":null,"ground_height":null,"stop_line_id":null,"att_editor":null},"geometry":{"type":"Polygon","coordinates":[[[-112.31157690617303,33.713919188787528,369.516325006519196],[-112.311584853553626,33.713920264160969,369.516325006519196],[-112.311584853553626,33.713920264160969,368.828179044430044],[-112.31157690617303,33.713919188787528,368.828179044430044],[-112.31157690617303,33.713919188787528,369.516325006519196]]]}},
{"type":"Feature","properties":{"id":7300686.0,"type":"R1-2","creator":null,"traffic_sign_pole_id":null,"text":"YIELD","train":null,"width":74.73,"height":74.72,"lane_id":null,"ground_height":null,"stop_line_id":null,"att_editor":null},"geometry":{"type":"Polygon","coordinates":[[[-112.311737926837608,33.713912898126658,369.706153704474673],[-112.311745541617256,33.713915115730316,369.706153704474673],[-112.311745541617256,33.713915115730316,368.958920253425731],[-112.311737926837608,33.713912898126658,368.958920253425731],[-112.311737926837608,33.713912898126658,369.706153704474673]]]}},
{"type":"Feature","properties":{"id":7300688.0,"type":"R5-1","creator":null,"traffic_sign_pole_id":null,"text":"DO NOT ENTER","train":null,"width":137.78,"height":136.55,"lane_id":null,"ground_height":null,"stop_line_id":null,"att_editor":null},"geometry":{"type":"Polygon","coordinates":[[[-112.311772414797176,33.713889829749107,370.134302001835181],[-112.311761960818345,33.713880994765468,370.134302001835181],[-112.311761960818345,33.713880994765468,368.768780299851528],[-112.311772414797176,33.713889829749107,368.768780299851528],[-112.311772414797176,33.713889829749107,370.134302001835181]]]}},
{"type":"Feature","properties":{"id":7300690.0,"type":"R5-1a","creator":null,"traffic_sign_pole_id":null,"text":"WRONG WAY","train":null,"width":132.91,"height":79.25,"lane_id":null,"ground_height":null,"stop_line_id":null,"att_editor":null},"geometry":{"type":"Polygon","coordinates":[[[-112.31177227602754,33.713889712470575,368.7504920627714],[-112.311762192101028,33.713881190229714,368.7504920627714],[-112.311762192101028,33.713881190229714,367.958001789298748],[-112.31177227602754,33.713889712470575,367.958001789298748],[-112.31177227602754,33.713889712470575,368.7504920627714]]]}},
{"type":"Feature","properties":{"id":7300692.0,"type":"R5-1","creator":null,"traffic_sign_pole_id":null,"text":"DO NOT ENTER","train":null,"width":136.52,"height":132.78,"lane_id":null,"ground_height":null,"stop_line_id":null,"att_editor":null},"geometry":{"type":"Polygon","coordinates":[[[-112.311592304384021,33.713904394890051,369.791062046959041],[-112.311581409235075,33.713896109164551,369.791062046959041],[-112.311581409235075,33.713896109164551,368.463311902665055],[-112.311592304384021,33.713904394890051,368.463311902665055],[-112.311592304384021,33.713904394890051,369.791062046959041]]]}},
{"type":"Feature","properties":{"id":7300694.0,"type":"R5-1a","creator":null,"traffic_sign_pole_id":null,"text":"WRONG WAY","train":null,"width":130.55,"height":83.54,"lane_id":null,"ground_height":null,"stop_line_id":null,"att_editor":null},"geometry":{"type":"Polygon","coordinates":[[[-112.311592125775022,33.713904259058481,368.440934091244401],[-112.311581706916726,33.713896335550515,368.440934091244401],[-112.311581706916726,33.713896335550515,367.605495798205482],[-112.311592125775022,33.713904259058481,367.605495798205482],[-112.311592125775022,33.713904259058481,368.440934091244401]]]}},
{"type":"Feature","properties":{"id":7300696.0,"type":"R6-1R","creator":null,"traffic_sign_pole_id":null,"text":"ONE WAY","train":null,"width":160.46,"height":59.56,"lane_id":null,"ground_height":null,"stop_line_id":null,"att_editor":null},"geometry":{"type":"Polygon","coordinates":[[[-112.311639932045921,33.713507621198424,369.83302643331325],[-112.31163954284645,33.713493155277718,369.83302643331325],[-112.31163954284645,33.713493155277718,369.237446892329558],[-112.311639932045921,33.713507621198424,369.237446892329558],[-112.311639932045921,33.713507621198424,369.83302643331325]]]}},
{"type":"Feature","properties":{"id":7300698.0,"type":"R6-1L","creator":null,"traffic_sign_pole_id":null,"text":"ONE WAY","train":null,"width":152.13,"height":59.92,"lane_id":null,"ground_height":null,"stop_line_id":null,"att_editor":null},"geometry":{"type":"Polygon","coordinates":[[[-112.311634260907212,33.713493806217514,369.778206120088555],[-112.311635878648957,33.713507457817222,369.778206120088555],[-112.311635878648957,33.713507457817222,369.178975458565503],[-112.311634260907212,33.713493806217514,369.178975458565503],[-112.311634260907212,33.713493806217514,369.778206120088555]]]}},
{"type":"Feature","properties":{"id":7300700.0,"type":"R1-2","creator":null,"traffic_sign_pole_id":null,"text":"YIELD","train":null,"width":94.06,"height":90.84,"lane_id":null,"ground_height":null,"stop_line_id":null,"att_editor":null},"geometry":{"type":"Polygon","coordinates":[[[-112.31166881498136,33.71337066699278,369.686882157754269],[-112.311676162135569,33.713364815078897,369.686882157754269],[-112.311676162135569,33.713364815078897,368.778437551848697],[-112.31166881498136,33.71337066699278,368.778437551848697],[-112.31166881498136,33.71337066699278,369.686882157754269]]]}},
{"type":"Feature","properties":{"id":7300702.0,"type":"R1-2","creator":null,"traffic_sign_pole_id":null,"text":"YIELD","train":null,"width":91.57,"height":85.41,"lane_id":null,"ground_height":null,"stop_line_id":null,"att_editor":null},"geometry":{"type":"Polygon","coordinates":[[[-112.311835728572376,33.713311838432233,369.709249699708039],[-112.311845470910129,33.713310460195125,369.709249699708039],[-112.311845470910129,33.713310460195125,368.855189081917899],[-112.311835728572376,33.713311838432233,368.855189081917899],[-112.311835728572376,33.713311838432233,369.709249699708039]]]}},
{"type":"Feature","properties":{"id":7300704.0,"type":"R4-7","creator":null,"traffic_sign_pole_id":null,"text":null,"train":null,"width":77.57,"height":72.89,"lane_id":null,"ground_height":null,"stop_line_id":null,"att_editor":null},"geometry":{"type":"Polygon","coordinates":[[[-112.31156267608921,33.713690246936487,370.151443504438589],[-112.311562924275719,33.713697238660068,370.151443504438589],[-112.311562924275719,33.713697238660068,369.422567645469258],[-112.31156267608921,33.713690246936487,369.422567645469258],[-112.31156267608921,33.713690246936487,370.151443504438589]]]}},
{"type":"Feature","properties":{"id":7300706.0,"type":"R3-5L","creator":null,"traffic_sign_pole_id":null,"text":"ONLY","train":null,"width":49.5,"height":73.29,"lane_id":null,"ground_height":null,"stop_line_id":null,"att_editor":null},"geometry":{"type":"Polygon","coordinates":[[[-112.311565043645047,33.713698249450083,370.131560168606541],[-112.31156483071085,33.713693789368889,370.131560168606541],[-112.31156483071085,33.713693789368889,369.398672629643841],[-112.311565043645047,33.713698249450083,369.398672629643841],[-112.311565043645047,33.713698249450083,370.131560168606541]]]}},
{"type":"Feature","properties":{"id":7300708.0,"type":"R3-5L","creator":null,"traffic_sign_pole_id":null,"text":"ONLY","train":null,"width":47.59,"height":70.91,"lane_id":null,"ground_height":null,"stop_line_id":null,"att_editor":null},"geometry":{"type":"Polygon","coordinates":[[[-112.311564828663407,33.713693746483514,370.126801158613262],[-112.311564623918997,33.713689457943879,370.126801158613262],[-112.311564623918997,33.713689457943879,369.4177086696169],[-112.311564828663407,33.713693746483514,369.4177086696169],[-112.311564828663407,33.713693746483514,370.126801158613262]]]}},
{"type":"Feature","properties":{"id":7300710.0,"type":"R6-1R","creator":null,"traffic_sign_pole_id":null,"text":"ONE WAY","train":null,"width":95.41,"height":32.47,"lane_id":null,"ground_height":null,"stop_line_id":null,"att_editor":null},"geometry":{"type":"Polygon","coordinates":[[[-112.311711176100602,33.71369355530144,369.983062677512123],[-112.31172147122922,33.713693584704018,369.983062677512123],[-112.31172147122922,33.713693584704018,369.658383199906211],[-112.311711176100602,33.71369355530144,369.658383199906211],[-112.311711176100602,33.71369355530144,369.983062677512123]]]}},
{"type":"Feature","properties":{"id":7300712.0,"type":"R3-5R","creator":null,"traffic_sign_pole_id":null,"text":"ONLY","train":null,"width":81.64,"height":94.37,"lane_id":null,"ground_height":null,"stop_line_id":null,"att_editor":null},"geometry":{"type":"Polygon","coordinates":[[[-112.312062521014127,33.713444985545266,371.535820201375486],[-112.312063718803216,33.713437691674088,371.535820201375486],[-112.312063718803216,33.713437691674088,370.59210665539041],[-112.312062521014127,33.713444985545266,370.59210665539041],[-112.312062521014127,33.713444985545266,371.535820201375486]]]}},
{"type":"Feature","properties":{"id":7300714.0,"type":"R3-5bPI","creator":null,"traffic_sign_pole_id":null,"text":"RIGHT LANE","train":null,"width":81.06,"height":24.9,"lane_id":null,"ground_height":null,"stop_line_id":null,"att_editor":null},"geometry":{"type":"Polygon","coordinates":[[[-112.312062521014127,33.713444985545266,370.563158387108615],[-112.312063710308266,33.713437743403674,370.563158387108615],[-112.312063710308266,33.713437743403674,370.314203279885589],[-112.312062521014127,33.713444985545266,370.314203279885589],[-112.312062521014127,33.713444985545266,370.563158387108615]]]}},
{"type":"Feature","properties":{"id":7300716.0,"type":"R3-5R","creator":null,"traffic_sign_pole_id":null,"text":"ONLY","train":null,"width":71.67,"height":91.96,"lane_id":null,"ground_height":null,"stop_line_id":null,"att_editor":null},"geometry":{"type":"Polygon","coordinates":[[[-112.312778529219273,33.71344734958177,374.277230182922949],[-112.312780309410428,33.713441060460646,374.277230182922949],[-112.312780309410428,33.713441060460646,373.35759717928687],[-112.312778529219273,33.71344734958177,373.35759717928687],[-112.312778529219273,33.71344734958177,374.277230182922949]]]}},
{"type":"Feature","properties":{"id":7300718.0,"type":"R3-5bPI","creator":null,"traffic_sign_pole_id":null,"text":"RIGHT LANE","train":null,"width":72.26,"height":19.11,"lane_id":null,"ground_height":null,"stop_line_id":null,"att_editor":null},"geometry":{"type":"Polygon","coordinates":[[[-112.312778529219273,33.71344734958177,373.339682250644671],[-112.312780324245352,33.71344100805134,373.339682250644671],[-112.312780324245352,33.71344100805134,373.148589678460496],[-112.312778529219273,33.71344734958177,373.148589678460496],[-112.312778529219273,33.71344734958177,373.339682250644671]]]}},
{"type":"Feature","properties":{"id":7300720.0,"type":"R2-1","creator":null,"traffic_sign_pole_id":null,"text":"SPEED LIMIT 45","train":null,"width":67.96,"height":89.49,"lane_id":null,"ground_height":null,"stop_line_id":null,"att_editor":null},"geometry":{"type":"Polygon","coordinates":[[[-112.313195258964583,33.7138656473225,374.305845829140424],[-112.313194142162843,33.713871704293041,374.305845829140424],[-112.313194142162843,33.713871704293041,373.410962824394289],[-112.313195258964583,33.7138656473225,373.410962824394289],[-112.313195258964583,33.7138656473225,374.305845829140424]]]}},
{"type":"Feature","properties":{"id":7300722.0,"type":"R3-17","creator":null,"traffic_sign_pole_id":null,"text":"BIKE LANE","train":null,"width":63.65,"height":36.37,"lane_id":null,"ground_height":null,"stop_line_id":null,"att_editor":null},"geometry":{"type":"Polygon","coordinates":[[[-112.313195203910965,33.713865945905582,373.406177353780663],[-112.31319415789244,33.713871618983603,373.406177353780663],[-112.31319415789244,33.713871618983603,373.042481587145915],[-112.313195203910965,33.713865945905582,373.042481587145915],[-112.313195203910965,33.713865945905582,373.406177353780663]]]}},
{"type":"Feature","properties":{"id":7300724.0,"type":"R4-7","creator":null,"traffic_sign_pole_id":null,"text":null,"train":null,"width":70.08,"height":89.99,"lane_id":null,"ground_height":null,"stop_line_id":null,"att_editor":null},"geometry":{"type":"Polygon","coordinates":[[[-112.31591751188121,33.715252401049796,377.947889437174581],[-112.315923917443968,33.715249041301377,377.947889437174581],[-112.315923917443968,33.715249041301377,377.047939505369811],[-112.31591751188121,33.715252401049796,377.047939505369811],[-112.31591751188121,33.715252401049796,377.947889437174581]]]}},
{"type":"Feature","properties":{"id":7300726.0,"type":"OM3-L","creator":null,"traffic_sign_pole_id":null,"text":null,"train":null,"width":34.67,"height":89.26,"lane_id":null,"ground_height":null,"stop_line_id":null,"att_editor":null},"geometry":{"type":"Polygon","coordinates":[[[-112.31591906270171,33.715251587637084,376.974173117516955],[-112.315922231769619,33.715249925445725,376.974173117516955],[-112.315922231769619,33.715249925445725,376.081599824497516],[-112.31591906270171,33.715251587637084,376.081599824497516],[-112.31591906270171,33.715251587637084,376.974173117516955]]]}},
{"type":"Feature","properties":{"id":7300728.0,"type":"R3-4","creator":null,"traffic_sign_pole_id":null,"text":null,"train":null,"width":66.19,"height":72.06,"lane_id":null,"ground_height":null,"stop_line_id":null,"att_editor":null},"geometry":{"type":"Polygon","coordinates":[[[-112.315922933106918,33.715247941566894,377.832076332117992],[-112.31591692459638,33.715251169261947,377.832076332117992],[-112.31591692459638,33.715251169261947,377.111488902008546],[-112.315922933106918,33.715247941566894,377.111488902008546],[-112.315922933106918,33.715247941566894,377.832076332117992]]]}},
{"type":"Feature","properties":{"id":7300730.0,"type":"R3-17","creator":null,"traffic_sign_pole_id":null,"text":"BIKE LANE","train":null,"width":82.27,"height":54.6,"lane_id":null,"ground_height":null,"stop_line_id":null,"att_editor":null},"geometry":{"type":"Polygon","coordinates":[[[-112.316024220344971,33.715179059234487,378.236335822768865],[-112.316032716261489,33.715176908842949,378.236335822768865],[-112.316032716261489,33.715176908842949,377.690317997586476],[-112.316024220344971,33.715179059234487,377.690317997586476],[-112.316024220344971,33.715179059234487,378.236335822768865]]]}},
{"type":"Feature","properties":{"id":7300732.0,"type":"R4-7","creator":null,"traffic_sign_pole_id":null,"text":null,"train":null,"width":63.61,"height":80.84,"lane_id":null,"ground_height":null,"stop_line_id":null,"att_editor":null},"geometry":{"type":"Polygon","coordinates":[[[-112.316117289027048,33.715613247016954,377.883997182671237],[-112.316111012517126,33.715615568838516,377.883997182671237],[-112.316111012517126,33.715615568838516,377.075585252873566],[-112.316117289027048,33.715613247016954,377.075585252873566],[-112.316117289027048,33.715613247016954,377.883997182671237]]]}},
{"type":"Feature","properties":{"id":7300734.0,"type":"OM3-L","creator":null,"traffic_sign_pole_id":null,"text":null,"train":null,"width":32.1,"height":87.38,"lane_id":null,"ground_height":null,"stop_line_id":null,"att_editor":null},"geometry":{"type":"Polygon","coordinates":[[[-112.316116115847649,33.715613681002324,376.950756940184249],[-112.316112948263211,33.715614852762734,376.950756940184249],[-112.316112948263211,33.715614852762734,376.076958751358859],[-112.316116115847649,33.715613681002324,376.076958751358859],[-112.316116115847649,33.715613681002324,376.950756940184249]]]}},
{"type":"Feature","properties":{"id":7300736.0,"type":"OM4-2","creator":null,"traffic_sign_pole_id":null,"text":null,"train":null,"width":57.22,"height":58.43,"lane_id":null,"ground_height":null,"stop_line_id":null,"att_editor":null},"geometry":{"type":"Polygon","coordinates":[[[-112.315867633363197,33.715491958952519,377.087257191668527],[-112.315864552437475,33.71548748694466,377.087257191668527],[-112.315864552437475,33.71548748694466,376.502992207191085],[-112.315867633363197,33.715491958952519,376.502992207191085],[-112.315867633363197,33.715491958952519,377.087257191668527]]]}},
{"type":"Feature","properties":{"id":7300738.0,"type":"OM4-2","creator":null,"traffic_sign_pole_id":null,"text":null,"train":null,"width":58.03,"height":61.65,"lane_id":null,"ground_height":null,"stop_line_id":null,"att_editor":null},"geometry":{"type":"Polygon","coordinates":[[[-112.315847633116618,33.715462928297839,377.112189188850948],[-112.315844508799728,33.715458393303372,377.112189188850948],[-112.315844508799728,33.715458393303372,376.495688894885006],[-112.315847633116618,33.715462928297839,376.495688894885006],[-112.315847633116618,33.715462928297839,377.112189188850948]]]}},
{"type":"Feature","properties":{"id":7300740.0,"type":"OM4-2","creator":null,"traffic_sign_pole_id":null,"text":null,"train":null,"width":58.38,"height":65.05,"lane_id":null,"ground_height":null,"stop_line_id":null,"att_editor":null},"geometry":{"type":"Polygon","coordinates":[[[-112.315885916957271,33.715521391706531,377.172506577842682],[-112.315883220475641,33.715516634313062,377.172506577842682],[-112.315883220475641,33.715516634313062,376.521976932004236],[-112.315885916957271,33.715521391706531,376.521976932004236],[-112.315885916957271,33.715521391706531,377.172506577842682]]]}},
{"type":"Feature","properties":{"id":7300742.0,"type":"R3-17","creator":null,"traffic_sign_pole_id":null,"text":"BIKE LANE","train":null,"width":79.1,"height":63.43,"lane_id":null,"ground_height":null,"stop_line_id":null,"att_editor":null},"geometry":{"type":"Polygon","coordinates":[[[-112.316219986967511,33.716192195750835,377.908908061364286],[-112.316211842908174,33.71619433225905,377.908908061364286],[-112.316211842908174,33.71619433225905,377.274578900602251],[-112.316219986967511,33.716192195750835,377.274578900602251],[-112.316219986967511,33.716192195750835,377.908908061364286]]]}},
{"type":"Feature","properties":{"id":7300744.0,"type":"W3-3","creator":null,"traffic_sign_pole_id":null,"text":null,"train":null,"width":114.59,"height":124.57,"lane_id":null,"ground_height":null,"stop_line_id":null,"att_editor":null},"geometry":{"type":"Polygon","coordinates":[[[-112.316621662867774,33.716451338202496,379.231404749177386],[-112.316633955979626,33.716450224158145,379.231404749177386],[-112.316633955979626,33.716450224158145,377.985706306672284],[-112.316621662867774,33.716451338202496,377.985706306672284],[-112.316621662867774,33.716451338202496,379.231404749177386]]]}},
{"type":"Feature","properties":{"id":7300746.0,"type":"R4-7","creator":null,"traffic_sign_pole_id":null,"text":null,"train":null,"width":67.76,"height":89.94,"lane_id":null,"ground_height":null,"stop_line_id":null,"att_editor":null},"geometry":{"type":"Polygon","coordinates":[[[-112.316557126484199,33.717039157410014,378.955505114041785],[-112.316564432394543,33.717038905010284,378.955505114041785],[-112.316564432394543,33.717038905010284,378.056067407792568],[-112.316557126484199,33.717039157410014,378.056067407792568],[-112.316557126484199,33.717039157410014,378.955505114041785]]]}},
{"type":"Feature","properties":{"id":7300748.0,"type":"OM3-L","creator":null,"traffic_sign_pole_id":null,"text":null,"train":null,"width":32.49,"height":91.92,"lane_id":null,"ground_height":null,"stop_line_id":null,"att_editor":null},"geometry":{"type":"Polygon","coordinates":[[[-112.316559091816799,33.717039089513072,377.885689340089016],[-112.316562595235794,33.717038968479251,377.885689340089016],[-112.316562595235794,33.717038968479251,376.966440230618446],[-112.316559091816799,33.717039089513072,376.966440230618446],[-112.316559091816799,33.717039089513072,377.885689340089016]]]}},
{"type":"Feature","properties":{"id":7300750.0,"type":"R3-17","creator":null,"traffic_sign_pole_id":null,"text":"BIKE LANE","train":null,"width":81.44,"height":54.92,"lane_id":null,"ground_height":null,"stop_line_id":null,"att_editor":null},"geometry":{"type":"Polygon","coordinates":[[[-112.316696845998919,33.717083494703687,379.124197115032416],[-112.316705572081304,33.717084369289751,379.124197115032416],[-112.316705572081304,33.717084369289751,378.574977321860331],[-112.316696845998919,33.717083494703687,378.574977321860331],[-112.316696845998919,33.717083494703687,379.124197115032416]]]}},
{"type":"Feature","properties":{"id":7300752.0,"type":"R4-7","creator":null,"traffic_sign_pole_id":null,"text":null,"train":null,"width":66.93,"height":88.17,"lane_id":null,"ground_height":null,"stop_line_id":null,"att_editor":null},"geometry":{"type":"Polygon","coordinates":[[[-112.316558647389925,33.717443274057857,379.263964874990279],[-112.316551453553259,33.717443813667174,379.263964874990279],[-112.316551453553259,33.717443813667174,378.382236476632102],[-112.316558647389925,33.717443274057857,378.382236476632102],[-112.316558647389925,33.717443274057857,379.263964874990279]]]}},
{"type":"Feature","properties":{"id":7300754.0,"type":"OM3-L","creator":null,"traffic_sign_pole_id":null,"text":null,"train":null,"width":35.59,"height":86.58,"lane_id":null,"ground_height":null,"stop_line_id":null,"att_editor":null},"geometry":{"type":"Polygon","coordinates":[[[-112.316556763289853,33.717443415384153,378.254757672050175],[-112.316552937995738,33.71744370231923,378.254757672050175],[-112.316552937995738,33.71744370231923,377.388964124264703],[-112.316556763289853,33.717443415384153,377.388964124264703],[-112.316556763289853,33.717443415384153,378.254757672050175]]]}},
{"type":"Feature","properties":{"id":7300756.0,"type":"R1-1","creator":null,"traffic_sign_pole_id":null,"text":"STOP","train":null,"width":87.19,"height":92.54,"lane_id":null,"ground_height":null,"stop_line_id":null,"att_editor":null},"geometry":{"type":"Polygon","coordinates":[[[-112.316790699263251,33.717152596163594,379.585534104388387],[-112.316792136624784,33.717144826272886,379.585534104388387],[-112.316792136624784,33.717144826272886,378.660108020325367],[-112.316790699263251,33.717152596163594,378.660108020325367],[-112.316790699263251,33.717152596163594,379.585534104388387]]]}},
{"type":"Feature","properties":{"id":7300758.0,"type":"R2-1","creator":null,"traffic_sign_pole_id":null,"text":"SPEED LIMIT 45","train":null,"width":86.91,"height":111.55,"lane_id":null,"ground_height":null,"stop_line_id":null,"att_editor":null},"geometry":{"type":"Polygon","coordinates":[[[-112.316397853064757,33.717928863121173,379.778655389046548],[-112.31638857250546,33.717927731279168,379.778655389046548],[-112.31638857250546,33.717927731279168,378.663164531647794],[-112.316397853064757,33.717928863121173,378.663164531647794],[-112.316397853064757,33.717928863121173,379.778655389046548]]]}},
{"type":"Feature","properties":{"id":7300760.0,"type":"R3-17","creator":null,"traffic_sign_pole_id":null,"text":"BIKE LANE","train":null,"width":73.29,"height":44.1,"lane_id":null,"ground_height":null,"stop_line_id":null,"att_editor":null},"geometry":{"type":"Polygon","coordinates":[[[-112.316396952711969,33.71792875331564,378.624252059878074],[-112.316389126568694,33.717927798851818,378.624252059878074],[-112.316389126568694,33.717927798851818,378.183244046487857],[-112.316396952711969,33.71792875331564,378.183244046487857],[-112.316396952711969,33.71792875331564,378.624252059878074]]]}},
{"type":"Feature","properties":{"id":7300762.0,"type":"R2-1","creator":null,"traffic_sign_pole_id":null,"text":"SPEED LIMIT 45","train":null,"width":67.41,"height":87.21,"lane_id":null,"ground_height":null,"stop_line_id":null,"att_editor":null},"geometry":{"type":"Polygon","coordinates":[[[-112.316656534121321,33.718938223712023,380.304795644608873],[-112.316663677660941,33.718939373418593,380.304795644608873],[-112.316663677660941,33.718939373418593,379.432738839555498],[-112.316656534121321,33.718938223712023,379.432738839555498],[-112.316656534121321,33.718938223712023,380.304795644608873]]]}},
{"type":"Feature","properties":{"id":7300764.0,"type":"W2-2L","creator":null,"traffic_sign_pole_id":null,"text":null,"train":null,"width":128.39,"height":128.38,"lane_id":null,"ground_height":null,"stop_line_id":null,"att_editor":null},"geometry":{"type":"Polygon","coordinates":[[[-112.316381910058098,33.718931824345859,380.205522833892985],[-112.31636814986733,33.718930472291255,380.205522833892985],[-112.31636814986733,33.718930472291255,378.921736401976148],[-112.316381910058098,33.718931824345859,378.921736401976148],[-112.316381910058098,33.718931824345859,380.205522833892985]]]}},
{"type":"Feature","properties":{"id":7300766.0,"type":"OM3-L","creator":null,"traffic_sign_pole_id":null,"text":null,"train":null,"width":36.68,"height":93.64,"lane_id":null,"ground_height":null,"stop_line_id":null,"att_editor":null},"geometry":{"type":"Polygon","coordinates":[[[-112.316245304249122,33.720171080374179,378.247805734678025],[-112.31624918207045,33.720171744131122,378.247805734678025],[-112.31624918207045,33.720171744131122,377.311373131912717],[-112.316245304249122,33.720171080374179,377.311373131912717],[-112.316245304249122,33.720171080374179,378.247805734678025]]]}},
{"type":"Feature","properties":{"id":7300768.0,"type":"R3-17","creator":null,"traffic_sign_pole_id":null,"text":"BIKE LANE","train":null,"width":76.68,"height":54.77,"lane_id":null,"ground_height":null,"stop_line_id":null,"att_editor":null},"geometry":{"type":"Polygon","coordinates":[[[-112.316364406369829,33.720241133512431,379.372408984282174],[-112.316372163547229,33.720243541140107,379.372408984282174],[-112.316372163547229,33.720243541140107,378.824739891074046],[-112.316364406369829,33.720241133512431,378.824739891074046],[-112.316364406369829,33.720241133512431,379.372408984282174]]]}},
{"type":"Feature","properties":{"id":7300770.0,"type":"R1-1","creator":null,"traffic_sign_pole_id":null,"text":"STOP","train":null,"width":92.23,"height":101.24,"lane_id":null,"ground_height":null,"stop_line_id":null,"att_editor":null},"geometry":{"type":"Polygon","coordinates":[[[-112.316429305142847,33.720324946856906,380.12787605870426],[-112.316433702569356,33.720317485154915,380.12787605870426],[-112.316433702569356,33.720317485154915,379.115470838952433],[-112.316429305142847,33.720324946856906,379.115470838952433],[-112.316429305142847,33.720324946856906,380.12787605870426]]]}},
{"type":"Feature","properties":{"id":7300772.0,"type":"R4-7","creator":null,"traffic_sign_pole_id":null,"text":null,"train":null,"width":72.86,"height":94.64,"lane_id":null,"ground_height":null,"stop_line_id":null,"att_editor":null},"geometry":{"type":"Polygon","coordinates":[[[-112.316394747425591,33.720450509711618,380.196278503182555],[-112.316392442540874,33.720456790998611,380.196278503182555],[-112.316392442540874,33.720456790998611,379.249861780036667],[-112.316394747425591,33.720450509711618,379.249861780036667],[-112.316394747425591,33.720450509711618,380.196278503182555]]]}},
{"type":"Feature","properties":{"id":7300774.0,"type":"OM3-L","creator":null,"traffic_sign_pole_id":null,"text":null,"train":null,"width":33.0,"height":92.77,"lane_id":null,"ground_height":null,"stop_line_id":null,"att_editor":null},"geometry":{"type":"Polygon","coordinates":[[[-112.316394117029802,33.720452227670435,379.0008047476299],[-112.316393072936734,33.720455073039794,379.0008047476299],[-112.316393072936734,33.720455073039794,378.073067301914534],[-112.316394117029802,33.720452227670435,378.073067301914534],[-112.316394117029802,33.720452227670435,379.0008047476299]]]}},
{"type":"Feature","properties":{"id":7300776.0,"type":"R4-7","creator":null,"traffic_sign_pole_id":null,"text":null,"train":null,"width":70.36,"height":87.35,"lane_id":null,"ground_height":null,"stop_line_id":null,"att_editor":null},"geometry":{"type":"Polygon","coordinates":[[[-112.31608028459901,33.720575676837505,378.636960508438847],[-112.31607317893598,33.720573441250828,378.636960508438847],[-112.31607317893598,33.720573441250828,377.763476147081974],[-112.31608028459901,33.720575676837505,377.763476147081974],[-112.31608028459901,33.720575676837505,378.636960508438847]]]}},
{"type":"Feature","properties":{"id":7300778.0,"type":"OM3-L","creator":null,"traffic_sign_pole_id":null,"text":null,"train":null,"width":36.83,"height":90.18,"lane_id":null,"ground_height":null,"stop_line_id":null,"att_editor":null},"geometry":{"type":"Polygon","coordinates":[[[-112.316078567794477,33.7205751366958,377.706817702020999],[-112.3160748480514,33.720573966388692,377.706817702020999],[-112.3160748480514,33.720573966388692,376.805004118133638],[-112.316078567794477,33.7205751366958,376.805004118133638],[-112.316078567794477,33.7205751366958,377.706817702020999]]]}},
{"type":"Feature","properties":{"id":7300780.0,"type":"R3-17","creator":null,"traffic_sign_pole_id":null,"text":"BIKE LANE","train":null,"width":95.87,"height":61.63,"lane_id":null,"ground_height":null,"stop_line_id":null,"att_editor":null},"geometry":{"type":"Polygon","coordinates":[[[-112.315895890235851,33.720601093765964,378.18661229327347],[-112.315886615116824,33.720597263528802,378.18661229327347],[-112.315886615116824,33.720597263528802,377.570356843928664],[-112.315895890235851,33.720601093765964,377.570356843928664],[-112.315895890235851,33.720601093765964,378.18661229327347]]]}},
{"type":"Feature","properties":{"id":7300782.0,"type":"R3-7R","creator":null,"traffic_sign_pole_id":null,"text":"RIGHT LANE MUST TURN RIGHT","train":null,"width":112.07,"height":91.61,"lane_id":null,"ground_height":null,"stop_line_id":null,"att_editor":null},"geometry":{"type":"Polygon","coordinates":[[[-112.316063092158771,33.72094939723906,378.702615856348302],[-112.316073314903036,33.720954796952057,378.702615856348302],[-112.316073314903036,33.720954796952057,377.786528816952284],[-112.316063092158771,33.72094939723906,377.786528816952284],[-112.316063092158771,33.72094939723906,378.702615856348302]]]}},
{"type":"Feature","properties":{"id":7300784.0,"type":"R2-1","creator":null,"traffic_sign_pole_id":null,"text":"SPEED LIMIT 45","train":null,"width":70.07,"height":89.69,"lane_id":null,"ground_height":null,"stop_line_id":null,"att_editor":null},"geometry":{"type":"Polygon","coordinates":[[[-112.315304407245662,33.721615884591387,377.262136470107464],[-112.315298094436358,33.721612405460746,377.262136470107464],[-112.315298094436358,33.721612405460746,376.365266383333733],[-112.315304407245662,33.721615884591387,376.365266383333733],[-112.315304407245662,33.721615884591387,377.262136470107464]]]}},
{"type":"Feature","properties":{"id":7300786.0,"type":"W2-2R","creator":null,"traffic_sign_pole_id":null,"text":null,"train":null,"width":117.06,"height":120.64,"lane_id":null,"ground_height":null,"stop_line_id":null,"att_editor":null},"geometry":{"type":"Polygon","coordinates":[[[-112.315503137971362,33.721782173619317,378.162118553806238],[-112.315513758661382,33.721787889790939,378.162118553806238],[-112.315513758661382,33.721787889790939,376.955764730250849],[-112.315503137971362,33.721782173619317,376.955764730250849],[-112.315503137971362,33.721782173619317,378.162118553806238]]]}},
{"type":"Feature","properties":{"id":7300788.0,"type":"R3-17","creator":null,"traffic_sign_pole_id":null,"text":"BIKE LANE","train":null,"width":84.47,"height":61.16,"lane_id":null,"ground_height":null,"stop_line_id":null,"att_editor":null},"geometry":{"type":"Polygon","coordinates":[[[-112.314057522913075,33.724235669831337,384.925884845218775],[-112.314065658581541,33.724239105130756,384.925884845218775],[-112.314065658581541,33.724239105130756,384.314298284664744],[-112.314057522913075,33.724235669831337,384.314298284664744],[-112.314057522913075,33.724235669831337,384.925884845218775]]]}},
{"type":"Feature","properties":{"id":7300790.0,"type":"R4-7","creator":null,"traffic_sign_pole_id":null,"text":null,"train":null,"width":72.26,"height":92.12,"lane_id":null,"ground_height":null,"stop_line_id":null,"att_editor":null},"geometry":{"type":"Polygon","coordinates":[[[-112.313682461294476,33.724835009799698,386.388988198062464],[-112.313689846367183,33.724837102936498,386.388988198062464],[-112.313689846367183,33.724837102936498,385.467755590695049],[-112.313682461294476,33.724835009799698,385.467755590695049],[-112.313682461294476,33.724835009799698,386.388988198062464]]]}},
{"type":"Feature","properties":{"id":7300792.0,"type":"OM3-L","creator":null,"traffic_sign_pole_id":null,"text":null,"train":null,"width":37.94,"height":93.03,"lane_id":null,"ground_height":null,"stop_line_id":null,"att_editor":null},"geometry":{"type":"Polygon","coordinates":[[[-112.313684122935797,33.72483548075553,385.21486820828045],[-112.313688000098963,33.724836579652347,385.21486820828045],[-112.313688000098963,33.724836579652347,384.284603908684005],[-112.313684122935797,33.72483548075553,384.284603908684005],[-112.313684122935797,33.72483548075553,385.21486820828045]]]}},
{"type":"Feature","properties":{"id":7300794.0,"type":"R4-7","creator":null,"traffic_sign_pole_id":null,"text":null,"train":null,"width":77.49,"height":97.05,"lane_id":null,"ground_height":null,"stop_line_id":null,"att_editor":null},"geometry":{"type":"Polygon","coordinates":[[[-112.313419997059469,33.725640746305999,386.69649253511318],[-112.313411773712161,33.72563947646001,386.69649253511318],[-112.313411773712161,33.72563947646001,385.725944973573064],[-112.313419997059469,33.725640746305999,385.725944973573064],[-112.313419997059469,33.725640746305999,386.69649253511318]]]}},
{"type":"Feature","properties":{"id":7300796.0,"type":"OM3-L","creator":null,"traffic_sign_pole_id":null,"text":null,"train":null,"width":37.52,"height":93.79,"lane_id":null,"ground_height":null,"stop_line_id":null,"att_editor":null},"geometry":{"type":"Polygon","coordinates":[[[-112.31341791958225,33.72564042550286,385.587295321924501],[-112.313413937750909,33.725639810630071,385.587295321924501],[-112.313413937750909,33.725639810630071,384.649371207831109],[-112.31341791958225,33.72564042550286,384.649371207831109],[-112.31341791958225,33.72564042550286,385.587295321924501]]]}},
{"type":"Feature","properties":{"id":7300798.0,"type":"R2-1","creator":null,"traffic_sign_pole_id":null,"text":"SPEED LIMIT 45","train":null,"width":90.83,"height":110.76,"lane_id":null,"ground_height":null,"stop_line_id":null,"att_editor":null},"geometry":{"type":"Polygon","coordinates":[[[-112.313074032459838,33.726569251881173,387.012797600814054],[-112.313064469626696,33.726567449759486,387.012797600814054],[-112.313064469626696,33.726567449759486,385.905169126873886],[-112.313074032459838,33.726569251881173,385.905169126873886],[-112.313074032459838,33.726569251881173,387.012797600814054]]]}},
{"type":"Feature","properties":{"id":7300800.0,"type":"R3-17","creator":null,"traffic_sign_pole_id":null,"text":"BIKE LANE","train":null,"width":85.44,"height":61.26,"lane_id":null,"ground_height":null,"stop_line_id":null,"att_editor":null},"geometry":{"type":"Polygon","coordinates":[[[-112.313018519602011,33.726954872115016,386.805144101065252],[-112.313009521146185,33.726953188289805,386.805144101065252],[-112.313009521146185,33.726953188289805,386.192585400140274],[-112.313018519602011,33.726954872115016,386.192585400140274],[-112.313018519602011,33.726954872115016,386.805144101065252]]]}},
{"type":"Feature","properties":{"id":7300802.0,"type":"R3-17","creator":null,"traffic_sign_pole_id":null,"text":"BIKE LANE","train":null,"width":82.27,"height":60.69,"lane_id":null,"ground_height":null,"stop_line_id":null,"att_editor":null},"geometry":{"type":"Polygon","coordinates":[[[-112.313408462241583,33.729493637662763,386.463781438784622],[-112.313417303066601,33.729492954974219,386.463781438784622],[-112.313417303066601,33.729492954974219,385.856836823585525],[-112.313408462241583,33.729493637662763,385.856836823585525],[-112.313408462241583,33.729493637662763,386.463781438784622]]]}},
{"type":"Feature","properties":{"id":7300804.0,"type":"R3-7R","creator":null,"traffic_sign_pole_id":null,"text":"RIGHT LANE MUST TURN RIGHT","train":null,"width":104.08,"height":89.46,"lane_id":null,"ground_height":null,"stop_line_id":null,"att_editor":null},"geometry":{"type":"Polygon","coordinates":[[[-112.313351317114893,33.730797845280236,387.982111585821997],[-112.313340118136963,33.730798575194882,387.982111585821997],[-112.313340118136963,33.730798575194882,387.087481618154641],[-112.313351317114893,33.730797845280236,387.087481618154641],[-112.313351317114893,33.730797845280236,387.982111585821997]]]}},
{"type":"Feature","properties":{"id":7300806.0,"type":"R2-1","creator":null,"traffic_sign_pole_id":null,"text":"SPEED LIMIT 45","train":null,"width":83.38,"height":105.78,"lane_id":null,"ground_height":null,"stop_line_id":null,"att_editor":null},"geometry":{"type":"Polygon","coordinates":[[[-112.313696813320902,33.73065488329916,387.265260206939161],[-112.31370562417564,33.730653352636857,387.265260206939161],[-112.31370562417564,33.730653352636857,386.207440667817764],[-112.313696813320902,33.73065488329916,386.207440667817764],[-112.313696813320902,33.73065488329916,387.265260206939161]]]}},
{"type":"Feature","properties":{"id":7300808.0,"type":"R4-7","creator":null,"traffic_sign_pole_id":null,"text":null,"train":null,"width":66.03,"height":80.85,"lane_id":null,"ground_height":null,"stop_line_id":null,"att_editor":null},"geometry":{"type":"Polygon","coordinates":[[[-112.313814764560874,33.731333064565547,387.387978003667968],[-112.313821443610934,33.731330987526931,387.387978003667968],[-112.313821443610934,33.731330987526931,386.579504768285688],[-112.313814764560874,33.731333064565547,386.579504768285688],[-112.313814764560874,33.731333064565547,387.387978003667968]]]}},
{"type":"Feature","properties":{"id":7300810.0,"type":"OM3-L","creator":null,"traffic_sign_pole_id":null,"text":null,"train":null,"width":35.04,"height":76.8,"lane_id":null,"ground_height":null,"stop_line_id":null,"att_editor":null},"geometry":{"type":"Polygon","coordinates":[[[-112.313816309375198,33.731332584162082,386.462725300952741],[-112.313819853360954,33.731331482059957,386.462725300952741],[-112.313819853360954,33.731331482059957,385.694675727339529],[-112.313816309375198,33.731332584162082,385.694675727339529],[-112.313816309375198,33.731332584162082,386.462725300952741]]]}},
{"type":"Feature","properties":{"id":7300812.0,"type":"R4-7","creator":null,"traffic_sign_pole_id":null,"text":null,"train":null,"width":76.25,"height":99.57,"lane_id":null,"ground_height":null,"stop_line_id":null,"att_editor":null},"geometry":{"type":"Polygon","coordinates":[[[-112.313535361582723,33.731730732630105,388.399371455718835],[-112.31353471200201,33.731723877959674,388.399371455718835],[-112.31353471200201,33.731723877959674,387.403711626387178],[-112.313535361582723,33.731730732630105,387.403711626387178],[-112.313535361582723,33.731730732630105,388.399371455718835]]]}},
{"type":"Feature","properties":{"id":7300814.0,"type":"OM3-L","creator":null,"traffic_sign_pole_id":null,"text":null,"train":null,"width":36.78,"height":85.21,"lane_id":null,"ground_height":null,"stop_line_id":null,"att_editor":null},"geometry":{"type":"Polygon","coordinates":[[[-112.313535162887433,33.731728635907395,387.31401254266359],[-112.313534849560284,33.731725329536957,387.31401254266359],[-112.313534849560284,33.731725329536957,386.46187124728965],[-112.313535162887433,33.731728635907395,386.46187124728965],[-112.313535162887433,33.731728635907395,387.31401254266359]]]}},
{"type":"Feature","properties":{"id":7300816.0,"type":"R3-4","creator":null,"traffic_sign_pole_id":null,"text":null,"train":null,"width":77.08,"height":81.28,"lane_id":null,"ground_height":null,"stop_line_id":null,"att_editor":null},"geometry":{"type":"Polygon","coordinates":[[[-112.31386406820036,33.73152015835101,391.153099839593267],[-112.313871812942551,33.731517620269557,391.153099839593267],[-112.313871812942551,33.731517620269557,390.340328157324393],[-112.31386406820036,33.73152015835101,390.340328157324393],[-112.31386406820036,33.73152015835101,391.153099839593267]]]}},
{"type":"Feature","properties":{"id":7300818.0,"type":"W1-7","creator":null,"traffic_sign_pole_id":null,"text":null,"train":null,"width":128.83,"height":78.65,"lane_id":null,"ground_height":null,"stop_line_id":null,"att_editor":null},"geometry":{"type":"Polygon","coordinates":[[[-112.314085512671269,33.731654209889399,386.386937759763441],[-112.314089350024702,33.731665376585461,386.386937759763441],[-112.314089350024702,33.731665376585461,385.600446129919987],[-112.314085512671269,33.731654209889399,385.600446129919987],[-112.314085512671269,33.731654209889399,386.386937759763441]]]}},
{"type":"Feature","properties":{"id":7300820.0,"type":"R3-17","creator":null,"traffic_sign_pole_id":null,"text":"BIKE LANE","train":null,"width":76.77,"height":57.02,"lane_id":null,"ground_height":null,"stop_line_id":null,"att_editor":null},"geometry":{"type":"Polygon","coordinates":[[[-112.313911415583902,33.732029870872012,387.720452887146507],[-112.313903733652623,33.732032465437989,387.720452887146507],[-112.313903733652623,33.732032465437989,387.150206977235712],[-112.313911415583902,33.732029870872012,387.150206977235712],[-112.313911415583902,33.732029870872012,387.720452887146507]]]}},
{"type":"Feature","properties":{"id":7300822.0,"type":"R4-7","creator":null,"traffic_sign_pole_id":null,"text":null,"train":null,"width":70.82,"height":87.81,"lane_id":null,"ground_height":null,"stop_line_id":null,"att_editor":null},"geometry":{"type":"Polygon","coordinates":[[[-112.314083440201941,33.732097341302143,387.860846020632607],[-112.314076367649122,33.732099763811057,387.860846020632607],[-112.314076367649122,33.732099763811057,386.982732758984866],[-112.314083440201941,33.732097341302143,386.982732758984866],[-112.314083440201941,33.732097341302143,387.860846020632607]]]}},
{"type":"Feature","properties":{"id":7300824.0,"type":"OM3-L","creator":null,"traffic_sign_pole_id":null,"text":null,"train":null,"width":39.26,"height":82.15,"lane_id":null,"ground_height":null,"stop_line_id":null,"att_editor":null},"geometry":{"type":"Polygon","coordinates":[[[-112.314081985276829,33.732097839646855,386.926080290491484],[-112.314078065061835,33.732099182408952,386.926080290491484],[-112.314078065061835,33.732099182408952,386.104619497337126],[-112.314081985276829,33.732097839646855,386.104619497337126],[-112.314081985276829,33.732097839646855,386.926080290491484]]]}},
{"type":"Feature","properties":{"id":7300826.0,"type":"R2-1","creator":null,"traffic_sign_pole_id":null,"text":"SPEED LIMIT 45","train":null,"width":89.95,"height":106.68,"lane_id":null,"ground_height":null,"stop_line_id":null,"att_editor":null},"geometry":{"type":"Polygon","coordinates":[[[-112.31457196726268,33.733193472546574,388.515615166182442],[-112.314562968415402,33.733196517302154,388.515615166182442],[-112.314562968415402,33.733196517302154,387.448825981114794],[-112.31457196726268,33.733193472546574,387.448825981114794],[-112.31457196726268,33.733193472546574,388.515615166182442]]]}},
{"type":"Feature","properties":{"id":7300828.0,"type":"R3-17","creator":null,"traffic_sign_pole_id":null,"text":"BIKE LANE","train":null,"width":78.16,"height":56.04,"lane_id":null,"ground_height":null,"stop_line_id":null,"att_editor":null},"geometry":{"type":"Polygon","coordinates":[[[-112.315530865908656,33.734436759332368,388.109627407437131],[-112.315523608175411,33.734440351440711,388.109627407437131],[-112.315523608175411,33.734440351440711,387.54924097793122],[-112.315530865908656,33.734436759332368,387.54924097793122],[-112.315530865908656,33.734436759332368,388.109627407437131]]]}},
{"type":"Feature","properties":{"id":7300830.0,"type":"R3-17","creator":null,"traffic_sign_pole_id":null,"text":"BIKE LANE","train":null,"width":83.96,"height":57.36,"lane_id":null,"ground_height":null,"stop_line_id":null,"att_editor":null},"geometry":{"type":"Polygon","coordinates":[[[-112.315862900397306,33.734391647986477,387.600982001549198],[-112.315870617053278,33.734387678670444,387.600982001549198],[-112.315870617053278,33.734387678670444,387.02740356286705],[-112.315862900397306,33.734391647986477,387.02740356286705],[-112.315862900397306,33.734391647986477,387.600982001549198]]]}},
{"type":"Feature","properties":{"id":7300832.0,"type":"W11-19","creator":null,"traffic_sign_pole_id":null,"text":null,"train":null,"width":122.65,"height":131.08,"lane_id":null,"ground_height":null,"stop_line_id":null,"att_editor":null},"geometry":{"type":"Polygon","coordinates":[[[-112.318387111065107,33.7367482636772,389.18681289278021],[-112.31839853041663,33.736742668728986,389.18681289278021],[-112.31839853041663,33.736742668728986,387.876053702973934],[-112.318387111065107,33.7367482636772,387.876053702973934],[-112.318387111065107,33.7367482636772,389.18681289278021]]]}},
{"type":"Feature","properties":{"id":7300834.0,"type":"R2-1","creator":null,"traffic_sign_pole_id":null,"text":"SPEED LIMIT 45","train":null,"width":83.27,"height":104.73,"lane_id":null,"ground_height":null,"stop_line_id":null,"att_editor":null},"geometry":{"type":"Polygon","coordinates":[[[-112.319059842280879,33.737712578925176,389.027488989599988],[-112.319052782853291,33.737717226411377,389.027488989599988],[-112.319052782853291,33.737717226411377,387.980216755311972],[-112.319059842280879,33.737712578925176,387.980216755311972],[-112.319059842280879,33.737712578925176,389.027488989599988]]]}},
{"type":"Feature","properties":{"id":7300836.0,"type":"R2-1","creator":null,"traffic_sign_pole_id":null,"text":"SPEED LIMIT 45","train":null,"width":82.34,"height":103.26,"lane_id":null,"ground_height":null,"stop_line_id":null,"att_editor":null},"geometry":{"type":"Polygon","coordinates":[[[-112.319247950996782,33.73750409988503,389.170314933077805],[-112.319254856550643,33.737499425864968,389.170314933077805],[-112.319254856550643,33.737499425864968,388.137682364889884],[-112.319247950996782,33.73750409988503,388.137682364889884],[-112.319247950996782,33.73750409988503,389.170314933077805]]]}},
{"type":"Feature","properties":{"id":7300838.0,"type":"R3-7R","creator":null,"traffic_sign_pole_id":null,"text":"RIGHT LANE MUST TURN RIGHT","train":null,"width":101.88,"height":105.13,"lane_id":null,"ground_height":null,"stop_line_id":null,"att_editor":null},"geometry":{"type":"Polygon","coordinates":[[[-112.320975989841017,33.739582497439812,388.989926134098198],[-112.320968232730209,33.739589009899049,388.989926134098198],[-112.320968232730209,33.739589009899049,387.938584841555553],[-112.320975989841017,33.739582497439812,387.938584841555553],[-112.320975989841017,33.739582497439812,388.989926134098198]]]}},
{"type":"Feature","properties":{"id":7300840.0,"type":"OM3-C","creator":null,"traffic_sign_pole_id":null,"text":null,"train":null,"width":38.4,"height":91.28,"lane_id":null,"ground_height":null,"stop_line_id":null,"att_editor":null},"geometry":{"type":"Polygon","coordinates":[[[-112.32116969923598,33.73951996881619,388.394485485289465],[-112.3211670726389,33.739522647290343,388.394485485289465],[-112.3211670726389,33.739522647290343,387.481717111773435],[-112.32116969923598,33.73951996881619,387.481717111773435],[-112.32116969923598,33.73951996881619,388.394485485289465]]]}},
{"type":"Feature","properties":{"id":7300842.0,"type":"R1-1","creator":null,"traffic_sign_pole_id":null,"text":"STOP","train":null,"width":75.97,"height":78.6,"lane_id":null,"ground_height":null,"stop_line_id":null,"att_editor":null},"geometry":{"type":"Polygon","coordinates":[[[-112.321386418289507,33.739907869584179,389.233664034598689],[-112.321387449769503,33.739914665603351,389.233664034598689],[-112.321387449769503,33.739914665603351,388.447646681543574],[-112.321386418289507,33.739907869584179,388.447646681543574],[-112.321386418289507,33.739907869584179,389.233664034598689]]]}},
{"type":"Feature","properties":{"id":7300844.0,"type":"R5-1","creator":null,"traffic_sign_pole_id":null,"text":"DO NOT ENTER","train":null,"width":80.02,"height":80.01,"lane_id":null,"ground_height":null,"stop_line_id":null,"att_editor":null},"geometry":{"type":"Polygon","coordinates":[[[-112.321475635727552,33.739734696614534,389.512370364660512],[-112.321482172001652,33.739739413430293,389.512370364660512],[-112.321482172001652,33.739739413430293,388.712262939092],[-112.321475635727552,33.739734696614534,388.712262939092],[-112.321475635727552,33.739734696614534,389.512370364660512]]]}},
{"type":"Feature","properties":{"id":7300846.0,"type":"R5-1","creator":null,"traffic_sign_pole_id":null,"text":"DO NOT ENTER","train":null,"width":79.66,"height":80.12,"lane_id":null,"ground_height":null,"stop_line_id":null,"att_editor":null},"geometry":{"type":"Polygon","coordinates":[[[-112.32155212680027,33.739618226473219,388.691931062070296],[-112.321546438128649,33.739612840088519,388.691931062070296],[-112.321546438128649,33.739612840088519,387.890681916422068],[-112.32155212680027,33.739618226473219,387.890681916422068],[-112.32155212680027,33.739618226473219,388.691931062070296]]]}},
{"type":"Feature","properties":{"id":7300848.0,"type":"R1-1","creator":null,"traffic_sign_pole_id":null,"text":"STOP","train":null,"width":89.14,"height":89.79,"lane_id":null,"ground_height":null,"stop_line_id":null,"att_editor":null},"geometry":{"type":"Polygon","coordinates":[[[-112.321735637040348,33.739508412266773,389.352387733475609],[-112.321729128981161,33.739502492139358,389.352387733475609],[-112.321729128981161,33.739502492139358,388.454452753112321],[-112.321735637040348,33.739508412266773,388.454452753112321],[-112.321735637040348,33.739508412266773,389.352387733475609]]]}},
{"type":"Feature","properties":{"id":7300850.0,"type":"R3-5R","creator":null,"traffic_sign_pole_id":null,"text":"ONLY","train":null,"width":63.19,"height":77.16,"lane_id":null,"ground_height":null,"stop_line_id":null,"att_editor":null},"geometry":{"type":"Polygon","coordinates":[[[-112.321734617120555,33.739507484485635,388.381287680638309],[-112.321730003198013,33.739503287380387,388.381287680638309],[-112.321730003198013,33.739503287380387,387.609728734548412],[-112.321734617120555,33.739507484485635,387.609728734548412],[-112.321734617120555,33.739507484485635,388.381287680638309]]]}},
{"type":"Feature","properties":{"id":7300852.0,"type":"R3-7R","creator":null,"traffic_sign_pole_id":null,"text":"RIGHT LANE MUST TURN RIGHT","train":null,"width":104.42,"height":97.41,"lane_id":null,"ground_height":null,"stop_line_id":null,"att_editor":null},"geometry":{"type":"Polygon","coordinates":[[[-112.321801306447426,33.740167408107808,389.366473370555696],[-112.321791274272243,33.740171699770102,389.366473370555696],[-112.321791274272243,33.740171699770102,388.392410967513172],[-112.321801306447426,33.740167408107808,388.392410967513172],[-112.321801306447426,33.740167408107808,389.366473370555696]]]}},
{"type":"Feature","properties":{"id":7300854.0,"type":"OM3-C","creator":null,"traffic_sign_pole_id":null,"text":null,"train":null,"width":41.4,"height":101.67,"lane_id":null,"ground_height":null,"stop_line_id":null,"att_editor":null},"geometry":{"type":"Polygon","coordinates":[[[-112.321844568505355,33.739887867648896,388.616069198819218],[-112.321847992629529,33.739885469232419,388.616069198819218],[-112.321847992629529,33.739885469232419,387.599390567622606],[-112.321844568505355,33.739887867648896,387.599390567622606],[-112.321844568505355,33.739887867648896,388.616069198819218]]]}},
{"type":"Feature","properties":{"id":7300856.0,"type":"R1-1","creator":null,"traffic_sign_pole_id":null,"text":"STOP","train":null,"width":75.28,"height":76.5,"lane_id":null,"ground_height":null,"stop_line_id":null,"att_editor":null},"geometry":{"type":"Polygon","coordinates":[[[-112.32222801811902,33.740521549627466,389.875908533263157],[-112.322229610735448,33.740528206140254,389.875908533263157],[-112.322229610735448,33.740528206140254,389.110874887694195],[-112.32222801811902,33.740521549627466,389.110874887694195],[-112.32222801811902,33.740521549627466,389.875908533263157]]]}},
{"type":"Feature","properties":{"id":7300858.0,"type":"R3-2","creator":null,"traffic_sign_pole_id":null,"text":null,"train":null,"width":66.02,"height":59.85,"lane_id":null,"ground_height":null,"stop_line_id":null,"att_editor":null},"geometry":{"type":"Polygon","coordinates":[[[-112.322228161715572,33.740522149804882,389.049178625954767],[-112.322229558518515,33.740527987893941,389.049178625954767],[-112.322229558518515,33.740527987893941,388.450724887082288],[-112.322228161715572,33.740522149804882,388.450724887082288],[-112.322228161715572,33.740522149804882,389.049178625954767]]]}},
{"type":"Feature","properties":{"id":7300860.0,"type":"R2-2L","creator":null,"traffic_sign_pole_id":null,"text":null,"train":null,"width":62.39,"height":62.85,"lane_id":null,"ground_height":null,"stop_line_id":null,"att_editor":null},"geometry":{"type":"Polygon","coordinates":[[[-112.321386596703647,33.739908639699635,388.435233949064695],[-112.321387332397777,33.739914231779828,388.435233949064695],[-112.321387332397777,33.739914231779828,387.80674327770555],[-112.321386596703647,33.739908639699635,387.80674327770555],[-112.321386596703647,33.739908639699635,388.435233949064695]]]}},
{"type":"Feature","properties":{"id":7300862.0,"type":"R1-1","creator":null,"traffic_sign_pole_id":null,"text":"STOP","train":null,"width":92.08,"height":94.18,"lane_id":null,"ground_height":null,"stop_line_id":null,"att_editor":null},"geometry":{"type":"Polygon","coordinates":[[[-112.322385083624326,33.740043541839128,389.81093896473925],[-112.322377479632451,33.740038195400757,389.81093896473925],[-112.322377479632451,33.740038195400757,388.869184958877725],[-112.322385083624326,33.740043541839128,388.869184958877725],[-112.322385083624326,33.740043541839128,389.81093896473925]]]}},
{"type":"Feature","properties":{"id":7300864.0,"type":"R3-7R","creator":null,"traffic_sign_pole_id":null,"text":"RIGHT LANE MUST TURN RIGHT","train":null,"width":104.79,"height":94.83,"lane_id":null,"ground_height":null,"stop_line_id":null,"att_editor":null},"geometry":{"type":"Polygon","coordinates":[[[-112.321976064953319,33.739781703357167,389.359119396984113],[-112.321984931353342,33.739775835781991,389.359119396984113],[-112.321984931353342,33.739775835781991,388.410779437373833],[-112.321976064953319,33.739781703357167,388.410779437373833],[-112.321976064953319,33.739781703357167,389.359119396984113]]]}},
{"type":"Feature","properties":{"id":7300866.0,"type":"R3-7R","creator":null,"traffic_sign_pole_id":null,"text":"RIGHT LANE MUST TURN RIGHT","train":null,"width":110.16,"height":110.15,"lane_id":null,"ground_height":null,"stop_line_id":null,"att_editor":null},"geometry":{"type":"Polygon","coordinates":[[[-112.322665452277676,33.740312469023358,390.140912106214444],[-112.322674604613425,33.740306127454481,390.140912106214444],[-112.322674604613425,33.740306127454481,389.039423908807805],[-112.322665452277676,33.740312469023358,389.039423908807805],[-112.322665452277676,33.740312469023358,390.140912106214444]]]}},
{"type":"Feature","properties":{"id":7300868.0,"type":"R3-17","creator":null,"traffic_sign_pole_id":null,"text":"BIKE LANE","train":null,"width":80.42,"height":59.76,"lane_id":null,"ground_height":null,"stop_line_id":null,"att_editor":null},"geometry":{"type":"Polygon","coordinates":[[[-112.32286694151415,33.740534512637176,389.897253914841485],[-112.322873987485465,33.740530276767799,389.897253914841485],[-112.322873987485465,33.740530276767799,389.299685456649115],[-112.32286694151415,33.740534512637176,389.299685456649115],[-112.32286694151415,33.740534512637176,389.897253914841485]]]}},
{"type":"Feature","properties":{"id":7300870.0,"type":"R3-7R","creator":null,"traffic_sign_pole_id":null,"text":"RIGHT LANE MUST TURN RIGHT","train":null,"width":106.59,"height":96.82,"lane_id":null,"ground_height":null,"stop_line_id":null,"att_editor":null},"geometry":{"type":"Polygon","coordinates":[[[-112.322487972976859,33.740644618950121,389.774159162958142],[-112.322479854514327,33.740651430108457,389.774159162958142],[-112.322479854514327,33.740651430108457,388.805909970092159],[-112.322487972976859,33.740644618950121,388.805909970092159],[-112.322487972976859,33.740644618950121,389.774159162958142]]]}},
{"type":"Feature","properties":{"id":7300872.0,"type":"R3-4","creator":null,"traffic_sign_pole_id":null,"text":null,"train":null,"width":84.96,"height":87.5,"lane_id":null,"ground_height":null,"stop_line_id":null,"att_editor":null},"geometry":{"type":"Polygon","coordinates":[[[-112.322850898264974,33.740687852382869,390.364997166529292],[-112.322844878505606,33.740693631958003,390.364997166529292],[-112.322844878505606,33.740693631958003,389.490003852264067],[-112.322850898264974,33.740687852382869,389.490003852264067],[-112.322850898264974,33.740687852382869,390.364997166529292]]]}},
{"type":"Feature","properties":{"id":7300874.0,"type":"R4-7","creator":null,"traffic_sign_pole_id":null,"text":null,"train":null,"width":87.6,"height":101.2,"lane_id":null,"ground_height":null,"stop_line_id":null,"att_editor":null},"geometry":{"type":"Polygon","coordinates":[[[-112.322846398169375,33.740695241694972,390.48821816964022],[-112.322852839262112,33.740689459004585,390.48821816964022],[-112.322852839262112,33.740689459004585,389.476225241509269],[-112.322846398169375,33.740695241694972,389.476225241509269],[-112.322846398169375,33.740695241694972,390.48821816964022]]]}},
{"type":"Feature","properties":{"id":7300876.0,"type":"OM3-L","creator":null,"traffic_sign_pole_id":null,"text":null,"train":null,"width":44.98,"height":89.95,"lane_id":null,"ground_height":null,"stop_line_id":null,"att_editor":null},"geometry":{"type":"Polygon","coordinates":[[[-112.322847964921735,33.740693835094646,389.387453932024073],[-112.322851272509908,33.740690865604982,389.387453932024073],[-112.322851272509908,33.740690865604982,388.487904662574408],[-112.322847964921735,33.740693835094646,388.487904662574408],[-112.322847964921735,33.740693835094646,389.387453932024073]]]}},
{"type":"Feature","properties":{"id":7300878.0,"type":"R4-7","creator":null,"traffic_sign_pole_id":null,"text":null,"train":null,"width":64.73,"height":88.18,"lane_id":null,"ground_height":null,"stop_line_id":null,"att_editor":null},"geometry":{"type":"Polygon","coordinates":[[[-112.322875167649059,33.741059211160241,390.353393388671236],[-112.322869064379162,33.741056370039779,390.353393388671236],[-112.322869064379162,33.741056370039779,389.471552831454858],[-112.322875167649059,33.741059211160241,389.471552831454858],[-112.322875167649059,33.741059211160241,390.353393388671236]]]}},
{"type":"Feature","properties":{"id":7300880.0,"type":"OM3-L","creator":null,"traffic_sign_pole_id":null,"text":null,"train":null,"width":36.41,"height":86.57,"lane_id":null,"ground_height":null,"stop_line_id":null,"att_editor":null},"geometry":{"type":"Polygon","coordinates":[[[-112.322873870704186,33.741058607422175,389.325927785309034],[-112.322870437614853,33.741057009291914,389.325927785309034],[-112.322870437614853,33.741057009291914,388.460267788775525],[-112.322873870704186,33.741058607422175,388.460267788775525],[-112.322873870704186,33.741058607422175,389.325927785309034]]]}},
{"type":"Feature","properties":{"id":7300882.0,"type":"R4-7","creator":null,"traffic_sign_pole_id":null,"text":null,"train":null,"width":80.97,"height":106.31,"lane_id":null,"ground_height":null,"stop_line_id":null,"att_editor":null},"geometry":{"type":"Polygon","coordinates":[[[-112.323381524967331,33.740693078865831,390.831955479080932],[-112.323387723994102,33.740698225781962,390.831955479080932],[-112.323387723994102,33.740698225781962,389.768831116320314],[-112.323381524967331,33.740693078865831,389.768831116320314],[-112.323381524967331,33.740693078865831,390.831955479080932]]]}},
{"type":"Feature","properties":{"id":7300884.0,"type":"OM3-L","creator":null,"traffic_sign_pole_id":null,"text":null,"train":null,"width":43.35,"height":100.59,"lane_id":null,"ground_height":null,"stop_line_id":null,"att_editor":null},"geometry":{"type":"Polygon","coordinates":[[[-112.323382839912327,33.740694170635948,389.719763838039057],[-112.323386158583233,33.740696926055683,389.719763838039057],[-112.323386158583233,33.740696926055683,388.71388463327321],[-112.323382839912327,33.740694170635948,388.71388463327321],[-112.323382839912327,33.740694170635948,389.719763838039057]]]}},
{"type":"Feature","properties":{"id":7300886.0,"type":"R3-4","creator":null,"traffic_sign_pole_id":null,"text":null,"train":null,"width":83.11,"height":103.13,"lane_id":null,"ground_height":null,"stop_line_id":null,"att_editor":null},"geometry":{"type":"Polygon","coordinates":[[[-112.323308733429499,33.74107795629223,394.112288708879817],[-112.323302960540531,33.741083693441695,394.112288708879817],[-112.323302960540531,33.741083693441695,393.080965107065254],[-112.323308733429499,33.74107795629223,393.080965107065254],[-112.323308733429499,33.74107795629223,394.112288708879817]]]}},
{"type":"Feature","properties":{"id":7300888.0,"type":"R4-7","creator":null,"traffic_sign_pole_id":null,"text":null,"train":null,"width":76.98,"height":94.98,"lane_id":null,"ground_height":null,"stop_line_id":null,"att_editor":null},"geometry":{"type":"Polygon","coordinates":[[[-112.323377386851163,33.74108978003877,390.887318307073599],[-112.323372535275766,33.741095415261618,390.887318307073599],[-112.323372535275766,33.741095415261618,389.937488327530957],[-112.323377386851163,33.74108978003877,389.937488327530957],[-112.323377386851163,33.74108978003877,390.887318307073599]]]}},
{"type":"Feature","properties":{"id":7300890.0,"type":"OM3-L","creator":null,"traffic_sign_pole_id":null,"text":null,"train":null,"width":40.94,"height":95.8,"lane_id":null,"ground_height":null,"stop_line_id":null,"att_editor":null},"geometry":{"type":"Polygon","coordinates":[[[-112.323376199763615,33.741091158869907,389.880171001179235],[-112.323373619138408,33.741094156328877,389.880171001179235],[-112.323373619138408,33.741094156328877,388.922152832157792],[-112.323376199763615,33.741091158869907,388.922152832157792],[-112.323376199763615,33.741091158869907,389.880171001179235]]]}},
{"type":"Feature","properties":{"id":7300892.0,"type":"R3-17","creator":null,"traffic_sign_pole_id":null,"text":"BIKE LANE","train":null,"width":89.6,"height":65.61,"lane_id":null,"ground_height":null,"stop_line_id":null,"att_editor":null},"geometry":{"type":"Polygon","coordinates":[[[-112.323328802342118,33.741263404564009,390.736237344164238],[-112.323322301894649,33.741269386892867,390.736237344164238],[-112.323322301894649,33.741269386892867,390.080089847437193],[-112.323328802342118,33.741263404564009,390.080089847437193],[-112.323328802342118,33.741263404564009,390.736237344164238]]]}},
{"type":"Feature","properties":{"id":7300894.0,"type":"R3-7R","creator":null,"traffic_sign_pole_id":null,"text":"RIGHT LANE MUST TURN RIGHT","train":null,"width":108.02,"height":108.01,"lane_id":null,"ground_height":null,"stop_line_id":null,"att_editor":null},"geometry":{"type":"Polygon","coordinates":[[[-112.322568847425828,33.741091659590317,390.273500961005993],[-112.322560093142854,33.74108522595008,390.273500961005993],[-112.322560093142854,33.74108522595008,389.193427022704725],[-112.322568847425828,33.741091659590317,389.193427022704725],[-112.322568847425828,33.741091659590317,390.273500961005993]]]}},
{"type":"Feature","properties":{"id":7300896.0,"type":"R3-7R","creator":null,"traffic_sign_pole_id":null,"text":"RIGHT LANE MUST TURN RIGHT","train":null,"width":102.13,"height":94.89,"lane_id":null,"ground_height":null,"stop_line_id":null,"att_editor":null},"geometry":{"type":"Polygon","coordinates":[[[-112.322759570081871,33.741493918175799,390.461718892024351],[-112.322766636480324,33.7415009866546,390.461718892024351],[-112.322766636480324,33.7415009866546,389.512840970939351],[-112.322759570081871,33.741493918175799,389.512840970939351],[-112.322759570081871,33.741493918175799,390.461718892024351]]]}},
{"type":"Feature","properties":{"id":7300898.0,"type":"R1-1","creator":null,"traffic_sign_pole_id":null,"text":"STOP","train":null,"width":77.47,"height":79.46,"lane_id":null,"ground_height":null,"stop_line_id":null,"att_editor":null},"geometry":{"type":"Polygon","coordinates":[[[-112.322599684455184,33.741654218219942,390.655805672364863],[-112.322607125356569,33.741651030931536,390.655805672364863],[-112.322607125356569,33.741651030931536,389.86116575170206],[-112.322599684455184,33.741654218219942,389.86116575170206],[-112.322599684455184,33.741654218219942,390.655805672364863]]]}},
{"type":"Feature","properties":{"id":7300900.0,"type":"R1-1","creator":null,"traffic_sign_pole_id":null,"text":"STOP","train":null,"width":76.7,"height":83.43,"lane_id":null,"ground_height":null,"stop_line_id":null,"att_editor":null},"geometry":{"type":"Polygon","coordinates":[[[-112.322202655487459,33.741365834775138,390.711289972174256],[-112.322197312178361,33.741371118027537,390.711289972174256],[-112.322197312178361,33.741371118027537,389.87698841526759],[-112.322202655487459,33.741365834775138,389.87698841526759],[-112.322202655487459,33.741365834775138,390.711289972174256]]]}},
{"type":"Feature","properties":{"id":7300902.0,"type":"R3-7R","creator":null,"traffic_sign_pole_id":null,"text":"RIGHT LANE MUST TURN RIGHT","train":null,"width":104.31,"height":103.04,"lane_id":null,"ground_height":null,"stop_line_id":null,"att_editor":null},"geometry":{"type":"Polygon","coordinates":[[[-112.321913672243184,33.741680915564928,391.1159128000387],[-112.321905943307328,33.741674075466243,391.1159128000387],[-112.321905943307328,33.741674075466243,390.085476359591269],[-112.321913672243184,33.741680915564928,390.085476359591269],[-112.321913672243184,33.741680915564928,391.1159128000387]]]}},
{"type":"Feature","properties":{"id":7300904.0,"type":"R4-7","creator":null,"traffic_sign_pole_id":null,"text":null,"train":null,"width":74.29,"height":89.6,"lane_id":null,"ground_height":null,"stop_line_id":null,"att_editor":null},"geometry":{"type":"Polygon","coordinates":[[[-112.321894508430617,33.741990538764938,391.729527231573002],[-112.321900793844463,33.741994698469753,391.729527231573002],[-112.321900793844463,33.741994698469753,390.833573377998903],[-112.321894508430617,33.741990538764938,390.833573377998903],[-112.321894508430617,33.741990538764938,391.729527231573002]]]}},
{"type":"Feature","properties":{"id":7300906.0,"type":"OM3-L","creator":null,"traffic_sign_pole_id":null,"text":null,"train":null,"width":36.76,"height":92.66,"lane_id":null,"ground_height":null,"stop_line_id":null,"att_editor":null},"geometry":{"type":"Polygon","coordinates":[[[-112.321895739594126,33.741991353552507,390.756996125556668],[-112.32189884990197,33.741993411963136,390.756996125556668],[-112.32189884990197,33.741993411963136,389.830411371005653],[-112.321895739594126,33.741991353552507,389.830411371005653],[-112.321895739594126,33.741991353552507,390.756996125556668]]]}},
{"type":"Feature","properties":{"id":7300908.0,"type":"R1-1","creator":null,"traffic_sign_pole_id":null,"text":"STOP","train":null,"width":75.51,"height":81.66,"lane_id":null,"ground_height":null,"stop_line_id":null,"att_editor":null},"geometry":{"type":"Polygon","coordinates":[[[-112.321984512151687,33.74217391750463,391.255627463476401],[-112.32199128215295,33.742170125108224,391.255627463476401],[-112.32199128215295,33.742170125108224,390.439037211455968],[-112.321984512151687,33.74217391750463,390.439037211455968],[-112.321984512151687,33.74217391750463,391.255627463476401]]]}},
{"type":"Feature","properties":{"id":7300910.0,"type":"R3-7R","creator":null,"traffic_sign_pole_id":null,"text":"RIGHT LANE MUST TURN RIGHT","train":null,"width":109.82,"height":101.93,"lane_id":null,"ground_height":null,"stop_line_id":null,"att_editor":null},"geometry":{"type":"Polygon","coordinates":[[[-112.322223015303152,33.741980958053176,391.159752298190767],[-112.322230806959496,33.741988420941254,391.159752298190767],[-112.322230806959496,33.741988420941254,390.140460308567015],[-112.322223015303152,33.741980958053176,390.140460308567015],[-112.322223015303152,33.741980958053176,391.159752298190767]]]}},
{"type":"Feature","properties":{"id":7300912.0,"type":"R1-1","creator":null,"traffic_sign_pole_id":null,"text":"STOP","train":null,"width":77.02,"height":81.47,"lane_id":null,"ground_height":null,"stop_line_id":null,"att_editor":null},"geometry":{"type":"Polygon","coordinates":[[[-112.32151020893177,33.742000064818534,391.274440139743888],[-112.321504623469252,33.742005209389845,391.274440139743888],[-112.321504623469252,33.742005209389845,390.459783544546497],[-112.32151020893177,33.742000064818534,390.459783544546497],[-112.32151020893177,33.742000064818534,391.274440139743888]]]}},
{"type":"Feature","properties":{"id":7300914.0,"type":"R4-7","creator":null,"traffic_sign_pole_id":null,"text":null,"train":null,"width":67.5,"height":86.39,"lane_id":null,"ground_height":null,"stop_line_id":null,"att_editor":null},"geometry":{"type":"Polygon","coordinates":[[[-112.321660351121182,33.742194574589107,391.819033938993869],[-112.321654504458124,33.74219094279907,391.819033938993869],[-112.321654504458124,33.74219094279907,390.955152292243213],[-112.321660351121182,33.742194574589107,390.955152292243213],[-112.321660351121182,33.742194574589107,391.819033938993869]]]}},
{"type":"Feature","properties":{"id":7300916.0,"type":"OM3-L","creator":null,"traffic_sign_pole_id":null,"text":null,"train":null,"width":39.15,"height":96.51,"lane_id":null,"ground_height":null,"stop_line_id":null,"att_editor":null},"geometry":{"type":"Polygon","coordinates":[[[-112.321659064855268,33.742193775595339,390.853916161764687],[-112.321655673790687,33.742191669157101,390.853916161764687],[-112.321655673790687,33.742191669157101,389.888798384535448],[-112.321659064855268,33.742193775595339,389.888798384535448],[-112.321659064855268,33.742193775595339,390.853916161764687]]]}},
{"type":"Feature","properties":{"id":7300918.0,"type":"R3-17","creator":null,"traffic_sign_pole_id":null,"text":"BIKE LANE","train":null,"width":71.26,"height":52.7,"lane_id":null,"ground_height":null,"stop_line_id":null,"att_editor":null},"geometry":{"type":"Polygon","coordinates":[[[-112.32102244673537,33.743026407536171,391.960371445324654],[-112.321027853352277,33.743030978886445,391.960371445324654],[-112.321027853352277,33.743030978886445,391.433362242634132],[-112.32102244673537,33.743026407536171,391.433362242634132],[-112.32102244673537,33.743026407536171,391.960371445324654]]]}},
{"type":"Feature","properties":{"id":7300920.0,"type":"R3-7R","creator":null,"traffic_sign_pole_id":null,"text":"RIGHT LANE MUST TURN RIGHT","train":null,"width":100.25,"height":89.94,"lane_id":null,"ground_height":null,"stop_line_id":null,"att_editor":null},"geometry":{"type":"Polygon","coordinates":[[[-112.321676376626073,33.742470826840041,391.438318418627944],[-112.321682608150226,33.742478217575645,391.438318418627944],[-112.321682608150226,33.742478217575645,390.538903847730808],[-112.321676376626073,33.742470826840041,390.538903847730808],[-112.321676376626073,33.742470826840041,391.438318418627944]]]}},
{"type":"Feature","properties":{"id":7300922.0,"type":"R3-7R","creator":null,"traffic_sign_pole_id":null,"text":"RIGHT LANE MUST TURN RIGHT","train":null,"width":117.28,"height":113.94,"lane_id":null,"ground_height":null,"stop_line_id":null,"att_editor":null},"geometry":{"type":"Polygon","coordinates":[[[-112.319863349597313,33.743561185324701,393.438021770688749],[-112.319855027683133,33.743553216050366,393.438021770688749],[-112.319855027683133,33.743553216050366,392.298640213466228],[-112.319863349597313,33.743561185324701,392.298640213466228],[-112.319863349597313,33.743561185324701,393.438021770688749]]]}},
{"type":"Feature","properties":{"id":7300924.0,"type":"R6-1R","creator":null,"traffic_sign_pole_id":null,"text":"ONE WAY","train":null,"width":140.51,"height":50.94,"lane_id":null,"ground_height":null,"stop_line_id":null,"att_editor":null},"geometry":{"type":"Polygon","coordinates":[[[-112.319299781122595,33.74435995611838,394.003176003663725],[-112.319291461235579,33.744370550763449,394.003176003663725],[-112.319291461235579,33.744370550763449,393.493760416393457],[-112.319299781122595,33.74435995611838,393.493760416393457],[-112.319299781122595,33.74435995611838,394.003176003663725]]]}},
{"type":"Feature","properties":{"id":7300926.0,"type":"R2-1","creator":null,"traffic_sign_pole_id":null,"text":"SPEED LIMIT 45","train":null,"width":77.08,"height":94.51,"lane_id":null,"ground_height":null,"stop_line_id":null,"att_editor":null},"geometry":{"type":"Polygon","coordinates":[[[-112.319414450356959,33.744573126153455,394.26107909850549],[-112.3194206811133,33.744577732698914,394.26107909850549],[-112.3194206811133,33.744577732698914,393.316020238430667],[-112.319414450356959,33.744573126153455,393.316020238430667],[-112.319414450356959,33.744573126153455,394.26107909850549]]]}},
{"type":"Feature","properties":{"id":7300928.0,"type":"R3-7R","creator":null,"traffic_sign_pole_id":null,"text":"RIGHT LANE MUST TURN RIGHT","train":null,"width":105.24,"height":94.02,"lane_id":null,"ground_height":null,"stop_line_id":null,"att_editor":null},"geometry":{"type":"Polygon","coordinates":[[[-112.318842818127166,33.744653177658826,394.888302083590531],[-112.318834631211956,33.744646597780175,394.888302083590531],[-112.318834631211956,33.744646597780175,393.948093631161044],[-112.318842818127166,33.744653177658826,393.948093631161044],[-112.318842818127166,33.744653177658826,394.888302083590531]]]}},
{"type":"Feature","properties":{"id":7300930.0,"type":"R4-7","creator":null,"traffic_sign_pole_id":null,"text":null,"train":null,"width":71.17,"height":86.84,"lane_id":null,"ground_height":null,"stop_line_id":null,"att_editor":null},"geometry":{"type":"Polygon","coordinates":[[[-112.318560555534177,33.745343090154805,395.860329667835913],[-112.318567016947952,33.745346561623457,395.860329667835913],[-112.318567016947952,33.745346561623457,394.991915324207184],[-112.318560555534177,33.745343090154805,394.991915324207184],[-112.318560555534177,33.745343090154805,395.860329667835913]]]}},
{"type":"Feature","properties":{"id":7300932.0,"type":"OM3-L","creator":null,"traffic_sign_pole_id":null,"text":null,"train":null,"width":33.17,"height":90.46,"lane_id":null,"ground_height":null,"stop_line_id":null,"att_editor":null},"geometry":{"type":"Polygon","coordinates":[[[-112.318562307781932,33.745344031570077,394.76275042797181],[-112.318565319457832,33.745345649627488,394.76275042797181],[-112.318565319457832,33.745345649627488,393.858152153358503],[-112.318562307781932,33.745344031570077,393.858152153358503],[-112.318562307781932,33.745344031570077,394.76275042797181]]]}},
{"type":"Feature","properties":{"id":7300934.0,"type":"R4-7","creator":null,"traffic_sign_pole_id":null,"text":null,"train":null,"width":72.52,"height":94.36,"lane_id":null,"ground_height":null,"stop_line_id":null,"att_editor":null},"geometry":{"type":"Polygon","coordinates":[[[-112.318596666702248,33.745651637025261,395.359382656774073],[-112.318592065243848,33.745656927253343,395.359382656774073],[-112.318592065243848,33.745656927253343,394.415759185896491],[-112.318596666702248,33.745651637025261,394.415759185896491],[-112.318596666702248,33.745651637025261,395.359382656774073]]]}},
{"type":"Feature","properties":{"id":7300936.0,"type":"OM3-L","creator":null,"traffic_sign_pole_id":null,"text":null,"train":null,"width":40.73,"height":93.37,"lane_id":null,"ground_height":null,"stop_line_id":null,"att_editor":null},"geometry":{"type":"Polygon","coordinates":[[[-112.318595532096126,33.745652941465082,394.326363278129179],[-112.318592947715359,33.745655912689074,394.326363278129179],[-112.318592947715359,33.745655912689074,393.392672685892421],[-112.318595532096126,33.745652941465082,393.392672685892421],[-112.318595532096126,33.745652941465082,394.326363278129179]]]}},
{"type":"Feature","properties":{"id":7300938.0,"type":"R4-7","creator":null,"traffic_sign_pole_id":null,"text":"","train":null,"width":74.72,"height":62.88,"lane_id":null,"ground_height":null,"stop_line_id":null,"att_editor":null},"geometry":{"type":"Polygon","coordinates":[[[-112.318555973992332,33.745764598450457,395.157691287161981],[-112.318550663607923,33.745769670146935,395.157691287161981],[-112.318550663607923,33.745769670146935,394.528847078044805],[-112.318555973992332,33.745764598450457,394.528847078044805],[-112.318555973992332,33.745764598450457,395.157691287161981]]]}},
{"type":"Feature","properties":{"id":7300940.0,"type":"R2-1","creator":null,"traffic_sign_pole_id":null,"text":"SPEED LIMIT 45","train":null,"width":87.22,"height":111.83,"lane_id":null,"ground_height":null,"stop_line_id":null,"att_editor":null},"geometry":{"type":"Polygon","coordinates":[[[-112.317088408718647,33.746988586857448,397.724071271906553],[-112.317080820238104,33.746983930942612,397.724071271906553],[-112.317080820238104,33.746983930942612,396.605776488442018],[-112.317088408718647,33.746988586857448,396.605776488442018],[-112.317088408718647,33.746988586857448,397.724071271906553]]]}},
{"type":"Feature","properties":{"id":7300942.0,"type":"R3-7R","creator":null,"traffic_sign_pole_id":null,"text":"RIGHT LANE MUST TURN RIGHT","train":null,"width":85.98,"height":84.89,"lane_id":null,"ground_height":null,"stop_line_id":null,"att_editor":null},"geometry":{"type":"Polygon","coordinates":[[[-112.315904811732665,33.749045003398805,399.896723216882265],[-112.315896699957435,33.74904123628437,399.896723216882265],[-112.315896699957435,33.74904123628437,399.047800902533822],[-112.315904811732665,33.749045003398805,399.047800902533822],[-112.315904811732665,33.749045003398805,399.896723216882265]]]}},
{"type":"Feature","properties":{"id":7300944.0,"type":"R4-7","creator":null,"traffic_sign_pole_id":null,"text":null,"train":null,"width":63.32,"height":81.85,"lane_id":null,"ground_height":null,"stop_line_id":null,"att_editor":null},"geometry":{"type":"Polygon","coordinates":[[[-112.315954588205287,33.749443039447762,400.793934478427047],[-112.315960821971785,33.749445382069887,400.793934478427047],[-112.315960821971785,33.749445382069887,399.975476842505429],[-112.315954588205287,33.749443039447762,399.975476842505429],[-112.315954588205287,33.749443039447762,400.793934478427047]]]}},
{"type":"Feature","properties":{"id":7300946.0,"type":"OM3-L","creator":null,"traffic_sign_pole_id":null,"text":null,"train":null,"width":33.98,"height":84.16,"lane_id":null,"ground_height":null,"stop_line_id":null,"att_editor":null},"geometry":{"type":"Polygon","coordinates":[[[-112.315956716808444,33.74944383936753,399.774723082750995],[-112.315960061756343,33.749445096384271,399.774723082750995],[-112.315960061756343,33.749445096384271,398.933101551473101],[-112.315956716808444,33.74944383936753,398.933101551473101],[-112.315956716808444,33.74944383936753,399.774723082750995]]]}},
{"type":"Feature","properties":{"id":7300948.0,"type":"R4-7","creator":null,"traffic_sign_pole_id":null,"text":null,"train":null,"width":74.14,"height":90.44,"lane_id":null,"ground_height":null,"stop_line_id":null,"att_editor":null},"geometry":{"type":"Polygon","coordinates":[[[-112.316116053588019,33.749741561535799,400.374194157551926],[-112.31611319830445,33.749747807116783,400.374194157551926],[-112.31611319830445,33.749747807116783,399.46979517726021],[-112.316116053588019,33.749741561535799,399.46979517726021],[-112.316116053588019,33.749741561535799,400.374194157551926]]]}},
{"type":"Feature","properties":{"id":7300950.0,"type":"OM3-L","creator":null,"traffic_sign_pole_id":null,"text":null,"train":null,"width":32.62,"height":86.73,"lane_id":null,"ground_height":null,"stop_line_id":null,"att_editor":null},"geometry":{"type":"Polygon","coordinates":[[[-112.316114997133127,33.749743872400792,399.403077219697707],[-112.316113740808362,33.749746620456406,399.403077219697707],[-112.316113740808362,33.749746620456406,398.535743771385114],[-112.316114997133127,33.749743872400792,398.535743771385114],[-112.316114997133127,33.749743872400792,399.403077219697707]]]}},
{"type":"Feature","properties":{"id":7300952.0,"type":"R3-17","creator":null,"traffic_sign_pole_id":null,"text":"BIKE LANE","train":null,"width":84.27,"height":62.84,"lane_id":null,"ground_height":null,"stop_line_id":null,"att_editor":null},"geometry":{"type":"Polygon","coordinates":[[[-112.316122462579074,33.749496842036244,400.215181633057398],[-112.316130539360657,33.749500338552494,400.215181633057398],[-112.316130539360657,33.749500338552494,399.586792122711984],[-112.316122462579074,33.749496842036244,399.586792122711984],[-112.316122462579074,33.749496842036244,400.215181633057398]]]}},
{"type":"Feature","properties":{"id":7300954.0,"type":"R4-7","creator":null,"traffic_sign_pole_id":null,"text":null,"train":null,"width":69.53,"height":84.56,"lane_id":null,"ground_height":null,"stop_line_id":null,"att_editor":null},"geometry":{"type":"Polygon","coordinates":[[[-112.315735659513535,33.749825608483768,401.09372076142995],[-112.315729109608895,33.749822546085653,401.09372076142995],[-112.315729109608895,33.749822546085653,400.248142273034148],[-112.315735659513535,33.749825608483768,400.248142273034148],[-112.315735659513535,33.749825608483768,401.09372076142995]]]}},
{"type":"Feature","properties":{"id":7300956.0,"type":"OM3-L","creator":null,"traffic_sign_pole_id":null,"text":null,"train":null,"width":36.33,"height":87.06,"lane_id":null,"ground_height":null,"stop_line_id":null,"att_editor":null},"geometry":{"type":"Polygon","coordinates":[[[-112.315734302326049,33.749824973932839,400.097817208430399],[-112.315730879853348,33.749823373760862,400.097817208430399],[-112.315730879853348,33.749823373760862,399.227184542600639],[-112.315734302326049,33.749824973932839,399.227184542600639],[-112.315734302326049,33.749824973932839,400.097817208430399]]]}},
{"type":"Feature","properties":{"id":7300958.0,"type":"R3-17","creator":null,"traffic_sign_pole_id":null,"text":"BIKE LANE","train":null,"width":84.41,"height":57.71,"lane_id":null,"ground_height":null,"stop_line_id":null,"att_editor":null},"geometry":{"type":"Polygon","coordinates":[[[-112.315549991711777,33.749785322759195,400.522762669480812],[-112.315542096720591,33.749781521369037,400.522762669480812],[-112.315542096720591,33.749781521369037,399.945700908992592],[-112.315549991711777,33.749785322759195,399.945700908992592],[-112.315549991711777,33.749785322759195,400.522762669480812]]]}},
{"type":"Feature","properties":{"id":7300960.0,"type":"R3-7R","creator":null,"traffic_sign_pole_id":null,"text":"RIGHT LANE MUST TURN RIGHT","train":null,"width":89.18,"height":79.81,"lane_id":null,"ground_height":null,"stop_line_id":null,"att_editor":null},"geometry":{"type":"Polygon","coordinates":[[[-112.315702487246128,33.750416006320833,401.331989286813439],[-112.315710804743787,33.750420055016129,401.331989286813439],[-112.315710804743787,33.750420055016129,400.533855218248846],[-112.315702487246128,33.750416006320833,400.533855218248846],[-112.315702487246128,33.750416006320833,401.331989286813439]]]}},
{"type":"Feature","properties":{"id":7300962.0,"type":"R6-1R","creator":null,"traffic_sign_pole_id":null,"text":"ONE WAY","train":null,"width":143.18,"height":49.89,"lane_id":null,"ground_height":null,"stop_line_id":null,"att_editor":null},"geometry":{"type":"Polygon","coordinates":[[[-112.314827800544293,33.751483897599286,402.622822320534908],[-112.314821545529156,33.751495704407233,402.622822320534908],[-112.314821545529156,33.751495704407233,402.123916961445047],[-112.314827800544293,33.751483897599286,402.123916961445047],[-112.314827800544293,33.751483897599286,402.622822320534908]]]}},
{"type":"Feature","properties":{"id":7300964.0,"type":"R3-7R","creator":null,"traffic_sign_pole_id":null,"text":"RIGHT LANE MUST TURN RIGHT","train":null,"width":114.24,"height":103.78,"lane_id":null,"ground_height":null,"stop_line_id":null,"att_editor":null},"geometry":{"type":"Polygon","coordinates":[[[-112.314480861288587,33.751844363017128,403.967792905240685],[-112.314469544738344,33.751840267647459,403.967792905240685],[-112.314469544738344,33.751840267647459,402.930001810538215],[-112.314480861288587,33.751844363017128,402.930001810538215],[-112.314480861288587,33.751844363017128,403.967792905240685]]]}},
{"type":"Feature","properties":{"id":7300966.0,"type":"OM3-L","creator":null,"traffic_sign_pole_id":null,"text":null,"train":null,"width":44.05,"height":96.04,"lane_id":null,"ground_height":null,"stop_line_id":null,"att_editor":null},"geometry":{"type":"Polygon","coordinates":[[[-112.31434395361363,33.752407986632662,404.002706158153273],[-112.314339503982964,33.752406585065536,404.002706158153273],[-112.314339503982964,33.752406585065536,403.042348659330003],[-112.31434395361363,33.752407986632662,403.042348659330003],[-112.31434395361363,33.752407986632662,404.002706158153273]]]}},
{"type":"Feature","properties":{"id":7300968.0,"type":"R6-1R","creator":null,"traffic_sign_pole_id":null,"text":"ONE WAY","train":null,"width":139.66,"height":52.45,"lane_id":null,"ground_height":null,"stop_line_id":null,"att_editor":null},"geometry":{"type":"Polygon","coordinates":[[[-112.314335981294022,33.752415542309436,404.600770018555636],[-112.314330499431421,33.752427274728369,404.600770018555636],[-112.314330499431421,33.752427274728369,404.076231076448835],[-112.314335981294022,33.752415542309436,404.076231076448835],[-112.314335981294022,33.752415542309436,404.600770018555636]]]}},
{"type":"Feature","properties":{"id":7300970.0,"type":"R4-7","creator":null,"traffic_sign_pole_id":null,"text":null,"train":null,"width":77.68,"height":97.52,"lane_id":null,"ground_height":null,"stop_line_id":null,"att_editor":null},"geometry":{"type":"Polygon","coordinates":[[[-112.314433416545398,33.75252093572449,405.001382561770811],[-112.314441378786285,33.752523133388706,405.001382561770811],[-112.314441378786285,33.752523133388706,404.026191799161666],[-112.314433416545398,33.75252093572449,404.026191799161666],[-112.314433416545398,33.75252093572449,405.001382561770811]]]}},
{"type":"Feature","properties":{"id":7300972.0,"type":"OM3-C","creator":null,"traffic_sign_pole_id":null,"text":null,"train":null,"width":41.43,"height":94.07,"lane_id":null,"ground_height":null,"stop_line_id":null,"att_editor":null},"geometry":{"type":"Polygon","coordinates":[[[-112.314435008993541,33.752521375257366,403.568801441477717],[-112.314439255522004,33.752522547344959,403.568801441477717],[-112.314439255522004,33.752522547344959,402.628130705863555],[-112.314435008993541,33.752521375257366,402.628130705863555],[-112.314435008993541,33.752521375257366,403.568801441477717]]]}},
{"type":"Feature","properties":{"id":7300974.0,"type":"R2-1","creator":null,"traffic_sign_pole_id":null,"text":"SPEED LIMIT 45","train":null,"width":93.76,"height":113.99,"lane_id":null,"ground_height":null,"stop_line_id":null,"att_editor":null},"geometry":{"type":"Polygon","coordinates":[[[-112.314426318955384,33.752872220343363,405.144242297736412],[-112.314435590950765,33.752875610653284,405.144242297736412],[-112.314435590950765,33.752875610653284,404.004365871732773],[-112.314426318955384,33.752872220343363,404.004365871732773],[-112.314426318955384,33.752872220343363,405.144242297736412]]]}},
{"type":"Feature","properties":{"id":7300976.0,"type":"R4-7","creator":null,"traffic_sign_pole_id":null,"text":null,"train":null,"width":73.26,"height":92.74,"lane_id":null,"ground_height":null,"stop_line_id":null,"att_editor":null},"geometry":{"type":"Polygon","coordinates":[[[-112.314010929653406,33.754066442373151,406.8914625937594],[-112.314007482762179,33.754072388447298,406.8914625937594],[-112.314007482762179,33.754072388447298,405.964090163062565],[-112.314010929653406,33.754066442373151,405.964090163062565],[-112.314010929653406,33.754066442373151,406.8914625937594]]]}},
{"type":"Feature","properties":{"id":7300978.0,"type":"OM3-L","creator":null,"traffic_sign_pole_id":null,"text":null,"train":null,"width":35.85,"height":88.06,"lane_id":null,"ground_height":null,"stop_line_id":null,"att_editor":null},"geometry":{"type":"Polygon","coordinates":[[[-112.314010012927056,33.754068023775858,405.917331889245986],[-112.3140083261505,33.754070933556832,405.917331889245986],[-112.3140083261505,33.754070933556832,405.036717732365787],[-112.314010012927056,33.754068023775858,405.036717732365787],[-112.314010012927056,33.754068023775858,405.917331889245986]]]}},
{"type":"Feature","properties":{"id":7300980.0,"type":"R4-7","creator":null,"traffic_sign_pole_id":null,"text":null,"train":null,"width":80.65,"height":95.63,"lane_id":null,"ground_height":null,"stop_line_id":null,"att_editor":null},"geometry":{"type":"Polygon","coordinates":[[[-112.313528342688372,33.75420643737656,407.323215854567422],[-112.313520453183585,33.754203361516851,407.323215854567422],[-112.313520453183585,33.754203361516851,406.366945957701887],[-112.313528342688372,33.75420643737656,406.366945957701887],[-112.313528342688372,33.75420643737656,407.323215854567422]]]}},
{"type":"Feature","properties":{"id":7300982.0,"type":"OM3-L","creator":null,"traffic_sign_pole_id":null,"text":null,"train":null,"width":32.83,"height":87.78,"lane_id":null,"ground_height":null,"stop_line_id":null,"att_editor":null},"geometry":{"type":"Polygon","coordinates":[[[-112.313526108492269,33.754205566336687,406.30271887507655],[-112.313522896835451,33.754204314216821,406.30271887507655],[-112.313522896835451,33.754204314216821,405.424948745864071],[-112.313526108492269,33.754205566336687,405.424948745864071],[-112.313526108492269,33.754205566336687,406.30271887507655]]]}},
{"type":"Feature","properties":{"id":7300984.0,"type":"R4-7","creator":null,"traffic_sign_pole_id":null,"text":null,"train":null,"width":68.15,"height":84.96,"lane_id":null,"ground_height":null,"stop_line_id":null,"att_editor":null},"geometry":{"type":"Polygon","coordinates":[[[-112.313375096844638,33.753816646339331,406.698245258015561],[-112.313376963155179,33.753810701384282,406.698245258015561],[-112.313376963155179,33.753810701384282,405.848605573388681],[-112.313375096844638,33.753816646339331,405.848605573388681],[-112.313375096844638,33.753816646339331,406.698245258015561]]]}},
{"type":"Feature","properties":{"id":7300986.0,"type":"OM3-L","creator":null,"traffic_sign_pole_id":null,"text":null,"train":null,"width":37.18,"height":83.19,"lane_id":null,"ground_height":null,"stop_line_id":null,"att_editor":null},"geometry":{"type":"Polygon","coordinates":[[[-112.313375484649441,33.753815411023986,405.822054333244125],[-112.313376502637027,33.75381216832124,405.822054333244125],[-112.313376502637027,33.75381216832124,404.990115475380321],[-112.313375484649441,33.753815411023986,404.990115475380321],[-112.313375484649441,33.753815411023986,405.822054333244125]]]}},
{"type":"Feature","properties":{"id":7300988.0,"type":"R3-17","creator":null,"traffic_sign_pole_id":null,"text":"BIKE LANE","train":null,"width":74.53,"height":58.15,"lane_id":null,"ground_height":null,"stop_line_id":null,"att_editor":null},"geometry":{"type":"Polygon","coordinates":[[[-112.313448715032948,33.753676336873596,406.40632983437979],[-112.313451813950167,33.753670134073495,406.40632983437979],[-112.313451813950167,33.753670134073495,405.824791090188114],[-112.313448715032948,33.753676336873596,405.824791090188114],[-112.313448715032948,33.753676336873596,406.40632983437979]]]}},
{"type":"Feature","properties":{"id":7300990.0,"type":"R3-17","creator":null,"traffic_sign_pole_id":null,"text":"BIKE LANE","train":null,"width":86.26,"height":64.23,"lane_id":null,"ground_height":null,"stop_line_id":null,"att_editor":null},"geometry":{"type":"Polygon","coordinates":[[[-112.313936992761867,33.754210802163897,406.771020631474642],[-112.313932329251855,33.754217535534153,406.771020631474642],[-112.313932329251855,33.754217535534153,406.128690309852402],[-112.313936992761867,33.754210802163897,406.128690309852402],[-112.313936992761867,33.754210802163897,406.771020631474642]]]}},
{"type":"Feature","properties":{"id":7300992.0,"type":"R3-7R","creator":null,"traffic_sign_pole_id":null,"text":"RIGHT LANE MUST TURN RIGHT","train":null,"width":111.78,"height":98.84,"lane_id":null,"ground_height":null,"stop_line_id":null,"att_editor":null},"geometry":{"type":"Polygon","coordinates":[[[-112.312281514236645,33.753251383461141,405.875748457826205],[-112.312287591126562,33.753242674811204,405.875748457826205],[-112.312287591126562,33.753242674811204,404.887364775959554],[-112.312281514236645,33.753251383461141,404.887364775959554],[-112.312281514236645,33.753251383461141,405.875748457826205]]]}},
{"type":"Feature","properties":{"id":7300994.0,"type":"R3-7R","creator":null,"traffic_sign_pole_id":null,"text":"RIGHT LANE MUST TURN RIGHT","train":null,"width":121.67,"height":106.89,"lane_id":null,"ground_height":null,"stop_line_id":null,"att_editor":null},"geometry":{"type":"Polygon","coordinates":[[[-112.31252860842919,33.753785749954325,406.693445714199243],[-112.312522288797965,33.75379536846394,406.693445714199243],[-112.312522288797965,33.75379536846394,405.624582631651435],[-112.31252860842919,33.753785749954325,405.624582631651435],[-112.31252860842919,33.753785749954325,406.693445714199243]]]}},
{"type":"Feature","properties":{"id":7300996.0,"type":"R1-1","creator":null,"traffic_sign_pole_id":null,"text":"STOP","train":null,"width":97.48,"height":103.25,"lane_id":null,"ground_height":null,"stop_line_id":null,"att_editor":null},"geometry":{"type":"Polygon","coordinates":[[[-112.311872722077055,33.75040700727812,402.911886669334592],[-112.311876435971413,33.750398782305886,402.911886669334592],[-112.311876435971413,33.750398782305886,401.879397173162488],[-112.311872722077055,33.75040700727812,401.879397173162488],[-112.311872722077055,33.75040700727812,402.911886669334592]]]}},
{"type":"Feature","properties":{"id":7300998.0,"type":"W11-19","creator":null,"traffic_sign_pole_id":null,"text":null,"train":null,"width":131.71,"height":129.02,"lane_id":null,"ground_height":null,"stop_line_id":null,"att_editor":null},"geometry":{"type":"Polygon","coordinates":[[[-112.31168602699077,33.753107702466295,405.360942027579881],[-112.311691081314393,33.753096601167677,405.360942027579881],[-112.311691081314393,33.753096601167677,404.070723920129353],[-112.31168602699077,33.753107702466295,404.070723920129353],[-112.31168602699077,33.753107702466295,405.360942027579881]]]}},
{"type":"Feature","properties":{"id":7301000.0,"type":"W7-3aP","creator":null,"traffic_sign_pole_id":null,"text":"NEXT 1 MILE","train":null,"width":72.21,"height":52.81,"lane_id":null,"ground_height":null,"stop_line_id":null,"att_editor":null},"geometry":{"type":"Polygon","coordinates":[[[-112.311687181531809,33.753105166636679,404.070723920129353],[-112.311689952430044,33.753099080645569,404.070723920129353],[-112.311689952430044,33.753099080645569,403.542603554903451],[-112.311687181531809,33.753105166636679,403.542603554903451],[-112.311687181531809,33.753105166636679,404.070723920129353]]]}},
{"type":"Feature","properties":{"id":7301002.0,"type":"R3-7R","creator":null,"traffic_sign_pole_id":null,"text":"RIGHT LANE MUST TURN RIGHT","train":null,"width":110.55,"height":97.24,"lane_id":null,"ground_height":null,"stop_line_id":null,"att_editor":null},"geometry":{"type":"Polygon","coordinates":[[[-112.311051081325587,33.752842085589258,403.230510913607986],[-112.311057453379064,33.752833656758924,403.230510913607986],[-112.311057453379064,33.752833656758924,402.258123010964766],[-112.311051081325587,33.752842085589258,402.258123010964766],[-112.311051081325587,33.752842085589258,403.230510913607986]]]}},
{"type":"Feature","properties":{"id":7301004.0,"type":"R1-1","creator":null,"traffic_sign_pole_id":null,"text":"STOP","train":null,"width":108.7,"height":105.73,"lane_id":null,"ground_height":null,"stop_line_id":null,"att_editor":null},"geometry":{"type":"Polygon","coordinates":[[[-112.310534940689536,33.752611271543543,402.453593596126836],[-112.31052388913109,33.752607975914174,402.453593596126836],[-112.31052388913109,33.752607975914174,401.396274004293844],[-112.310534940689536,33.752611271543543,401.396274004293844],[-112.310534940689536,33.752611271543543,402.453593596126836]]]}},
{"type":"Feature","properties":{"id":7301006.0,"type":"OM3-C","creator":null,"traffic_sign_pole_id":null,"text":null,"train":null,"width":43.61,"height":97.76,"lane_id":null,"ground_height":null,"stop_line_id":null,"att_editor":null},"geometry":{"type":"Polygon","coordinates":[[[-112.310237429682999,33.752835122389456,401.377427224035273],[-112.310235731520379,33.752838790314854,401.377427224035273],[-112.310235731520379,33.752838790314854,400.399798451069387],[-112.310237429682999,33.752835122389456,400.399798451069387],[-112.310237429682999,33.752835122389456,401.377427224035273]]]}},
{"type":"Feature","properties":{"id":7301008.0,"type":"R3-17","creator":null,"traffic_sign_pole_id":null,"text":"BIKE LANE","train":null,"width":57.76,"height":42.49,"lane_id":null,"ground_height":null,"stop_line_id":null,"att_editor":null},"geometry":{"type":"Polygon","coordinates":[[[-112.309716964033328,33.752774026743786,400.801343737497575],[-112.309714955487706,33.752778958017132,400.801343737497575],[-112.309714955487706,33.752778958017132,400.376461219782129],[-112.309716964033328,33.752774026743786,400.376461219782129],[-112.309716964033328,33.752774026743786,400.801343737497575]]]}},
{"type":"Feature","properties":{"id":7301010.0,"type":"R2-1","creator":null,"traffic_sign_pole_id":null,"text":"SPEED LIMIT 35","train":null,"width":88.14,"height":116.49,"lane_id":null,"ground_height":null,"stop_line_id":null,"att_editor":null},"geometry":{"type":"Polygon","coordinates":[[[-112.310904577356055,33.752212085950148,402.909442342919817],[-112.310913484177675,33.752214881395346,402.909442342919817],[-112.310913484177675,33.752214881395346,401.744524926551094],[-112.310904577356055,33.752212085950148,401.744524926551094],[-112.310904577356055,33.752212085950148,402.909442342919817]]]}},
{"type":"Feature","properties":{"id":7301012.0,"type":"R3-17","creator":null,"traffic_sign_pole_id":null,"text":"BIKE LANE","train":null,"width":70.33,"height":52.54,"lane_id":null,"ground_height":null,"stop_line_id":null,"att_editor":null},"geometry":{"type":"Polygon","coordinates":[[[-112.310749199178829,33.752161158000654,402.225047041210871],[-112.310742132020039,33.752158840219003,402.225047041210871],[-112.310742132020039,33.752158840219003,401.69964857730497],[-112.310749199178829,33.752161158000654,401.69964857730497],[-112.310749199178829,33.752161158000654,402.225047041210871]]]}},
{"type":"Feature","properties":{"id":7301014.0,"type":"R3-17","creator":null,"traffic_sign_pole_id":null,"text":"BIKE LANE","train":null,"width":64.66,"height":45.47,"lane_id":null,"ground_height":null,"stop_line_id":null,"att_editor":null},"geometry":{"type":"Polygon","coordinates":[[[-112.311552944471288,33.750486241832348,402.489540409438177],[-112.311546451877618,33.750484100514761,402.489540409438177],[-112.311546451877618,33.750484100514761,402.034823740002594],[-112.311552944471288,33.750486241832348,402.034823740002594],[-112.311552944471288,33.750486241832348,402.489540409438177]]]}},
{"type":"Feature","properties":{"id":7301016.0,"type":"W16-1P","creator":null,"traffic_sign_pole_id":null,"text":"425 FEET","train":null,"width":90.46,"height":76.68,"lane_id":null,"ground_height":null,"stop_line_id":null,"att_editor":null},"geometry":{"type":"Polygon","coordinates":[[[-112.227381681615398,33.725139283963507,390.227286888731896],[-112.227381742917359,33.725131126571362,390.227286888731896],[-112.227381742917359,33.725131126571362,389.460440761098369],[-112.227381681615398,33.725139283963507,389.460440761098369],[-112.227381681615398,33.725139283963507,390.227286888731896]]]}},
{"type":"Feature","properties":{"id":7301018.0,"type":"R4-4","creator":null,"traffic_sign_pole_id":null,"text":"BEGIN RIGHT TURN LANE YIELD TO BIKES","train":null,"width":121.67,"height":95.05,"lane_id":null,"ground_height":null,"stop_line_id":null,"att_editor":null},"geometry":{"type":"Polygon","coordinates":[[[-112.202970349333711,33.71260874156588,394.380953371314149],[-112.202970349333711,33.71260874156588,393.430407750054258],[-112.202957263928923,33.712607844467009,393.430407750054258],[-112.202957263928923,33.712607844467009,394.380953371314149],[-112.202970349333711,33.71260874156588,394.380953371314149]]]}},
{"type":"Feature","properties":{"id":7301020.0,"type":"R4-4","creator":null,"traffic_sign_pole_id":null,"text":"BEGIN RIGHT TURN LANE YIELD TO BIKES","train":null,"width":116.7,"height":95.93,"lane_id":null,"ground_height":null,"stop_line_id":null,"att_editor":null},"geometry":{"type":"Polygon","coordinates":[[[-112.20300611313678,33.713501783147564,395.160490870553474],[-112.20300611313678,33.713501783147564,394.201208275979695],[-112.202993521469452,33.713501663291389,394.201208275979695],[-112.202993521469452,33.713501663291389,395.160490870553474],[-112.20300611313678,33.713501783147564,395.160490870553474]]]}},
{"type":"Feature","properties":{"id":7301022.0,"type":"R4-4","creator":null,"traffic_sign_pole_id":null,"text":"BEGIN RIGHT TURN LANE YIELD TO BIKES","train":null,"width":131.96,"height":103.06,"lane_id":null,"ground_height":null,"stop_line_id":null,"att_editor":null},"geometry":{"type":"Polygon","coordinates":[[[-112.203501376647864,33.724968913746643,405.266999289622504],[-112.203501376647864,33.724968913746643,404.23642706261154],[-112.203503674973447,33.724957169215322,404.23642706261154],[-112.203503674973447,33.724957169215322,405.266999289622504],[-112.203501376647864,33.724968913746643,405.266999289622504]]]}},
{"type":"Feature","properties":{"id":7301024.0,"type":"R3-17","creator":null,"traffic_sign_pole_id":null,"text":"BIKE LANE","train":null,"width":79.71,"height":50.61,"lane_id":null,"ground_height":null,"stop_line_id":null,"att_editor":null},"geometry":{"type":"Polygon","coordinates":[[[-112.240553715072593,33.724264021707349,397.576938356034191],[-112.240553715072593,33.724264021707349,397.070854031780698],[-112.240560748648079,33.724259883594591,397.070854031780698],[-112.240560748648079,33.724259883594591,397.576938356034191],[-112.240553715072593,33.724264021707349,397.576938356034191]]]}},
{"type":"Feature","properties":{"id":7301026.0,"type":"R3-17","creator":null,"traffic_sign_pole_id":null,"text":"BIKE LANE","train":null,"width":81.17,"height":64.34,"lane_id":null,"ground_height":null,"stop_line_id":null,"att_editor":null},"geometry":{"type":"Polygon","coordinates":[[[-112.239453971073516,33.72347031963772,395.939231320355191],[-112.239449152431575,33.723476432515675,395.939231320355191],[-112.239449152431575,33.723476432515675,395.295794999960151],[-112.239453971073516,33.72347031963772,395.295794999960151],[-112.239453971073516,33.72347031963772,395.939231320355191]]]}},
{"type":"Feature","properties":{"id":7301028.0,"type":"R3-17","creator":null,"traffic_sign_pole_id":null,"text":"BIKE LANE","train":null,"width":84.17,"height":58.48,"lane_id":null,"ground_height":null,"stop_line_id":null,"att_editor":null},"geometry":{"type":"Polygon","coordinates":[[[-112.235734892926459,33.721518324562098,391.948998784066873],[-112.235734892926459,33.721518324562098,391.364171628234203],[-112.23572722234762,33.72152238992026,391.364171628234203],[-112.23572722234762,33.72152238992026,391.948998784066873],[-112.235734892926459,33.721518324562098,391.948998784066873]]]}},
{"type":"Feature","properties":{"id":7301030.0,"type":"R3-17","creator":null,"traffic_sign_pole_id":null,"text":"BIKE LANE","train":null,"width":85.15,"height":65.7,"lane_id":null,"ground_height":null,"stop_line_id":null,"att_editor":null},"geometry":{"type":"Polygon","coordinates":[[[-112.233151457922645,33.718173939846579,388.256987157956758],[-112.233151457922645,33.718173939846579,387.599947617076282],[-112.23314263380189,33.718176080279228,387.599947617076282],[-112.23314263380189,33.718176080279228,388.256987157956758],[-112.233151457922645,33.718173939846579,388.256987157956758]]]}},
{"type":"Feature","properties":{"id":7301032.0,"type":"R3-17","creator":null,"traffic_sign_pole_id":null,"text":"BIKE LANE","train":null,"width":85.38,"height":68.6,"lane_id":null,"ground_height":null,"stop_line_id":null,"att_editor":null},"geometry":{"type":"Polygon","coordinates":[[[-112.235033277699216,33.71058515446402,385.556829416630308],[-112.235026253229194,33.710580172075652,385.556829416630308],[-112.235026253229194,33.710580172075652,384.870799022051926],[-112.235033277699216,33.71058515446402,384.870799022051926],[-112.235033277699216,33.71058515446402,385.556829416630308]]]}},
{"type":"Feature","properties":{"id":7301034.0,"type":"R3-17","creator":null,"traffic_sign_pole_id":null,"text":"BIKE LANE","train":null,"width":68.01,"height":38.87,"lane_id":null,"ground_height":null,"stop_line_id":null,"att_editor":null},"geometry":{"type":"Polygon","coordinates":[[[-112.236402492443787,33.70911292668935,387.77632023984097],[-112.236402492443787,33.70911292668935,387.387574911300703],[-112.236396995362583,33.709108863762097,387.387574911300703],[-112.236396995362583,33.709108863762097,387.77632023984097],[-112.236402492443787,33.70911292668935,387.77632023984097]]]}},
{"type":"Feature","properties":{"id":7301036.0,"type":"R3-17","creator":null,"traffic_sign_pole_id":null,"text":"BIKE LANE","train":null,"width":83.78,"height":59.55,"lane_id":null,"ground_height":null,"stop_line_id":null,"att_editor":null},"geometry":{"type":"Polygon","coordinates":[[[-112.237777374767035,33.703344276508247,378.716881191411971],[-112.237777374767035,33.703344276508247,378.121395080300886],[-112.237768362624251,33.703343686126544,378.121395080300886],[-112.237768362624251,33.703343686126544,378.716881191411971],[-112.237777374767035,33.703344276508247,378.716881191411971]]]}},
{"type":"Feature","properties":{"id":7301038.0,"type":"R3-17","creator":null,"traffic_sign_pole_id":null,"text":"BIKE LANE","train":null,"width":91.7,"height":64.52,"lane_id":null,"ground_height":null,"stop_line_id":null,"att_editor":null},"geometry":{"type":"Polygon","coordinates":[[[-112.237805896604655,33.699661214061742,375.321889752638299],[-112.237796040407147,33.699660497026358,375.321889752638299],[-112.237796040407147,33.699660497026358,374.676686821810335],[-112.237805896604655,33.699661214061742,374.676686821810335],[-112.237805896604655,33.699661214061742,375.321889752638299]]]}},
{"type":"Feature","properties":{"id":7301040.0,"type":"R3-17","creator":null,"traffic_sign_pole_id":null,"text":"BIKE LANE","train":null,"width":79.69,"height":62.67,"lane_id":null,"ground_height":null,"stop_line_id":null,"att_editor":null},"geometry":{"type":"Polygon","coordinates":[[[-112.237555924922489,33.700008529157508,375.486856950195715],[-112.237555924922489,33.700008529157508,374.860134068291927],[-112.237547363333505,33.700007870098275,374.860134068291927],[-112.237547363333505,33.700007870098275,375.486856950195715],[-112.237555924922489,33.700008529157508,375.486856950195715]]]}},
{"type":"Feature","properties":{"id":7301042.0,"type":"R3-17","creator":null,"traffic_sign_pole_id":null,"text":"BIKE LANE","train":null,"width":81.94,"height":55.4,"lane_id":null,"ground_height":null,"stop_line_id":null,"att_editor":null},"geometry":{"type":"Polygon","coordinates":[[[-112.237524482964176,33.703667784355474,379.169594205195153],[-112.237524482964176,33.703667784355474,378.615582182828348],[-112.237515645366699,33.70366758758567,378.615582182828348],[-112.237515645366699,33.70366758758567,379.169594205195153],[-112.237524482964176,33.703667784355474,379.169594205195153]]]}},
{"type":"Feature","properties":{"id":7301044.0,"type":"R3-17","creator":null,"traffic_sign_pole_id":null,"text":"BIKE LANE","train":null,"width":92.85,"height":69.86,"lane_id":null,"ground_height":null,"stop_line_id":null,"att_editor":null},"geometry":{"type":"Polygon","coordinates":[[[-112.236201989755315,33.708837852266754,388.010623464133914],[-112.236201989755315,33.708837852266754,387.312009994980599],[-112.236194686719216,33.708832120806377,387.312009994980599],[-112.236194686719216,33.708832120806377,388.010623464133914],[-112.236201989755315,33.708837852266754,388.010623464133914]]]}},
{"type":"Feature","properties":{"id":7301046.0,"type":"R3-17","creator":null,"traffic_sign_pole_id":null,"text":"BIKE LANE","train":null,"width":78.88,"height":50.21,"lane_id":null,"ground_height":null,"stop_line_id":null,"att_editor":null},"geometry":{"type":"Polygon","coordinates":[[[-112.23828512959885,33.723193242118583,393.312756005571657],[-112.23828512959885,33.723193242118583,392.810641290465469],[-112.238290731050739,33.72318788583835,392.810641290465469],[-112.238290731050739,33.72318788583835,393.312756005571657],[-112.23828512959885,33.723193242118583,393.312756005571657]]]}},
{"type":"Feature","properties":{"id":7301048.0,"type":"R3-17","creator":null,"traffic_sign_pole_id":null,"text":"BIKE LANE","train":null,"width":83.58,"height":58.35,"lane_id":null,"ground_height":null,"stop_line_id":null,"att_editor":null},"geometry":{"type":"Polygon","coordinates":[[[-112.239743513984124,33.724036559578572,396.19674326836423],[-112.239743513984124,33.724036559578572,396.780213351317855],[-112.239736946928289,33.724041725871338,396.780213351317855],[-112.239736946928289,33.724041725871338,396.19674326836423],[-112.239743513984124,33.724036559578572,396.19674326836423]]]}},
{"type":"Feature","properties":{"id":7301050.0,"type":"R3-17","creator":null,"traffic_sign_pole_id":null,"text":"BIKE LANE","train":null,"width":83.78,"height":69.11,"lane_id":null,"ground_height":null,"stop_line_id":null,"att_editor":null},"geometry":{"type":"Polygon","coordinates":[[[-112.202968741748862,33.712521153506536,394.092704427644776],[-112.202959731763784,33.712520529963122,394.092704427644776],[-112.202959731763784,33.712520529963122,393.401646471540516],[-112.202968741748862,33.712521153506536,393.401646471540516],[-112.202968741748862,33.712521153506536,394.092704427644776]]]}},
{"type":"Feature","properties":{"id":7301052.0,"type":"R3-17","creator":null,"traffic_sign_pole_id":null,"text":"BIKE LANE","train":null,"width":84.41,"height":59.23,"lane_id":null,"ground_height":null,"stop_line_id":null,"att_editor":null},"geometry":{"type":"Polygon","coordinates":[[[-112.203048670988395,33.720038793631112,403.145003144467239],[-112.203039634660399,33.72003783010306,403.145003144467239],[-112.203039634660399,33.72003783010306,402.552667753520723],[-112.203048670988395,33.720038793631112,402.552667753520723],[-112.203048670988395,33.720038793631112,403.145003144467239]]]}},
{"type":"Feature","properties":{"id":7301054.0,"type":"R3-17","creator":null,"traffic_sign_pole_id":null,"text":"BIKE LANE","train":null,"width":81.89,"height":57.97,"lane_id":null,"ground_height":null,"stop_line_id":null,"att_editor":null},"geometry":{"type":"Polygon","coordinates":[[[-112.206337335146799,33.725176433490148,401.720631589292282],[-112.206338588436125,33.725169123038199,401.720631589292282],[-112.206338588436125,33.725169123038199,401.140899079004214],[-112.206337335146799,33.725176433490148,401.140899079004214],[-112.206337335146799,33.725176433490148,401.720631589292282]]]}},
{"type":"Feature","properties":{"id":7301056.0,"type":"R3-17","creator":null,"traffic_sign_pole_id":null,"text":"BIKE LANE","train":null,"width":82.14,"height":67.11,"lane_id":null,"ground_height":null,"stop_line_id":null,"att_editor":null},"geometry":{"type":"Polygon","coordinates":[[[-112.211044935738627,33.725164582412859,397.11083174843094],[-112.211044935738627,33.725164582412859,396.439772712594049],[-112.211045816890802,33.725157212121189,396.439772712594049],[-112.211045816890802,33.725157212121189,397.11083174843094],[-112.211044935738627,33.725164582412859,397.11083174843094]]]}},
{"type":"Feature","properties":{"id":7301058.0,"type":"R3-17","creator":null,"traffic_sign_pole_id":null,"text":"BIKE LANE","train":null,"width":89.66,"height":64.69,"lane_id":null,"ground_height":null,"stop_line_id":null,"att_editor":null},"geometry":{"type":"Polygon","coordinates":[[[-112.219101595325967,33.725156383376607,392.3371887194549],[-112.219101595325967,33.725156383376607,391.690240845655239],[-112.219102370597653,33.725148323679619,391.690240845655239],[-112.219102370597653,33.725148323679619,392.3371887194549],[-112.219101595325967,33.725156383376607,392.3371887194549]]]}},
{"type":"Feature","properties":{"id":7301060.0,"type":"R3-17","creator":null,"traffic_sign_pole_id":null,"text":"BIKE LANE","train":null,"width":83.78,"height":71.69,"lane_id":null,"ground_height":null,"stop_line_id":null,"att_editor":null},"geometry":{"type":"Polygon","coordinates":[[[-112.222860724303516,33.72514362392058,390.264950378995877],[-112.222862407861157,33.725136200783979,390.264950378995877],[-112.222862407861157,33.725136200783979,389.548049003913832],[-112.222860724303516,33.72514362392058,389.548049003913832],[-112.222860724303516,33.72514362392058,390.264950378995877]]]}},
{"type":"Feature","properties":{"id":7301062.0,"type":"R3-17","creator":null,"traffic_sign_pole_id":null,"text":"BIKE LANE","train":null,"width":78.16,"height":39.5,"lane_id":null,"ground_height":null,"stop_line_id":null,"att_editor":null},"geometry":{"type":"Polygon","coordinates":[[[-112.228032861696235,33.725192775130829,390.577394217855044],[-112.228034338520246,33.725185835470334,390.577394217855044],[-112.228034338520246,33.725185835470334,390.182349561014234],[-112.228032861696235,33.725192775130829,390.182349561014234],[-112.228032861696235,33.725192775130829,390.577394217855044]]]}},
{"type":"Feature","properties":{"id":7301064.0,"type":"R3-17","creator":null,"traffic_sign_pole_id":null,"text":"BIKE LANE","train":null,"width":92.29,"height":50.97,"lane_id":null,"ground_height":null,"stop_line_id":null,"att_editor":null},"geometry":{"type":"Polygon","coordinates":[[[-112.240053534235258,33.723470174128039,396.648308650675233],[-112.240053534235258,33.723470174128039,396.13862456458213],[-112.240045243563031,33.723465561735239,396.13862456458213],[-112.240045243563031,33.723465561735239,396.648308650675233],[-112.240053534235258,33.723470174128039,396.648308650675233]]]}},
{"type":"Feature","properties":{"id":7301066.0,"type":"R3-17","creator":null,"traffic_sign_pole_id":null,"text":"BIKE LANE","train":null,"width":78.39,"height":54.56,"lane_id":null,"ground_height":null,"stop_line_id":null,"att_editor":null},"geometry":{"type":"Polygon","coordinates":[[[-112.203281394163767,33.712637770761162,394.376976596704139],[-112.203281394163767,33.712637770761162,393.831329016749294],[-112.203272937458834,33.712637602528176,393.831329016749294],[-112.203272937458834,33.712637602528176,394.376976596704139],[-112.203281394163767,33.712637770761162,394.376976596704139]]]}},
{"type":"Feature","properties":{"id":7301068.0,"type":"R3-17","creator":null,"traffic_sign_pole_id":null,"text":"BIKE LANE","train":null,"width":75.17,"height":65.96,"lane_id":null,"ground_height":null,"stop_line_id":null,"att_editor":null},"geometry":{"type":"Polygon","coordinates":[[[-112.203302246604949,33.719369638373138,402.973896163465781],[-112.20329413530304,33.719369523724041,402.973896163465781],[-112.20329413530304,33.719369523724041,402.314345409007615],[-112.203302246604949,33.719369638373138,402.314345409007615],[-112.203302246604949,33.719369638373138,402.973896163465781]]]}},
{"type":"Feature","properties":{"id":7301070.0,"type":"R3-17","creator":null,"traffic_sign_pole_id":null,"text":"BIKE LANE","train":null,"width":95.86,"height":76.71,"lane_id":null,"ground_height":null,"stop_line_id":null,"att_editor":null},"geometry":{"type":"Polygon","coordinates":[[[-112.202821315312278,33.72450957152877,405.828628488070649],[-112.202812310528799,33.724505316274623,405.828628488070649],[-112.202812310528799,33.724505316274623,405.061541597436303],[-112.202821315312278,33.72450957152877,405.061541597436303],[-112.202821315312278,33.72450957152877,405.828628488070649]]]}},
{"type":"Feature","properties":{"id":7301072.0,"type":"R3-17","creator":null,"traffic_sign_pole_id":null,"text":"BIKE LANE","train":null,"width":84.89,"height":61.75,"lane_id":null,"ground_height":null,"stop_line_id":null,"att_editor":null},"geometry":{"type":"Polygon","coordinates":[[[-112.210445122503032,33.72496063837005,397.319182127286297],[-112.210445122503032,33.72496063837005,396.70164097502294],[-112.210445400745897,33.724952986989997,396.70164097502294],[-112.210445400745897,33.724952986989997,397.319182127286297],[-112.210445122503032,33.72496063837005,397.319182127286297]]]}},
{"type":"Feature","properties":{"id":7301074.0,"type":"R3-17","creator":null,"traffic_sign_pole_id":null,"text":"BIKE LANE","train":null,"width":86.78,"height":49.34,"lane_id":null,"ground_height":null,"stop_line_id":null,"att_editor":null},"geometry":{"type":"Polygon","coordinates":[[[-112.22187315710552,33.72494107407811,390.379531388539135],[-112.22187315710552,33.72494107407811,389.88611462664619],[-112.22187428135318,33.724933305132993,389.88611462664619],[-112.22187428135318,33.724933305132993,390.379531388539135],[-112.22187315710552,33.72494107407811,390.379531388539135]]]}},
{"type":"Feature","properties":{"id":7301076.0,"type":"R3-17","creator":null,"traffic_sign_pole_id":null,"text":"BIKE LANE","train":null,"width":80.81,"height":63.23,"lane_id":null,"ground_height":null,"stop_line_id":null,"att_editor":null},"geometry":{"type":"Polygon","coordinates":[[[-112.225210711389963,33.72493458494931,389.769385192945833],[-112.225210711389963,33.72493458494931,389.137100084941892],[-112.225211182115089,33.724927308095516,389.137100084941892],[-112.225211182115089,33.724927308095516,389.769385192945833],[-112.225210711389963,33.72493458494931,389.769385192945833]]]}},
{"type":"Feature","properties":{"id":7301078.0,"type":"R3-9B","creator":null,"traffic_sign_pole_id":null,"text":"CENTER LANE ONLY","train":null,"width":81.04,"height":93.05,"lane_id":null,"ground_height":null,"stop_line_id":null,"att_editor":null},"geometry":{"type":"Polygon","coordinates":[[[-112.203037931902472,33.714262534008796,395.816199061681914],[-112.203037931902472,33.714262534008796,394.885651012484857],[-112.20302931149007,33.71426130428231,394.885651012484857],[-112.20302931149007,33.71426130428231,395.816199061681914],[-112.203037931902472,33.714262534008796,395.816199061681914]]]}},
{"type":"Feature","properties":{"id":7301080.0,"type":"W11-12P","creator":null,"traffic_sign_pole_id":null,"text":"EMERGENCY SIGNAL AHEAD","train":null,"width":114.69,"height":89.58,"lane_id":null,"ground_height":null,"stop_line_id":null,"att_editor":null},"geometry":{"type":"Polygon","coordinates":[[[-112.2255027829478,33.725139401893642,390.162647622888983],[-112.2255027829478,33.725139401893642,389.266860966483762],[-112.225503276359802,33.725129067687433,389.266860966483762],[-112.225503276359802,33.725129067687433,390.162647622888983],[-112.2255027829478,33.725139401893642,390.162647622888983]]]}},
{"type":"Feature","properties":{"id":7301082.0,"type":"R81B","creator":null,"traffic_sign_pole_id":null,"text":"ENDS","train":null,"width":80.18,"height":26.74,"lane_id":null,"ground_height":null,"stop_line_id":null,"att_editor":null},"geometry":{"type":"Polygon","coordinates":[[[-112.24055363083815,33.724264071265587,397.056530890528279],[-112.240560706530857,33.72425990837371,397.056530890528279],[-112.240560706530857,33.72425990837371,396.789165587149057],[-112.24055363083815,33.724264071265587,396.789165587149057],[-112.24055363083815,33.724264071265587,397.056530890528279]]]}},
{"type":"Feature","properties":{"id":7301084.0,"type":"R81B","creator":null,"traffic_sign_pole_id":null,"text":"ENDS","train":null,"width":78.98,"height":32.1,"lane_id":null,"ground_height":null,"stop_line_id":null,"att_editor":null},"geometry":{"type":"Polygon","coordinates":[[[-112.228032846150711,33.725192848179915,390.157659269961698],[-112.228032846150711,33.725192848179915,389.836685486278554],[-112.228034338520246,33.725185835470334,389.836685486278554],[-112.228034338520246,33.725185835470334,390.157659269961698],[-112.228032846150711,33.725192848179915,390.157659269961698]]]}},
{"type":"Feature","properties":{"id":7301086.0,"type":"R81B","creator":null,"traffic_sign_pole_id":null,"text":"ENDS","train":null,"width":78.07,"height":26.79,"lane_id":null,"ground_height":null,"stop_line_id":null,"att_editor":null},"geometry":{"type":"Polygon","coordinates":[[[-112.203272902222565,33.712637601827161,393.53726744671377],[-112.203272902222565,33.712637601827161,393.805190210523904],[-112.203281323691229,33.712637769359205,393.805190210523904],[-112.203281323691229,33.712637769359205,393.53726744671377],[-112.203272902222565,33.712637601827161,393.53726744671377]]]}},
{"type":"Feature","properties":{"id":7301088.0,"type":"R81B","creator":null,"traffic_sign_pole_id":null,"text":"ENDS","train":null,"width":77.64,"height":25.58,"lane_id":null,"ground_height":null,"stop_line_id":null,"att_editor":null},"geometry":{"type":"Polygon","coordinates":[[[-112.22187321627645,33.724940665186274,389.831290541991393],[-112.221874222182265,33.72493371402485,389.831290541991393],[-112.221874222182265,33.72493371402485,389.575444813602473],[-112.22187321627645,33.724940665186274,389.575444813602473],[-112.22187321627645,33.724940665186274,389.831290541991393]]]}},
{"type":"Feature","properties":{"id":7301090.0,"type":"W9-2L","creator":null,"traffic_sign_pole_id":null,"text":"LANE ENDS MERGE LEFT","train":null,"width":0.0,"height":127.92,"lane_id":null,"ground_height":null,"stop_line_id":null,"att_editor":null},"geometry":{"type":"Polygon","coordinates":[[[-112.238538896048567,33.724688582562166,394.407200339691599],[-112.238541529728295,33.724694052406164,393.781827532547254],[-112.238544048865691,33.724699284358444,394.43563541692015],[-112.238541415185637,33.724693814514517,395.061008224064494],[-112.238538896048567,33.724688582562166,394.407200339691599]]]}},
{"type":"Feature","properties":{"id":7301092.0,"type":"R10-12a","creator":null,"traffic_sign_pole_id":null,"text":"LEFT TURN YIELD ON FLASHING YELLOW ARROWS","train":null,"width":98.96,"height":116.31,"lane_id":null,"ground_height":null,"stop_line_id":null,"att_editor":null},"geometry":{"type":"Polygon","coordinates":[[[-112.236165625521522,33.709411861470024,393.256002727859766],[-112.236168544070409,33.709403277427946,393.256002727859766],[-112.236168544070409,33.709403277427946,392.092892675020323],[-112.236165625521522,33.709411861470024,392.092892675020323],[-112.236165625521522,33.709411861470024,393.256002727859766]]]}},
{"type":"Feature","properties":{"id":7301094.0,"type":"R10-12a","creator":null,"traffic_sign_pole_id":null,"text":"LEFT TURN YIELD ON FLASHING YELLOW ARROWS","train":null,"width":145.43,"height":118.53,"lane_id":null,"ground_height":null,"stop_line_id":null,"att_editor":null},"geometry":{"type":"Polygon","coordinates":[[[-112.236205626736577,33.709095891611042,393.182632785597718],[-112.236205626736577,33.709095891611042,391.997289703131173],[-112.23619348092825,33.709087587771165,391.997289703131173],[-112.23619348092825,33.709087587771165,393.182632785597718],[-112.236205626736577,33.709095891611042,393.182632785597718]]]}},
{"type":"Feature","properties":{"id":7301096.0,"type":"R10-12a","creator":null,"traffic_sign_pole_id":null,"text":"LEFT TURN YIELD ON FLASHING YELLOW ARROWS","train":null,"width":116.43,"height":124.17,"lane_id":null,"ground_height":null,"stop_line_id":null,"att_editor":null},"geometry":{"type":"Polygon","coordinates":[[[-112.23565905731455,33.709610525329765,392.215887846212695],[-112.235648731301325,33.709604544721181,392.215887846212695],[-112.235648731301325,33.709604544721181,390.974210679769897],[-112.23565905731455,33.709610525329765,390.974210679769897],[-112.23565905731455,33.709610525329765,392.215887846212695]]]}},
{"type":"Feature","properties":{"id":7301098.0,"type":"R5-2b","creator":null,"traffic_sign_pole_id":null,"text":"NO THRU TRUCKS","train":null,"width":84.02,"height":80.97,"lane_id":null,"ground_height":null,"stop_line_id":null,"att_editor":null},"geometry":{"type":"Polygon","coordinates":[[[-112.203120809646805,33.725215436968526,406.481325691712243],[-112.203120919702087,33.725207860996328,406.481325691712243],[-112.203120919702087,33.725207860996328,405.671649759614809],[-112.203120809646805,33.725215436968526,405.671649759614809],[-112.203120809646805,33.725215436968526,406.481325691712243]]]}},
{"type":"Feature","properties":{"id":7301100.0,"type":"W3-1","creator":null,"traffic_sign_pole_id":null,"text":"novalue","train":null,"width":0.0,"height":157.58,"lane_id":null,"ground_height":null,"stop_line_id":null,"att_editor":null},"geometry":{"type":"Polygon","coordinates":[[[-112.240981937956747,33.724719495203857,397.250718955717446],[-112.240989472924468,33.724715121126522,396.525025659669382],[-112.240995904899421,33.724711387339966,397.375165017047323],[-112.240988369932339,33.724715761417684,398.100858313095387],[-112.240981937956747,33.724719495203857,397.250718955717446]]]}},
{"type":"Feature","properties":{"id":7301102.0,"type":"R1-1","creator":null,"traffic_sign_pole_id":null,"text":"STOP","train":null,"width":50.94,"height":123.08,"lane_id":null,"ground_height":null,"stop_line_id":null,"att_editor":null},"geometry":{"type":"Polygon","coordinates":[[[-112.239933907039671,33.723781679895659,397.437029283806169],[-112.239931133061631,33.7237839460402,397.797926882143315],[-112.239927202270977,33.723787157218815,397.798936753071303],[-112.239924417271538,33.723789432366601,397.439467327896807],[-112.239924409478505,33.723789438732972,396.930090920628572],[-112.239927183456913,33.723787172588565,396.569193322291426],[-112.239931114247568,33.723783961409964,396.568183451363439],[-112.239933899246637,33.723781686262015,396.927652876537934],[-112.239933907039671,33.723781679895659,397.437029283806169]]]}},
{"type":"Feature","properties":{"id":7301104.0,"type":"R5-2","creator":null,"traffic_sign_pole_id":null,"text":"novalue","train":null,"width":90.43,"height":100.92,"lane_id":null,"ground_height":null,"stop_line_id":null,"att_editor":null},"geometry":{"type":"Polygon","coordinates":[[[-112.236403338148634,33.709113551755067,388.822942278218591],[-112.236396028842833,33.70910814940121,388.822942278218591],[-112.236396028842833,33.70910814940121,387.813699598354447],[-112.236403338148634,33.709113551755067,387.813699598354447],[-112.236403338148634,33.709113551755067,388.822942278218591]]]}},
{"type":"Feature","properties":{"id":7301106.0,"type":"R4-7","creator":null,"traffic_sign_pole_id":null,"text":"novalue","train":null,"width":88.93,"height":91.16,"lane_id":null,"ground_height":null,"stop_line_id":null,"att_editor":null},"geometry":{"type":"Polygon","coordinates":[[[-112.237199044822077,33.707766151710238,385.811602382993385],[-112.237190260030246,33.707762925835709,385.811602382993385],[-112.237190260030246,33.707762925835709,384.899994015366474],[-112.237199044822077,33.707766151710238,384.899994015366474],[-112.237199044822077,33.707766151710238,385.811602382993385]]]}},
{"type":"Feature","properties":{"id":7301108.0,"type":"R4-7","creator":null,"traffic_sign_pole_id":null,"text":"novalue","train":null,"width":83.59,"height":88.26,"lane_id":null,"ground_height":null,"stop_line_id":null,"att_editor":null},"geometry":{"type":"Polygon","coordinates":[[[-112.235558248784727,33.709723186992292,388.125353487924883],[-112.235550756324244,33.709718990203285,388.125353487924883],[-112.235550756324244,33.709718990203285,387.242738243279064],[-112.235558248784727,33.709723186992292,387.242738243279064],[-112.235558248784727,33.709723186992292,388.125353487924883]]]}},
{"type":"Feature","properties":{"id":7301110.0,"type":"W4-1L","creator":null,"traffic_sign_pole_id":null,"text":"novalue","train":null,"width":0.0,"height":150.45,"lane_id":null,"ground_height":null,"stop_line_id":null,"att_editor":null},"geometry":{"type":"Polygon","coordinates":[[[-112.234614209640398,33.710806843691387,385.145655510242364],[-112.2346202055394,33.710811567654488,385.886513739861698],[-112.234626022402153,33.710816150560291,385.12285267461624],[-112.234620026502512,33.710811426597481,384.381994444996906],[-112.234614209640398,33.710806843691387,385.145655510242364]]]}},
{"type":"Feature","properties":{"id":7301112.0,"type":"W4-2R","creator":null,"traffic_sign_pole_id":null,"text":"novalue","train":null,"width":0.0,"height":166.69,"lane_id":null,"ground_height":null,"stop_line_id":null,"att_editor":null},"geometry":{"type":"Polygon","coordinates":[[[-112.23335145948441,33.71206652760015,385.059645861377646],[-112.233359498337933,33.712070080061238,384.235445978605355],[-112.233367360459667,33.712073554421735,385.078173031332369],[-112.233359321605491,33.712070001961166,385.902372914104603],[-112.23335145948441,33.71206652760015,385.059645861377646]]]}},
{"type":"Feature","properties":{"id":7301114.0,"type":"R4-7","creator":null,"traffic_sign_pole_id":null,"text":"novalue","train":null,"width":85.99,"height":92.63,"lane_id":null,"ground_height":null,"stop_line_id":null,"att_editor":null},"geometry":{"type":"Polygon","coordinates":[[[-112.233257552404851,33.712676326553655,386.322149563951882],[-112.233248917555485,33.712673488409592,386.322149563951882],[-112.233248917555485,33.712673488409592,385.39583783555679],[-112.233257552404851,33.712676326553655,385.39583783555679],[-112.233257552404851,33.712676326553655,386.322149563951882]]]}},
{"type":"Feature","properties":{"id":7301116.0,"type":"R5-2","creator":null,"traffic_sign_pole_id":null,"text":"novalue","train":null,"width":0.0,"height":147.51,"lane_id":null,"ground_height":null,"stop_line_id":null,"att_editor":null},"geometry":{"type":"Polygon","coordinates":[[[-112.238293204418909,33.723185520727498,393.989073785102391],[-112.23828803946671,33.723190459613726,394.736892878177969],[-112.238282728976401,33.723195537667145,394.009568263270125],[-112.238287893929211,33.723190598781137,393.261749170194491],[-112.238293204418909,33.723185520727498,393.989073785102391]]]}},
{"type":"Feature","properties":{"id":7301118.0,"type":"R1-1","creator":null,"traffic_sign_pole_id":null,"text":"STOP","train":null,"width":39.86,"height":96.48,"lane_id":null,"ground_height":null,"stop_line_id":null,"att_editor":null},"geometry":{"type":"Polygon","coordinates":[[[-112.239480498291115,33.723710646058599,396.724945992573282],[-112.239478736369108,33.72371273769928,397.004938642882394],[-112.23947626066095,33.723715676700863,397.002358719456538],[-112.239474521402883,33.723717741436076,396.718717506448627],[-112.239474537428848,33.723717722411081,396.320168179590837],[-112.239476299351054,33.723715630770457,396.040175529281726],[-112.239478775059212,33.723712691768874,396.042755452707524],[-112.23948051431708,33.72371062703359,396.326396665715436],[-112.239480498291115,33.723710646058599,396.724945992573282]]]}},
{"type":"Feature","properties":{"id":7301120.0,"type":"R1-1","creator":null,"traffic_sign_pole_id":null,"text":"STOP","train":null,"width":48.08,"height":116.39,"lane_id":null,"ground_height":null,"stop_line_id":null,"att_editor":null},"geometry":{"type":"Polygon","coordinates":[[[-112.239374155612836,33.723822453761592,396.419492018141966],[-112.239371894737303,33.723824841839566,396.761714761083795],[-112.239368675783254,33.723828241899639,396.764939679666895],[-112.239366384370285,33.723830662232729,396.427277660322773],[-112.239366362777275,33.723830685040618,395.946526534484974],[-112.239368623653093,33.723828296962743,395.604303791543146],[-112.239371842607156,33.723824896902677,395.601078872960045],[-112.239374134019812,33.723822476569488,395.938740892304224],[-112.239374155612836,33.723822453761592,396.419492018141966]]]}},
{"type":"Feature","properties":{"id":7301122.0,"type":"R1-1","creator":null,"traffic_sign_pole_id":null,"text":"STOP","train":null,"width":43.52,"height":105.1,"lane_id":null,"ground_height":null,"stop_line_id":null,"att_editor":null},"geometry":{"type":"Polygon","coordinates":[[[-112.239859298997402,33.723870799256922,396.964801027487567],[-112.239859300758766,33.723870796981949,396.529588849204572],[-112.239857497989178,33.723873125437493,396.221634905169367],[-112.239854946726439,33.723876420645873,396.221334439211489],[-112.239853141465673,33.723878752318676,396.528863460213927],[-112.239853139704294,33.723878754593649,396.964075638496865],[-112.239854942474125,33.723876426138155,397.27202958253207],[-112.239857493736864,33.723873130929789,397.272330048490005],[-112.239859298997402,33.723870799256922,396.964801027487567]]]}},
{"type":"Feature","properties":{"id":7301124.0,"type":"W1-2R","creator":null,"traffic_sign_pole_id":null,"text":"novalue","train":null,"width":0.0,"height":154.67,"lane_id":null,"ground_height":null,"stop_line_id":null,"att_editor":null},"geometry":{"type":"Polygon","coordinates":[[[-112.203046623077782,33.722185855609624,405.542085079751928],[-112.203054702553288,33.722186383602377,406.337874704650005],[-112.203063264540134,33.722186943126594,405.586931846866321],[-112.203055185064514,33.722186415134409,404.7911422219683],[-112.203046623077782,33.722185855609624,405.542085079751928]]]}},
{"type":"Feature","properties":{"id":7301126.0,"type":"W3-3","creator":null,"traffic_sign_pole_id":null,"text":"novalue","train":null,"width":0.0,"height":158.04,"lane_id":null,"ground_height":null,"stop_line_id":null,"att_editor":null},"geometry":{"type":"Polygon","coordinates":[[[-112.203064548618926,33.722588414840239,405.814782432963625],[-112.203073049880615,33.722588977418873,406.604985430375507],[-112.203081551142418,33.722589539996932,405.814782432963625],[-112.203073049880615,33.722588977418873,405.0245794355518],[-112.203064548618926,33.722588414840239,405.814782432963625]]]}},
{"type":"Feature","properties":{"id":7301128.0,"type":"W3-3","creator":null,"traffic_sign_pole_id":null,"text":"novalue","train":null,"width":0.0,"height":166.26,"lane_id":null,"ground_height":null,"stop_line_id":null,"att_editor":null},"geometry":{"type":"Polygon","coordinates":[[[-112.203300400849344,33.724962934769806,405.113773872283389],[-112.203300425558822,33.724970373716985,405.951475600255549],[-112.20330045065154,33.724977928032814,405.12656715833117],[-112.203300425942032,33.724970489085642,404.28886543035901],[-112.203300400849344,33.724962934769806,405.113773872283389]]]}},
{"type":"Feature","properties":{"id":7301130.0,"type":"R3-4","creator":null,"traffic_sign_pole_id":null,"text":"novalue","train":null,"width":121.8,"height":126.16,"lane_id":null,"ground_height":null,"stop_line_id":null,"att_editor":null},"geometry":{"type":"Polygon","coordinates":[[[-112.202207712431317,33.724900397579241,410.686794999038909],[-112.202198207316442,33.724892810900208,410.686794999038909],[-112.202198207316442,33.724892810900208,409.425242375371965],[-112.202207712431317,33.724900397579241,409.425242375371965],[-112.202207712431317,33.724900397579241,410.686794999038909]]]}},
{"type":"Feature","properties":{"id":7301132.0,"type":"R8-3a","creator":null,"traffic_sign_pole_id":null,"text":"novalue","train":null,"width":59.53,"height":62.49,"lane_id":null,"ground_height":null,"stop_line_id":null,"att_editor":null},"geometry":{"type":"Polygon","coordinates":[[[-112.20255435984096,33.725115446415998,406.244022658681445],[-112.202559436806041,33.725112156597248,406.244022658681445],[-112.202559436806041,33.725112156597248,405.619129826033998],[-112.20255435984096,33.725115446415998,405.619129826033998],[-112.20255435984096,33.725115446415998,406.244022658681445]]]}},
{"type":"Feature","properties":{"id":7301134.0,"type":"R8-3a","creator":null,"traffic_sign_pole_id":null,"text":"novalue","train":null,"width":43.03,"height":36.9,"lane_id":null,"ground_height":null,"stop_line_id":null,"att_editor":null},"geometry":{"type":"Polygon","coordinates":[[[-112.203120843200239,33.725213127220911,405.610155385025053],[-112.203120899570024,33.725209246844912,405.610155385025053],[-112.203120899570024,33.725209246844912,405.241189137487027],[-112.203120843200239,33.725213127220911,405.241189137487027],[-112.203120843200239,33.725213127220911,405.610155385025053]]]}},
{"type":"Feature","properties":{"id":7301136.0,"type":"W11-8","creator":null,"traffic_sign_pole_id":null,"text":"novalue","train":null,"width":0.0,"height":140.05,"lane_id":null,"ground_height":null,"stop_line_id":null,"att_editor":null},"geometry":{"type":"Polygon","coordinates":[[[-112.225503328915011,33.72512796695144,390.766573965177201],[-112.225503035380726,33.725134114843762,391.484781599803341],[-112.225502726392321,33.725140586412628,390.802495234606965],[-112.225503019926634,33.725134438520314,390.084287599980826],[-112.225503328915011,33.72512796695144,390.766573965177201]]]}},
{"type":"Feature","properties":{"id":7301138.0,"type":"W9-1L","creator":null,"traffic_sign_pole_id":null,"text":"novalue","train":null,"width":0.0,"height":137.99,"lane_id":null,"ground_height":null,"stop_line_id":null,"att_editor":null},"geometry":{"type":"Polygon","coordinates":[[[-112.227381759179181,33.725128962627224,390.828027543595908],[-112.227381711903774,33.72513525351895,390.14574904086777],[-112.227381665667721,33.725141406106786,390.8433644661485],[-112.227381712943114,33.725135115215082,391.525642968876639],[-112.227381759179181,33.725128962627224,390.828027543595908]]]}},
{"type":"Feature","properties":{"id":7301140.0,"type":"W4-2L","creator":null,"traffic_sign_pole_id":null,"text":"novalue","train":null,"width":0.0,"height":154.86,"lane_id":null,"ground_height":null,"stop_line_id":null,"att_editor":null},"geometry":{"type":"Polygon","coordinates":[[[-112.228713604218584,33.725122614111747,390.847592455565007],[-112.228712778599899,33.7251294607345,391.633114639115547],[-112.228711928690544,33.725136508792012,390.870042825969335],[-112.228712754309328,33.725129662169294,390.084520642418738],[-112.228713604218584,33.725122614111747,390.847592455565007]]]}},
{"type":"Feature","properties":{"id":7301142.0,"type":"W1-2L","creator":null,"traffic_sign_pole_id":null,"text":"novalue","train":null,"width":0.0,"height":132.43,"lane_id":null,"ground_height":null,"stop_line_id":null,"att_editor":null},"geometry":{"type":"Polygon","coordinates":[[[-112.236305567937265,33.725111632467666,391.583404092773094],[-112.236304392673375,33.725117429246708,390.911053878708628],[-112.236303180670745,33.72512340723231,391.563023604183115],[-112.236304355934777,33.725117610453268,392.235373818247581],[-112.236305567937265,33.725111632467666,391.583404092773094]]]}},
{"type":"Feature","properties":{"id":7301144.0,"type":"W3-1","creator":null,"traffic_sign_pole_id":null,"text":"novalue","train":null,"width":0.0,"height":120.58,"lane_id":null,"ground_height":null,"stop_line_id":null,"att_editor":null},"geometry":{"type":"Polygon","coordinates":[[[-112.238913477304749,33.724727874475967,394.354444681003372],[-112.238916777451593,33.724732275500315,394.984341069183472],[-112.23891316801668,33.724727462014194,395.560262403227512],[-112.238909867870206,33.72472306098976,394.930366015047468],[-112.238913477304749,33.724727874475967,394.354444681003372]]]}},
{"type":"Feature","properties":{"id":7301146.0,"type":"R3-8","creator":null,"traffic_sign_pole_id":null,"text":"novalue","train":null,"width":108.3,"height":95.44,"lane_id":null,"ground_height":null,"stop_line_id":null,"att_editor":null},"geometry":{"type":"Polygon","coordinates":[[[-112.239400177896314,33.72431390634663,396.416125197954216],[-112.239391510982628,33.724307353689078,396.416125197954216],[-112.239391510982628,33.724307353689078,395.461741766408636],[-112.239400177896314,33.72431390634663,395.461741766408636],[-112.239400177896314,33.72431390634663,396.416125197954216]]]}},
{"type":"Feature","properties":{"id":7301148.0,"type":"R3-8a","creator":null,"traffic_sign_pole_id":null,"text":"novalue","train":null,"width":131.09,"height":125.17,"lane_id":null,"ground_height":null,"stop_line_id":null,"att_editor":null},"geometry":{"type":"Polygon","coordinates":[[[-112.203117719797319,33.711974420497349,397.732780808629116],[-112.203103575078117,33.711974558284417,397.732780808629116],[-112.203103575078117,33.711974558284417,396.481062558954989],[-112.203117719797319,33.711974420497349,396.481062558954989],[-112.203117719797319,33.711974420497349,397.732780808629116]]]}},
{"type":"Feature","properties":{"id":7301150.0,"type":"W1-1R","creator":null,"traffic_sign_pole_id":null,"text":"novalue","train":null,"width":0.0,"height":153.91,"lane_id":null,"ground_height":null,"stop_line_id":null,"att_editor":null},"geometry":{"type":"Polygon","coordinates":[[[-112.239307329613752,33.724049503717303,395.98537101705989],[-112.239313536951514,33.724054007707636,396.762682139246749],[-112.23931987101011,33.724058603644686,396.000922025505076],[-112.23931366367168,33.72405409965468,395.223610903318217],[-112.239307329613752,33.724049503717303,395.98537101705989]]]}},
{"type":"Feature","properties":{"id":7301152.0,"type":"R1-1","creator":null,"traffic_sign_pole_id":null,"text":"STOP","train":null,"width":37.91,"height":91.85,"lane_id":null,"ground_height":null,"stop_line_id":null,"att_editor":null},"geometry":{"type":"Polygon","coordinates":[[[-112.23976357526422,33.723539342617769,396.690086713864957],[-112.239765939799881,33.723540698018105,396.960488522683647],[-112.239769313357016,33.723542631810105,396.963814462138316],[-112.239771719751644,33.723544011204645,396.698116242004005],[-112.239771749350254,33.723544028171176,396.319036276137012],[-112.239769384814423,33.723542672770954,396.048634467318379],[-112.239766011257288,33.723540738978947,396.04530852786371],[-112.239763604862844,33.723539359584301,396.311006747998022],[-112.23976357526422,33.723539342617769,396.690086713864957]]]}},
{"type":"Feature","properties":{"id":7301154.0,"type":"R3-7R","creator":null,"traffic_sign_pole_id":null,"text":"RIGHT LANE MUST TURN RIGHT","train":null,"width":106.77,"height":108.41,"lane_id":null,"ground_height":null,"stop_line_id":null,"att_editor":null},"geometry":{"type":"Polygon","coordinates":[[[-112.237063966212176,33.708391272697789,387.724654817835642],[-112.237063966212176,33.708391272697789,386.640583976060896],[-112.237054910542554,33.708385320962925,386.640583976060896],[-112.237054910542554,33.708385320962925,387.724654817835642],[-112.237063966212176,33.708391272697789,387.724654817835642]]]}},
{"type":"Feature","properties":{"id":7301156.0,"type":"R3-7R","creator":null,"traffic_sign_pole_id":null,"text":"RIGHT LANE MUST TURN RIGHT","train":null,"width":104.64,"height":100.12,"lane_id":null,"ground_height":null,"stop_line_id":null,"att_editor":null},"geometry":{"type":"Polygon","coordinates":[[[-112.237497598183126,33.701400505718709,377.228054802586996],[-112.237486518292087,33.701398693894141,377.228054802586996],[-112.237486518292087,33.701398693894141,376.226833394449159],[-112.237497598183126,33.701400505718709,376.226833394449159],[-112.237497598183126,33.701400505718709,377.228054802586996]]]}},
{"type":"Feature","properties":{"id":7301158.0,"type":"R3-7R","creator":null,"traffic_sign_pole_id":null,"text":"RIGHT LANE MUST TURN RIGHT","train":null,"width":121.28,"height":112.86,"lane_id":null,"ground_height":null,"stop_line_id":null,"att_editor":null},"geometry":{"type":"Polygon","coordinates":[[[-112.236586679803267,33.70842828547903,387.115181432730481],[-112.236586679803267,33.70842828547903,385.986598220907013],[-112.23657683850395,33.70842107599303,385.986598220907013],[-112.23657683850395,33.70842107599303,387.115181432730481],[-112.236586679803267,33.70842828547903,387.115181432730481]]]}},
{"type":"Feature","properties":{"id":7301160.0,"type":"R3-7R","creator":null,"traffic_sign_pole_id":null,"text":"RIGHT LANE MUST TURN RIGHT","train":null,"width":122.14,"height":128.66,"lane_id":null,"ground_height":null,"stop_line_id":null,"att_editor":null},"geometry":{"type":"Polygon","coordinates":[[[-112.236014539432119,33.709041042214537,388.363245965420106],[-112.236004381694087,33.709034024296798,388.363245965420106],[-112.236004381694087,33.709034024296798,387.076668627484196],[-112.236014539432119,33.709041042214537,387.076668627484196],[-112.236014539432119,33.709041042214537,388.363245965420106]]]}},
{"type":"Feature","properties":{"id":7301162.0,"type":"R3-7R","creator":null,"traffic_sign_pole_id":null,"text":"RIGHT LANE MUST TURN RIGHT","train":null,"width":125.46,"height":121.58,"lane_id":null,"ground_height":null,"stop_line_id":null,"att_editor":null},"geometry":{"type":"Polygon","coordinates":[[[-112.235059440178674,33.7099680678038,387.257659762253468],[-112.235059440178674,33.7099680678038,386.041892095170681],[-112.235050821131779,33.709959343396505,386.041892095170681],[-112.235050821131779,33.709959343396505,387.257659762253468],[-112.235059440178674,33.7099680678038,387.257659762253468]]]}},
{"type":"Feature","properties":{"id":7301164.0,"type":"R3-7R","creator":null,"traffic_sign_pole_id":null,"text":"RIGHT LANE MUST TURN RIGHT","train":null,"width":114.17,"height":118.87,"lane_id":null,"ground_height":null,"stop_line_id":null,"att_editor":null},"geometry":{"type":"Polygon","coordinates":[[[-112.234471355056456,33.710593600313025,385.38730418122185],[-112.234471355056456,33.710593600313025,384.198599760148795],[-112.234462483346064,33.710586456407903,384.198599760148795],[-112.234462483346064,33.710586456407903,385.38730418122185],[-112.234471355056456,33.710593600313025,385.38730418122185]]]}},
{"type":"Feature","properties":{"id":7301166.0,"type":"R3-7R","creator":null,"traffic_sign_pole_id":null,"text":"RIGHT LANE MUST TURN RIGHT","train":null,"width":121.13,"height":124.81,"lane_id":null,"ground_height":null,"stop_line_id":null,"att_editor":null},"geometry":{"type":"Polygon","coordinates":[[[-112.2339513547781,33.711199551229946,384.973298710535516],[-112.233941123897822,33.711192753216878,384.973298710535516],[-112.233941123897822,33.711192753216878,383.725186178662511],[-112.2339513547781,33.711199551229946,383.725186178662511],[-112.2339513547781,33.711199551229946,384.973298710535516]]]}},
{"type":"Feature","properties":{"id":7301168.0,"type":"R3-7R","creator":null,"traffic_sign_pole_id":null,"text":"RIGHT LANE MUST TURN RIGHT","train":null,"width":98.07,"height":94.18,"lane_id":null,"ground_height":null,"stop_line_id":null,"att_editor":null},"geometry":{"type":"Polygon","coordinates":[[[-112.23261945259074,33.717269426109659,387.169950288401424],[-112.23261945259074,33.717269426109659,386.228172836574231],[-112.232608878071744,33.717269069344127,386.228172836574231],[-112.232608878071744,33.717269069344127,387.169950288401424],[-112.23261945259074,33.717269426109659,387.169950288401424]]]}},
{"type":"Feature","properties":{"id":7301170.0,"type":"R3-7R","creator":null,"traffic_sign_pole_id":null,"text":"RIGHT LANE MUST TURN RIGHT","train":null,"width":93.59,"height":94.59,"lane_id":null,"ground_height":null,"stop_line_id":null,"att_editor":null},"geometry":{"type":"Polygon","coordinates":[[[-112.234237039980343,33.72041917983185,389.590590171608653],[-112.234237039980343,33.72041917983185,388.644695713447163],[-112.234228551256791,33.720423752151675,388.644695713447163],[-112.234228551256791,33.720423752151675,389.590590171608653],[-112.234237039980343,33.72041917983185,389.590590171608653]]]}},
{"type":"Feature","properties":{"id":7301172.0,"type":"R3-7R","creator":null,"traffic_sign_pole_id":null,"text":"RIGHT LANE MUST TURN RIGHT","train":null,"width":126.29,"height":119.35,"lane_id":null,"ground_height":null,"stop_line_id":null,"att_editor":null},"geometry":{"type":"Polygon","coordinates":[[[-112.202975659685521,33.711534615157277,392.78384631932056],[-112.202975659685521,33.711534615157277,391.590349029195465],[-112.202962152110601,33.711533107695857,391.590349029195465],[-112.202962152110601,33.711533107695857,392.78384631932056],[-112.202975659685521,33.711534615157277,392.78384631932056]]]}},
{"type":"Feature","properties":{"id":7301174.0,"type":"R3-7R","creator":null,"traffic_sign_pole_id":null,"text":"RIGHT LANE MUST TURN RIGHT","train":null,"width":118.96,"height":93.44,"lane_id":null,"ground_height":null,"stop_line_id":null,"att_editor":null},"geometry":{"type":"Polygon","coordinates":[[[-112.202921053777743,33.712840050978258,394.722722315985038],[-112.202921053777743,33.712840050978258,393.788346467583835],[-112.202908399261673,33.712838247902305,393.788346467583835],[-112.202908399261673,33.712838247902305,394.722722315985038],[-112.202921053777743,33.712840050978258,394.722722315985038]]]}},
{"type":"Feature","properties":{"id":7301176.0,"type":"R3-7R","creator":null,"traffic_sign_pole_id":null,"text":"RIGHT LANE MUST TURN RIGHT","train":null,"width":112.6,"height":105.49,"lane_id":null,"ground_height":null,"stop_line_id":null,"att_editor":null},"geometry":{"type":"Polygon","coordinates":[[[-112.202941712992796,33.713212891260952,395.078313510009252],[-112.202941712992796,33.713212891260952,394.023448837358103],[-112.202929745897578,33.713211132120321,394.023448837358103],[-112.202929745897578,33.713211132120321,395.078313510009252],[-112.202941712992796,33.713212891260952,395.078313510009252]]]}},
{"type":"Feature","properties":{"id":7301178.0,"type":"R3-7R","creator":null,"traffic_sign_pole_id":null,"text":"RIGHT LANE MUST TURN RIGHT","train":null,"width":108.06,"height":96.25,"lane_id":null,"ground_height":null,"stop_line_id":null,"att_editor":null},"geometry":{"type":"Polygon","coordinates":[[[-112.20300718837683,33.713585970264639,395.15438094708577],[-112.202995599504945,33.71358489126596,395.15438094708577],[-112.202995599504945,33.71358489126596,394.191908271850593],[-112.20300718837683,33.713585970264639,394.191908271850593],[-112.20300718837683,33.713585970264639,395.15438094708577]]]}},
{"type":"Feature","properties":{"id":7301180.0,"type":"R3-7R","creator":null,"traffic_sign_pole_id":null,"text":"RIGHT LANE MUST TURN RIGHT","train":null,"width":109.62,"height":93.34,"lane_id":null,"ground_height":null,"stop_line_id":null,"att_editor":null},"geometry":{"type":"Polygon","coordinates":[[[-112.203005642148014,33.713978347128212,395.49579037706161],[-112.203005642148014,33.713978347128212,394.562406694370054],[-112.202993820980041,33.71397799743054,394.562406694370054],[-112.202993820980041,33.71397799743054,395.49579037706161],[-112.203005642148014,33.713978347128212,395.49579037706161]]]}},
{"type":"Feature","properties":{"id":7301182.0,"type":"R3-7R","creator":null,"traffic_sign_pole_id":null,"text":"RIGHT LANE MUST TURN RIGHT","train":null,"width":109.32,"height":92.63,"lane_id":null,"ground_height":null,"stop_line_id":null,"att_editor":null},"geometry":{"type":"Polygon","coordinates":[[[-112.202929920345071,33.710775749309526,392.653161581106133],[-112.202918679590098,33.710772759112643,392.653161581106133],[-112.202918679590098,33.710772759112643,391.726849852711098],[-112.202929920345071,33.710775749309526,391.726849852711098],[-112.202929920345071,33.710775749309526,392.653161581106133]]]}},
{"type":"Feature","properties":{"id":7301184.0,"type":"R3-7R","creator":null,"traffic_sign_pole_id":null,"text":"RIGHT LANE MUST TURN RIGHT","train":null,"width":117.46,"height":104.15,"lane_id":null,"ground_height":null,"stop_line_id":null,"att_editor":null},"geometry":{"type":"Polygon","coordinates":[[[-112.212873308306342,33.725214607460174,396.255148057084],[-112.212873308306342,33.725214607460174,395.213663477390241],[-112.21287632827179,33.72520431958494,395.213663477390241],[-112.21287632827179,33.72520431958494,396.255148057084],[-112.212873308306342,33.725214607460174,396.255148057084]]]}},
{"type":"Feature","properties":{"id":7301186.0,"type":"R3-7R","creator":null,"traffic_sign_pole_id":null,"text":"RIGHT LANE MUST TURN RIGHT","train":null,"width":126.79,"height":121.68,"lane_id":null,"ground_height":null,"stop_line_id":null,"att_editor":null},"geometry":{"type":"Polygon","coordinates":[[[-112.219974966053385,33.725209157271458,392.131573086939511],[-112.219977012950523,33.72519785243982,392.131573086939511],[-112.219977012950523,33.72519785243982,390.914729609837877],[-112.219974966053385,33.725209157271458,390.914729609837877],[-112.219974966053385,33.725209157271458,392.131573086939511]]]}},
{"type":"Feature","properties":{"id":7301188.0,"type":"R3-7R","creator":null,"traffic_sign_pole_id":null,"text":"RIGHT LANE MUST TURN RIGHT","train":null,"width":103.73,"height":104.76,"lane_id":null,"ground_height":null,"stop_line_id":null,"att_editor":null},"geometry":{"type":"Polygon","coordinates":[[[-112.222181096857071,33.725199013031634,390.71387683540911],[-112.222181096857071,33.725199013031634,389.666292650054231],[-112.22218273799362,33.725189759968565,389.666292650054231],[-112.22218273799362,33.725189759968565,390.71387683540911],[-112.222181096857071,33.725199013031634,390.71387683540911]]]}},
{"type":"Feature","properties":{"id":7301190.0,"type":"R3-7R","creator":null,"traffic_sign_pole_id":null,"text":"RIGHT LANE MUST TURN RIGHT","train":null,"width":106.96,"height":84.77,"lane_id":null,"ground_height":null,"stop_line_id":null,"att_editor":null},"geometry":{"type":"Polygon","coordinates":[[[-112.228032597422455,33.725194016964849,391.474474792764397],[-112.228032597422455,33.725194016964849,390.626774799960174],[-112.228034618339507,33.725184520587263,390.626774799960174],[-112.228034618339507,33.725184520587263,391.474474792764397],[-112.228032597422455,33.725194016964849,391.474474792764397]]]}},
{"type":"Feature","properties":{"id":7301192.0,"type":"R3-7R","creator":null,"traffic_sign_pole_id":null,"text":"RIGHT LANE MUST TURN RIGHT","train":null,"width":111.53,"height":96.43,"lane_id":null,"ground_height":null,"stop_line_id":null,"att_editor":null},"geometry":{"type":"Polygon","coordinates":[[[-112.23124830191621,33.725174489989548,390.200399491307053],[-112.23124830191621,33.725174489989548,389.23606120553228],[-112.231250093360174,33.72516454473373,389.23606120553228],[-112.231250093360174,33.72516454473373,390.200399491307053],[-112.23124830191621,33.725174489989548,390.200399491307053]]]}},
{"type":"Feature","properties":{"id":7301194.0,"type":"R3-7R","creator":null,"traffic_sign_pole_id":null,"text":"RIGHT LANE MUST TURN RIGHT","train":null,"width":99.91,"height":93.08,"lane_id":null,"ground_height":null,"stop_line_id":null,"att_editor":null},"geometry":{"type":"Polygon","coordinates":[[[-112.23819467988379,33.725045954905553,394.040623853309626],[-112.23819467988379,33.725045954905553,393.109835688529529],[-112.238193214655112,33.725037029083119,393.109835688529529],[-112.238193214655112,33.725037029083119,394.040623853309626],[-112.23819467988379,33.725045954905553,394.040623853309626]]]}},
{"type":"Feature","properties":{"id":7301196.0,"type":"R3-7R","creator":null,"traffic_sign_pole_id":null,"text":"RIGHT LANE MUST TURN RIGHT","train":null,"width":123.22,"height":121.41,"lane_id":null,"ground_height":null,"stop_line_id":null,"att_editor":null},"geometry":{"type":"Polygon","coordinates":[[[-112.203318102999958,33.710885938704571,392.112865082659937],[-112.203304833030018,33.710885235289055,392.112865082659937],[-112.203304833030018,33.710885235289055,390.898768948514657],[-112.203318102999958,33.710885938704571,390.898768948514657],[-112.203318102999958,33.710885938704571,392.112865082659937]]]}},
{"type":"Feature","properties":{"id":7301198.0,"type":"R3-7R","creator":null,"traffic_sign_pole_id":null,"text":"RIGHT LANE MUST TURN RIGHT","train":null,"width":125.91,"height":124.95,"lane_id":null,"ground_height":null,"stop_line_id":null,"att_editor":null},"geometry":{"type":"Polygon","coordinates":[[[-112.221229571650269,33.724896466175409,391.268976851220032],[-112.221229571650269,33.724896466175409,390.019448236286905],[-112.221232133703936,33.724885315808187,390.019448236286905],[-112.221232133703936,33.724885315808187,391.268976851220032],[-112.221229571650269,33.724896466175409,391.268976851220032]]]}},
{"type":"Feature","properties":{"id":7301200.0,"type":"R3-7R","creator":null,"traffic_sign_pole_id":null,"text":"RIGHT LANE MUST TURN RIGHT","train":null,"width":105.05,"height":85.89,"lane_id":null,"ground_height":null,"stop_line_id":null,"att_editor":null},"geometry":{"type":"Polygon","coordinates":[[[-112.22187305059785,33.724941810083429,391.256716743015431],[-112.22187305059785,33.724941810083429,390.39780608342403],[-112.221874411529214,33.724932405570918,390.39780608342403],[-112.221874411529214,33.724932405570918,391.256716743015431],[-112.22187305059785,33.724941810083429,391.256716743015431]]]}},
{"type":"Feature","properties":{"id":7301202.0,"type":"R2-1","creator":null,"traffic_sign_pole_id":null,"text":"SPEED LIMIT 30","train":null,"width":102.87,"height":98.09,"lane_id":null,"ground_height":null,"stop_line_id":null,"att_editor":null},"geometry":{"type":"Polygon","coordinates":[[[-112.240054138763483,33.723470510448308,397.658060141991768],[-112.24004489811837,33.723465369552201,397.658060141991768],[-112.24004489811837,33.723465369552201,396.677158693284241],[-112.240054138763483,33.723470510448308,396.677158693284241],[-112.240054138763483,33.723470510448308,397.658060141991768]]]}},
{"type":"Feature","properties":{"id":7301204.0,"type":"R2-1","creator":null,"traffic_sign_pole_id":null,"text":"SPEED LIMIT 35","train":null,"width":91.24,"height":103.22,"lane_id":null,"ground_height":null,"stop_line_id":null,"att_editor":null},"geometry":{"type":"Polygon","coordinates":[[[-112.236272168588513,33.721905482656112,392.416737488720514],[-112.236279009573551,33.721899565331185,392.416737488720514],[-112.236279009573551,33.721899565331185,391.384504294835097],[-112.236272168588513,33.721905482656112,391.384504294835097],[-112.236272168588513,33.721905482656112,392.416737488720514]]]}},
{"type":"Feature","properties":{"id":7301206.0,"type":"R2-1","creator":null,"traffic_sign_pole_id":null,"text":"SPEED LIMIT 35","train":null,"width":81.48,"height":105.25,"lane_id":null,"ground_height":null,"stop_line_id":null,"att_editor":null},"geometry":{"type":"Polygon","coordinates":[[[-112.23295766180884,33.717575894038148,387.99896440422151],[-112.23295766180884,33.717575894038148,386.946437405063705],[-112.232948988171216,33.717577098307082,386.946437405063705],[-112.232948988171216,33.717577098307082,387.99896440422151],[-112.23295766180884,33.717575894038148,387.99896440422151]]]}},
{"type":"Feature","properties":{"id":7301208.0,"type":"R2-1","creator":null,"traffic_sign_pole_id":null,"text":"SPEED LIMIT 35","train":null,"width":88.94,"height":104.24,"lane_id":null,"ground_height":null,"stop_line_id":null,"att_editor":null},"geometry":{"type":"Polygon","coordinates":[[[-112.233830852306895,33.712043807702109,386.113858801594972],[-112.233830852306895,33.712043807702109,385.071491135269127],[-112.233823127699154,33.712039048267094,385.071491135269127],[-112.233823127699154,33.712039048267094,386.113858801594972],[-112.233830852306895,33.712043807702109,386.113858801594972]]]}},
{"type":"Feature","properties":{"id":7301210.0,"type":"R2-1","creator":null,"traffic_sign_pole_id":null,"text":"SPEED LIMIT 35","train":null,"width":84.87,"height":89.28,"lane_id":null,"ground_height":null,"stop_line_id":null,"att_editor":null},"geometry":{"type":"Polygon","coordinates":[[[-112.234713818089929,33.710382546144061,385.68554311002066],[-112.234713818089929,33.710382546144061,384.792790688041293],[-112.234707598689639,33.710376928074325,384.792790688041293],[-112.234707598689639,33.710376928074325,385.68554311002066],[-112.234713818089929,33.710382546144061,385.68554311002066]]]}},
{"type":"Feature","properties":{"id":7301212.0,"type":"R2-1","creator":null,"traffic_sign_pole_id":null,"text":"SPEED LIMIT 35","train":null,"width":89.39,"height":101.99,"lane_id":null,"ground_height":null,"stop_line_id":null,"att_editor":null},"geometry":{"type":"Polygon","coordinates":[[[-112.234018626802765,33.720069634518588,389.157309615387021],[-112.234018626802765,33.720069634518588,388.137370686812005],[-112.234010287987303,33.720073687539276,388.137370686812005],[-112.234010287987303,33.720073687539276,389.157309615387021],[-112.234018626802765,33.720069634518588,389.157309615387021]]]}},
{"type":"Feature","properties":{"id":7301214.0,"type":"R2-1","creator":null,"traffic_sign_pole_id":null,"text":"SPEED LIMIT 40","train":null,"width":94.63,"height":105.69,"lane_id":null,"ground_height":null,"stop_line_id":null,"att_editor":null},"geometry":{"type":"Polygon","coordinates":[[[-112.237322854181386,33.70788774281813,386.171850657081166],[-112.237322854181386,33.70788774281813,385.114960032576391],[-112.237313642096723,33.707884061925469,385.114960032576391],[-112.237313642096723,33.707884061925469,386.171850657081166],[-112.237322854181386,33.70788774281813,386.171850657081166]]]}},
{"type":"Feature","properties":{"id":7301216.0,"type":"R2-1","creator":null,"traffic_sign_pole_id":null,"text":"SPEED LIMIT 40","train":null,"width":80.83,"height":98.4,"lane_id":null,"ground_height":null,"stop_line_id":null,"att_editor":null},"geometry":{"type":"Polygon","coordinates":[[[-112.237780862876093,33.702822864757202,378.232429430202842],[-112.237780862876093,33.702822864757202,377.248397481860422],[-112.237772168979888,33.702822285661647,377.248397481860422],[-112.237772168979888,33.702822285661647,378.232429430202842],[-112.237780862876093,33.702822864757202,378.232429430202842]]]}},
{"type":"Feature","properties":{"id":7301218.0,"type":"R2-1","creator":null,"traffic_sign_pole_id":null,"text":"SPEED LIMIT 40","train":null,"width":85.99,"height":91.9,"lane_id":null,"ground_height":null,"stop_line_id":null,"att_editor":null},"geometry":{"type":"Polygon","coordinates":[[[-112.237530109577122,33.704264581489554,379.69214143599055],[-112.237530109577122,33.704264581489554,378.773181387979548],[-112.237520944624308,33.704263375895209,378.773181387979548],[-112.237520944624308,33.704263375895209,379.69214143599055],[-112.237530109577122,33.704264581489554,379.69214143599055]]]}},
{"type":"Feature","properties":{"id":7301220.0,"type":"R2-1","creator":null,"traffic_sign_pole_id":null,"text":"SPEED LIMIT 40","train":null,"width":106.91,"height":111.75,"lane_id":null,"ground_height":null,"stop_line_id":null,"att_editor":null},"geometry":{"type":"Polygon","coordinates":[[[-112.237487897962666,33.706429617902991,382.143392436807858],[-112.237487897962666,33.706429617902991,381.02584512047747],[-112.237476485699887,33.706428209574433,381.02584512047747],[-112.237476485699887,33.706428209574433,382.143392436807858],[-112.237487897962666,33.706429617902991,382.143392436807858]]]}},
{"type":"Feature","properties":{"id":7301222.0,"type":"R2-1","creator":null,"traffic_sign_pole_id":null,"text":"SPEED LIMIT 40","train":null,"width":99.87,"height":118.17,"lane_id":null,"ground_height":null,"stop_line_id":null,"att_editor":null},"geometry":{"type":"Polygon","coordinates":[[[-112.203038417559512,33.714262603289164,396.997937995324833],[-112.203027793811842,33.714261087781111,396.997937995324833],[-112.203027793811842,33.714261087781111,395.816199061681914],[-112.203038417559512,33.714262603289164,395.816199061681914],[-112.203038417559512,33.714262603289164,396.997937995324833]]]}},
{"type":"Feature","properties":{"id":7301224.0,"type":"R2-1","creator":null,"traffic_sign_pole_id":null,"text":"SPEED LIMIT 40","train":null,"width":116.7,"height":121.02,"lane_id":null,"ground_height":null,"stop_line_id":null,"att_editor":null},"geometry":{"type":"Polygon","coordinates":[[[-112.203056906575469,33.717363909929865,400.596835350172569],[-112.203044322501427,33.71736351004963,400.596835350172569],[-112.203044322501427,33.71736351004963,399.386587784756273],[-112.203056906575469,33.717363909929865,399.386587784756273],[-112.203056906575469,33.717363909929865,400.596835350172569]]]}},
{"type":"Feature","properties":{"id":7301226.0,"type":"R2-1","creator":null,"traffic_sign_pole_id":null,"text":"SPEED LIMIT 40","train":null,"width":104.12,"height":111.92,"lane_id":null,"ground_height":null,"stop_line_id":null,"att_editor":null},"geometry":{"type":"Polygon","coordinates":[[[-112.203065784499302,33.719375741635673,403.523263501543852],[-112.203054561219673,33.719375299416448,403.523263501543852],[-112.203054561219673,33.719375299416448,402.404061240343708],[-112.203065784499302,33.719375741635673,402.404061240343708],[-112.203065784499302,33.719375741635673,403.523263501543852]]]}},
{"type":"Feature","properties":{"id":7301228.0,"type":"R2-1","creator":null,"traffic_sign_pole_id":null,"text":"SPEED LIMIT 40","train":null,"width":85.24,"height":100.37,"lane_id":null,"ground_height":null,"stop_line_id":null,"att_editor":null},"geometry":{"type":"Polygon","coordinates":[[[-112.206774127798127,33.724978899623402,401.808016158565295],[-112.206774127798127,33.724978899623402,400.804288431876785],[-112.2067756538206,33.724971319566727,400.804288431876785],[-112.2067756538206,33.724971319566727,401.808016158565295],[-112.206774127798127,33.724978899623402,401.808016158565295]]]}},
{"type":"Feature","properties":{"id":7301230.0,"type":"R2-1","creator":null,"traffic_sign_pole_id":null,"text":"SPEED LIMIT 40","train":null,"width":89.66,"height":93.37,"lane_id":null,"ground_height":null,"stop_line_id":null,"att_editor":null},"geometry":{"type":"Polygon","coordinates":[[[-112.210153883552778,33.72497777252115,398.207927878925148],[-112.210153883552778,33.72497777252115,397.274264470145965],[-112.210156109514614,33.724969903651491,397.274264470145965],[-112.210156109514614,33.724969903651491,398.207927878925148],[-112.210153883552778,33.72497777252115,398.207927878925148]]]}},
{"type":"Feature","properties":{"id":7301232.0,"type":"R2-1","creator":null,"traffic_sign_pole_id":null,"text":"SPEED LIMIT 40","train":null,"width":74.82,"height":105.08,"lane_id":null,"ground_height":null,"stop_line_id":null,"att_editor":null},"geometry":{"type":"Polygon","coordinates":[[[-112.20969041891513,33.725171726704211,398.419735547402354],[-112.20969106886227,33.725165001343008,398.419735547402354],[-112.20969106886227,33.725165001343008,397.36889946490254],[-112.20969041891513,33.725171726704211,397.36889946490254],[-112.20969041891513,33.725171726704211,398.419735547402354]]]}},
{"type":"Feature","properties":{"id":7301234.0,"type":"R2-1","creator":null,"traffic_sign_pole_id":null,"text":"SPEED LIMIT 40","train":null,"width":106.13,"height":104.5,"lane_id":null,"ground_height":null,"stop_line_id":null,"att_editor":null},"geometry":{"type":"Polygon","coordinates":[[[-112.215254512083021,33.725162552997311,394.974571121026088],[-112.215254512083021,33.725162552997311,393.929552000105502],[-112.215255440782514,33.725153014008676,393.929552000105502],[-112.215255440782514,33.725153014008676,394.974571121026088],[-112.215254512083021,33.725162552997311,394.974571121026088]]]}},
{"type":"Feature","properties":{"id":7301236.0,"type":"R2-1","creator":null,"traffic_sign_pole_id":null,"text":"SPEED LIMIT 40","train":null,"width":82.18,"height":91.04,"lane_id":null,"ground_height":null,"stop_line_id":null,"att_editor":null},"geometry":{"type":"Polygon","coordinates":[[[-112.221544594628512,33.725150567815831,390.729874187253586],[-112.221544594628512,33.725150567815831,389.81947939989476],[-112.221544909219716,33.725143162008649,389.81947939989476],[-112.221544909219716,33.725143162008649,390.729874187253586],[-112.221544594628512,33.725150567815831,390.729874187253586]]]}},
{"type":"Feature","properties":{"id":7301238.0,"type":"R2-1","creator":null,"traffic_sign_pole_id":null,"text":"SPEED LIMIT 40","train":null,"width":84.88,"height":95.08,"lane_id":null,"ground_height":null,"stop_line_id":null,"att_editor":null},"geometry":{"type":"Polygon","coordinates":[[[-112.235047958003761,33.725123599756543,390.475565225523326],[-112.235047958003761,33.725123599756543,389.524809636506234],[-112.235048722438705,33.725115971740749,389.524809636506234],[-112.235048722438705,33.725115971740749,390.475565225523326],[-112.235047958003761,33.725123599756543,390.475565225523326]]]}},
{"type":"Feature","properties":{"id":7301240.0,"type":"R2-1","creator":null,"traffic_sign_pole_id":null,"text":"SPEED LIMIT 40","train":null,"width":103.36,"height":121.38,"lane_id":null,"ground_height":null,"stop_line_id":null,"att_editor":null},"geometry":{"type":"Polygon","coordinates":[[[-112.203351411311871,33.709917641013249,391.288789099002031],[-112.203351411311871,33.709917641013249,390.07503603192572],[-112.203340319802322,33.709916662319067,390.07503603192572],[-112.203340319802322,33.709916662319067,391.288789099002031],[-112.203351411311871,33.709917641013249,391.288789099002031]]]}},
{"type":"Feature","properties":{"id":7301242.0,"type":"R2-1","creator":null,"traffic_sign_pole_id":null,"text":"SPEED LIMIT 40","train":null,"width":109.32,"height":111.93,"lane_id":null,"ground_height":null,"stop_line_id":null,"att_editor":null},"geometry":{"type":"Polygon","coordinates":[[[-112.203305205578715,33.716727455267062,399.43777674118553],[-112.203305205578715,33.716727455267062,398.318483402708125],[-112.203293409035851,33.716727346119129,398.318483402708125],[-112.203293409035851,33.716727346119129,399.43777674118553],[-112.203305205578715,33.716727455267062,399.43777674118553]]]}},
{"type":"Feature","properties":{"id":7301244.0,"type":"R2-1","creator":null,"traffic_sign_pole_id":null,"text":"SPEED LIMIT 40","train":null,"width":101.42,"height":104.39,"lane_id":null,"ground_height":null,"stop_line_id":null,"att_editor":null},"geometry":{"type":"Polygon","coordinates":[[[-112.203317106431669,33.719753443276709,403.426016861679898],[-112.203317106431669,33.719753443276709,402.382078247139418],[-112.203306182480418,33.719754011232567,402.382078247139418],[-112.203306182480418,33.719754011232567,403.426016861679898],[-112.203317106431669,33.719753443276709,403.426016861679898]]]}},
{"type":"Feature","properties":{"id":7301246.0,"type":"R2-1","creator":null,"traffic_sign_pole_id":null,"text":"SPEED LIMIT 40","train":null,"width":104.18,"height":115.79,"lane_id":null,"ground_height":null,"stop_line_id":null,"att_editor":null},"geometry":{"type":"Polygon","coordinates":[[[-112.203332812759911,33.723266381805914,406.421880614371162],[-112.203332812759911,33.723266381805914,405.26399095387734],[-112.203321786403791,33.723264546615489,405.26399095387734],[-112.203321786403791,33.723264546615489,406.421880614371162],[-112.203332812759911,33.723266381805914,406.421880614371162]]]}},
{"type":"Feature","properties":{"id":7301248.0,"type":"R2-1","creator":null,"traffic_sign_pole_id":null,"text":"SPEED LIMIT 40","train":null,"width":97.22,"height":119.21,"lane_id":null,"ground_height":null,"stop_line_id":null,"att_editor":null},"geometry":{"type":"Polygon","coordinates":[[[-112.219458724985373,33.724944287431335,392.019788204086524],[-112.219458724985373,33.724944287431335,390.827694638338471],[-112.219459645223139,33.724935554055584,390.827694638338471],[-112.219459645223139,33.724935554055584,392.019788204086524],[-112.219458724985373,33.724944287431335,392.019788204086524]]]}},
{"type":"Feature","properties":{"id":7301250.0,"type":"R2-1","creator":null,"traffic_sign_pole_id":null,"text":"SPEED LIMIT 40","train":null,"width":99.59,"height":115.15,"lane_id":null,"ground_height":null,"stop_line_id":null,"att_editor":null},"geometry":{"type":"Polygon","coordinates":[[[-112.224475021351509,33.724937256035076,390.006969985774447],[-112.224475021351509,33.724937256035076,388.855452562676021],[-112.22447523051828,33.724928276393712,388.855452562676021],[-112.22447523051828,33.724928276393712,390.006969985774447],[-112.224475021351509,33.724937256035076,390.006969985774447]]]}},
{"type":"Feature","properties":{"id":7301252.0,"type":"R2-1","creator":null,"traffic_sign_pole_id":null,"text":"SPEED LIMIT 40","train":null,"width":93.78,"height":112.05,"lane_id":null,"ground_height":null,"stop_line_id":null,"att_editor":null},"geometry":{"type":"Polygon","coordinates":[[[-112.230318821982223,33.724926098651714,390.675504610924122],[-112.230318821982223,33.724926098651714,389.554967983993265],[-112.230319819331015,33.724917682556573,389.554967983993265],[-112.230319819331015,33.724917682556573,390.675504610924122],[-112.230318821982223,33.724926098651714,390.675504610924122]]]}},
{"type":"Feature","properties":{"id":7301254.0,"type":"R2-1","creator":null,"traffic_sign_pole_id":null,"text":"SPEED LIMIT 40","train":null,"width":81.68,"height":106.74,"lane_id":null,"ground_height":null,"stop_line_id":null,"att_editor":null},"geometry":{"type":"Polygon","coordinates":[[[-112.238993704190818,33.724406569196333,396.157560995982521],[-112.238993704190818,33.724406569196333,395.090120577156199],[-112.238987119714196,33.724401671934586,395.090120577156199],[-112.238987119714196,33.724401671934586,396.157560995982521],[-112.238993704190818,33.724406569196333,396.157560995982521]]]}},
{"type":"Feature","properties":{"id":7301256.0,"type":"R10-6","creator":null,"traffic_sign_pole_id":null,"text":"STOP HERE ON RED","train":null,"width":91.36,"height":106.62,"lane_id":null,"ground_height":null,"stop_line_id":null,"att_editor":null},"geometry":{"type":"Polygon","coordinates":[[[-112.226323672059593,33.725134889623078,390.732960353101021],[-112.226324638066856,33.725126690568032,390.732960353101021],[-112.226324638066856,33.725126690568032,389.666768688611626],[-112.226323672059593,33.725134889623078,389.666768688611626],[-112.226323672059593,33.725134889623078,390.732960353101021]]]}},
{"type":"Feature","properties":{"id":7301258.0,"type":"R10-6","creator":null,"traffic_sign_pole_id":null,"text":"STOP HERE ON RED","train":null,"width":80.84,"height":114.69,"lane_id":null,"ground_height":null,"stop_line_id":null,"att_editor":null},"geometry":{"type":"Polygon","coordinates":[[[-112.227045089765326,33.724930115504989,390.711356484130533],[-112.227045695958225,33.724922842762091,390.711356484130533],[-112.227045695958225,33.724922842762091,389.56449434421279],[-112.227045089765326,33.724930115504989,389.56449434421279],[-112.227045089765326,33.724930115504989,390.711356484130533]]]}},
{"type":"Feature","properties":{"id":7301260.0,"type":"W4-7","creator":null,"traffic_sign_pole_id":null,"text":"THRU TRAFFIC MERGE LEFT","train":null,"width":0.0,"height":138.79,"lane_id":null,"ground_height":null,"stop_line_id":null,"att_editor":null},"geometry":{"type":"Polygon","coordinates":[[[-112.205027571834933,33.724970659793051,404.100127890231875],[-112.205031746181575,33.724975518481109,404.824801412688885],[-112.205036307168101,33.724980827193896,404.161559188586239],[-112.205032132820932,33.724975968506008,403.436885666129228],[-112.205027571834933,33.724970659793051,404.100127890231875]]]}},
{"type":"Feature","properties":{"id":7301262.0,"type":"R2-1","creator":null,"traffic_sign_pole_id":null,"text":"SPEED LIMIT 45","train":null,"width":89.56,"height":91.1,"lane_id":null,"ground_height":null,"stop_line_id":null,"att_editor":null},"geometry":{"type":"Polygon","coordinates":[[[-112.314246069533553,33.72385520416357,383.831252177984766],[-112.314246069533553,33.723855204163577,382.920299307627999],[-112.314237066231954,33.723852266841014,382.920299307627999],[-112.314237066231954,33.723852266841014,383.831252177984766],[-112.314246069533553,33.72385520416357,383.831252177984766]]]}},
{"type":"Feature","properties":{"id":7301264.0,"type":"W3-3","creator":null,"traffic_sign_pole_id":null,"text":"novalue","train":null,"width":0.0,"height":155.22,"lane_id":null,"ground_height":null,"stop_line_id":null,"att_editor":null},"geometry":{"type":"Polygon","coordinates":[[[-112.312852099833975,33.713830076346404,372.680574822284484],[-112.312849208933187,33.713836725032174,373.44833483076593],[-112.312846379573458,33.71384323218075,372.663875256391634],[-112.312849270474658,33.713836583495031,371.896115247910132],[-112.312852099833975,33.713830076346404,372.680574822284484]]]}},
{"type":"Feature","properties":{"id":7301266.0,"type":"W11-19","creator":null,"traffic_sign_pole_id":null,"text":"novalue","train":null,"width":0.0,"height":163.41,"lane_id":null,"ground_height":null,"stop_line_id":null,"att_editor":null},"geometry":{"type":"Polygon","coordinates":[[[-112.314072516717872,33.714095082027001,375.857054045854056],[-112.314068385262189,33.714101782787957,376.655232705079982],[-112.314064440285989,33.714108181098915,375.819323927729044],[-112.314068571742268,33.71410148033808,375.021145268503062],[-112.314072516717872,33.714095082027001,375.857054045854056]]]}}
]
}
